fold,repeat,fold_in_repeat,mape_pct,mae,rmse,r2,feature_set,model
1,1,1,18.974841743958752,173.25,209.877345132818,-0.06607371104001691,F0 Capacity,Median Baseline
2,1,2,29.248205824701103,183.57142857142858,207.08210931898486,-2.442296035883137,F0 Capacity,Median Baseline
3,1,3,14.607268095088694,137.85714285714286,180.74409692000614,-0.025892234572711725,F0 Capacity,Median Baseline
4,1,4,16.32344499576096,151.85714285714286,181.22558948921724,-0.19368522710752045,F0 Capacity,Median Baseline
5,1,5,15.051118188605855,133.14285714285714,177.43811798563948,-0.05434914837692029,F0 Capacity,Median Baseline
6,2,1,19.834939719387965,211.5,255.36150845419127,-2.184485221404241,F0 Capacity,Median Baseline
7,2,2,14.588175390163697,145.28571428571428,201.65281337699494,-0.0986595721217467,F0 Capacity,Median Baseline
8,2,3,23.662092424292855,153.0,194.40495290574702,-0.21007108029237154,F0 Capacity,Median Baseline
9,2,4,20.402265223825022,169.71428571428572,198.357541539802,-0.0012984045205250982,F0 Capacity,Median Baseline
10,2,5,22.22003034838376,157.85714285714286,162.9474060636043,-1.7831420919327785,F0 Capacity,Median Baseline
11,3,1,21.460690464514467,138.25,172.9978323563622,-0.3796469432383609,F0 Capacity,Median Baseline
12,3,2,15.46044778274352,138.0,176.79770522104798,-0.06602679658952493,F0 Capacity,Median Baseline
13,3,3,18.727383788256535,186.57142857142858,223.1469727076113,-0.16249443750422854,F0 Capacity,Median Baseline
14,3,4,21.326652676236645,196.57142857142858,225.75081078797606,-0.07996339587978762,F0 Capacity,Median Baseline
15,3,5,15.813922570840358,115.28571428571429,139.96275014649945,-0.3900797650493537,F0 Capacity,Median Baseline
16,4,1,17.133100378598748,145.375,169.73545593069232,-0.0006648131495157195,F0 Capacity,Median Baseline
17,4,2,17.70721769577725,184.14285714285714,231.268242523698,-0.34172794832885867,F0 Capacity,Median Baseline
18,4,3,14.030172054470459,108.42857142857143,138.28800175203713,-0.04791848858093095,F0 Capacity,Median Baseline
19,4,4,26.86872300537269,165.0,201.96357521663583,-2.0071090047393363,F0 Capacity,Median Baseline
20,4,5,18.69017530601104,179.57142857142858,214.04839239226789,-0.2139319273831526,F0 Capacity,Median Baseline
21,5,1,18.760005080005932,169.625,201.75139404722833,-0.00047046497685898636,F0 Capacity,Median Baseline
22,5,2,29.28752883664164,246.71428571428572,263.77669126960944,-0.05374508567613678,F0 Capacity,Median Baseline
23,5,3,13.358165001692917,98.28571428571429,128.78220817666212,-0.18476736421925533,F0 Capacity,Median Baseline
24,5,4,18.710866362236025,134.85714285714286,165.13630733427462,-0.23471882640586794,F0 Capacity,Median Baseline
25,5,5,16.974474135722577,159.85714285714286,187.9661823687594,-0.701945914699845,F0 Capacity,Median Baseline
26,6,1,21.573961918866285,197.25,222.37637014754964,-0.09740012066657888,F0 Capacity,Median Baseline
27,6,2,10.82276874580516,75.57142857142857,110.15897603009934,-0.1433013001695873,F0 Capacity,Median Baseline
28,6,3,18.802198037624123,151.28571428571428,179.8042586497089,-0.027251375375780373,F0 Capacity,Median Baseline
29,6,4,21.871943669587367,164.71428571428572,205.02787266961673,-0.0883913587501004,F0 Capacity,Median Baseline
30,6,5,19.070819342974524,173.42857142857142,205.7626927173284,-0.13454084088025553,F0 Capacity,Median Baseline
31,7,1,20.294992286415365,185.5,223.89953104015203,-0.04923213771812773,F0 Capacity,Median Baseline
32,7,2,25.94482574242668,192.71428571428572,218.90669897731055,-0.048943367197879395,F0 Capacity,Median Baseline
33,7,3,18.81324207789947,181.85714285714286,221.37072977247917,-0.22908566584974865,F0 Capacity,Median Baseline
34,7,4,12.111690719197345,102.28571428571429,114.25910404489814,-0.04731484179816037,F0 Capacity,Median Baseline
35,7,5,16.900958714035028,114.71428571428571,145.58012030689983,-1.5156854100250965,F0 Capacity,Median Baseline
36,8,1,26.6815431956933,174.0,197.95643460115159,-0.9257157073224669,F0 Capacity,Median Baseline
37,8,2,15.03114057886308,155.14285714285714,203.96008012774038,-0.25147563891143454,F0 Capacity,Median Baseline
38,8,3,16.179418988428136,120.42857142857143,151.8424935818128,-0.06521796523041123,F0 Capacity,Median Baseline
39,8,4,15.741136950210871,152.14285714285714,197.36224852503364,-0.141892296131793,F0 Capacity,Median Baseline
40,8,5,18.852853432684505,170.14285714285714,200.0703447718898,-0.054721453545835796,F0 Capacity,Median Baseline
41,9,1,18.315228684956725,186.125,225.5429559973,-0.5105664990917549,F0 Capacity,Median Baseline
42,9,2,18.165077773717737,138.42857142857142,183.89942903663405,-0.05542619415504424,F0 Capacity,Median Baseline
43,9,3,13.490063417521295,131.42857142857142,178.32634610254794,-0.10332438805061295,F0 Capacity,Median Baseline
44,9,4,24.11997002106975,179.42857142857142,208.5829742401262,-0.022375046758553063,F0 Capacity,Median Baseline
45,9,5,20.14435722314032,145.57142857142858,164.34936655099796,-0.4074603026062247,F0 Capacity,Median Baseline
46,10,1,25.35148709958181,215.375,229.5988349273576,-0.011877215487138049,F0 Capacity,Median Baseline
47,10,2,14.506668897733272,124.14285714285714,173.82298056191698,-0.0025196609393642877,F0 Capacity,Median Baseline
48,10,3,16.839300154901125,122.57142857142857,145.47066469125068,-0.10214450311641698,F0 Capacity,Median Baseline
49,10,4,20.01358225188815,156.71428571428572,199.94677863300095,-0.0004908079485352879,F0 Capacity,Median Baseline
50,10,5,14.38038990075319,133.14285714285714,174.58113136467935,-0.030427432987201186,F0 Capacity,Median Baseline
1,1,1,18.732361119414293,167.78994615922778,201.72174127751677,0.015169416703295857,F0 Capacity,Linear Regression
2,1,2,32.96129879946482,207.00471168560452,234.19178879810661,-3.4025711602755973,F0 Capacity,Linear Regression
3,1,3,12.988366166273183,128.66807297713646,182.87352346920218,-0.05020761579182209,F0 Capacity,Linear Regression
4,1,4,21.84376042429569,227.617347461575,376.1085557154438,-4.141350390332612,F0 Capacity,Linear Regression
5,1,5,13.827787964618544,122.16411331977942,163.66086210844216,0.10302513007884906,F0 Capacity,Linear Regression
6,2,1,19.951308340398903,224.118286259047,367.78456555478226,-5.60564707957953,F0 Capacity,Linear Regression
7,2,2,12.590669823550368,130.38691144523492,192.7352894742752,-0.003637901757774342,F0 Capacity,Linear Regression
8,2,3,26.006828644725672,167.35012055834957,208.6649303718272,-0.39410395913366414,F0 Capacity,Linear Regression
9,2,4,22.14460930691802,183.73166214536224,205.2101824676792,-0.0716769831480033,F0 Capacity,Linear Regression
10,2,5,21.672999654156705,152.5297449705715,162.90736488024072,-1.781774452970382,F0 Capacity,Linear Regression
11,3,1,23.97652400938807,157.0894725492251,185.66821888134658,-0.5891386211400327,F0 Capacity,Linear Regression
12,3,2,13.470476368690813,119.75924630158275,158.4115088858449,0.1441683652500323,F0 Capacity,Linear Regression
13,3,3,22.386017313773447,239.75737721721143,375.1659735794028,-2.285910795604736,F0 Capacity,Linear Regression
14,3,4,21.62124739416143,199.73031134756502,232.11828582387437,-0.1417449717238699,F0 Capacity,Linear Regression
15,3,5,16.201150946980462,121.54572817924965,138.4811792050284,-0.36080624204484746,F0 Capacity,Linear Regression
16,4,1,17.333670702410675,145.99073097046517,162.6241937939018,0.08142673891758767,F0 Capacity,Linear Regression
17,4,2,17.87176869680038,186.74745020886394,231.05837627383562,-0.3392939293109465,F0 Capacity,Linear Regression
18,4,3,18.37469098558438,141.50642032330157,165.65211371037768,-0.503669754015382,F0 Capacity,Linear Regression
19,4,4,29.918234077403955,185.94618331448638,219.8156848812301,-2.5622174538033677,F0 Capacity,Linear Regression
20,4,5,24.17877173175294,253.61629885256943,405.7153418548913,-3.3612728129160896,F0 Capacity,Linear Regression
21,5,1,17.10625848355518,157.45335962694423,189.52468234662422,0.11711784552784277,F0 Capacity,Linear Regression
22,5,2,36.38565741396548,338.1686026418559,499.9412927851866,-2.785303858317404,F0 Capacity,Linear Regression
23,5,3,17.722356169312885,132.20553268678887,151.7144369881218,-0.6442777008763625,F0 Capacity,Linear Regression
24,5,4,18.122243450254786,132.65230488810485,156.49962717670306,-0.10894382443389716,F0 Capacity,Linear Regression
25,5,5,11.01736919687829,104.16847778307263,144.64413267245672,-0.00783156513888561,F0 Capacity,Linear Regression
26,6,1,24.725634232015476,247.55909599436566,366.62774432249665,-1.982897865466517,F0 Capacity,Linear Regression
27,6,2,11.480201522962826,81.07136587214677,113.54435392862663,-0.21465237507718404,F0 Capacity,Linear Regression
28,6,3,18.529486949894736,149.00036415477885,177.61483907548694,-0.0023866575779543098,F0 Capacity,Linear Regression
29,6,4,22.730975429734755,174.0887300575247,207.32588786706341,-0.11292613659650974,F0 Capacity,Linear Regression
30,6,5,19.745981962780984,175.21448215217563,208.24483808319783,-0.1620782018782907,F0 Capacity,Linear Regression
31,7,1,18.90086122145314,176.56759311653286,223.40359998452485,-0.044589247019764855,F0 Capacity,Linear Regression
32,7,2,25.772704166582493,190.54793000659487,218.97930284047996,-0.04963927984424976,F0 Capacity,Linear Regression
33,7,3,26.764890057392805,264.8364137783807,381.26936785775246,-2.6459070210258466,F0 Capacity,Linear Regression
34,7,4,12.020587400760197,98.78071582341985,116.95487236235172,-0.09731740612408779,F0 Capacity,Linear Regression
35,7,5,14.77900527513809,101.69369309187037,127.4935006496571,-0.9294266593523839,F0 Capacity,Linear Regression
36,8,1,28.109228901683448,185.98319875790398,206.3152259375859,-1.0917774949823973,F0 Capacity,Linear Regression
37,8,2,20.03335508818782,220.99410684361473,381.28573431134896,-3.373540629817475,F0 Capacity,Linear Regression
38,8,3,16.000097076732274,119.02793746744881,151.71257515406174,-0.06339591614223594,F0 Capacity,Linear Regression
39,8,4,14.520138857710593,143.54487570184241,186.04988877387868,-0.014742391452479353,F0 Capacity,Linear Regression
40,8,5,19.936267942022237,177.29749656273978,197.15882801495053,-0.02424722160530468,F0 Capacity,Linear Regression
41,9,1,22.002641467140474,235.33113537085725,385.7054348702971,-3.4176655102356976,F0 Capacity,Linear Regression
42,9,2,22.369942259395994,170.348679397163,202.06551125582308,-0.2742407653462766,F0 Capacity,Linear Regression
43,9,3,13.150329293799928,128.6943952187145,175.1423257754654,-0.06427637356628102,F0 Capacity,Linear Regression
44,9,4,27.484633073881113,205.31987191689106,222.71975733603597,-0.1656549674768193,F0 Capacity,Linear Regression
45,9,5,18.454681834833945,133.03603558009826,149.22294442080192,-0.16030268059929242,F0 Capacity,Linear Regression
46,10,1,25.307249967674945,242.5828791107393,360.0490135033395,-1.4883513839403668,F0 Capacity,Linear Regression
47,10,2,12.128954578881332,106.49490508130211,158.9282899774317,0.1619287653035849,F0 Capacity,Linear Regression
48,10,3,16.87784647008124,122.152988734037,151.28546867075246,-0.19201610345349596,F0 Capacity,Linear Regression
49,10,4,21.73699204506791,170.66895919279315,208.3871403294266,-0.08674114374040132,F0 Capacity,Linear Regression
50,10,5,18.340530501879204,165.2240106747647,183.52105561969117,-0.1386614102408137,F0 Capacity,Linear Regression
1,1,1,18.54209641220961,169.06378369874358,207.82212813122518,-0.045296955892666135,F0 Capacity,Ridge
2,1,2,32.53348128933343,203.9551559526224,231.13912019075735,-3.28854496899757,F0 Capacity,Ridge
3,1,3,13.05095203647865,127.0458953398098,179.1835335987293,-0.00825339214063292,F0 Capacity,Ridge
4,1,4,16.760724984197577,162.02270386496443,219.2083662401287,-0.7464856736778789,F0 Capacity,Ridge
5,1,5,14.313144917957269,125.5655233999802,172.41174760617574,0.004538851728214333,F0 Capacity,Ridge
6,2,1,16.1935083911118,178.50881956146867,244.95816647625006,-1.9303008618543132,F0 Capacity,Ridge
7,2,2,13.905903988484031,140.97480319458325,201.46071152281436,-0.09656732249484579,F0 Capacity,Ridge
8,2,3,24.78079667269915,158.25586621966553,202.908294871544,-0.3182440921653513,F0 Capacity,Ridge
9,2,4,20.727214600999794,172.45026442101724,198.18479036830757,0.00044491361290355247,F0 Capacity,Ridge
10,2,5,23.42712414080384,165.47776131820302,172.5392161877497,-2.120442026498846,F0 Capacity,Ridge
11,3,1,23.040589136492088,146.73314399208388,186.72460540110188,-0.6072733386399085,F0 Capacity,Ridge
12,3,2,14.773467743010674,130.75878525886148,170.6681366051085,0.006610036707333511,F0 Capacity,Ridge
13,3,3,19.350686991887535,199.59098013191928,256.3523164243642,-0.5342049402922555,F0 Capacity,Ridge
14,3,4,21.29797594306763,198.14991012117284,229.05194407131867,-0.11177873408718675,F0 Capacity,Ridge
15,3,5,16.090410361706866,118.0588516412836,138.45600366330956,-0.3603115044868641,F0 Capacity,Ridge
16,4,1,16.368241858422856,138.9025980282645,165.94467843626697,0.043532657909823747,F0 Capacity,Ridge
17,4,2,17.926990978434194,187.45585967655234,233.9178557049783,-0.3726481038333229,F0 Capacity,Ridge
18,4,3,14.813811898060672,113.63486049153956,143.65082477481872,-0.1307712243776018,F0 Capacity,Ridge
19,4,4,30.3307159895058,188.71196735893128,221.84976697103966,-2.628449012487964,F0 Capacity,Ridge
20,4,5,19.776463619214894,195.9771524697691,250.1309964810128,-0.6576980231346095,F0 Capacity,Ridge
21,5,1,17.354768258076042,158.88550145813235,197.21409508331894,0.04402378702796661,F0 Capacity,Ridge
22,5,2,26.66520988242345,245.54350793014308,280.88540450508236,-0.1948711497463107,F0 Capacity,Ridge
23,5,3,14.771001214370774,108.64222128369849,135.59477090446535,-0.3134309045854886,F0 Capacity,Ridge
24,5,4,19.32460224616043,139.09144665397216,166.56618223205072,-0.2561936549561139,F0 Capacity,Ridge
25,5,5,12.53606088852506,115.3510568532591,154.04219958410607,-0.14305133599300124,F0 Capacity,Ridge
26,6,1,22.279873258956034,210.38151289561068,248.69594961043512,-0.3725404554014624,F0 Capacity,Ridge
27,6,2,10.914381860006843,75.11321581603396,114.15882903581962,-0.22783476981623263,F0 Capacity,Ridge
28,6,3,18.914287642847107,151.67048772513257,178.79347751884083,-0.015734320042183114,F0 Capacity,Ridge
29,6,4,21.857965847727428,164.16958331787828,203.3601443161945,-0.07075708506765066,F0 Capacity,Ridge
30,6,5,18.855845095796695,170.3023737037191,204.83582541347428,-0.12434268127277548,F0 Capacity,Ridge
31,7,1,19.73166525018495,183.40594530159908,225.82994134297573,-0.06740260904631978,F0 Capacity,Ridge
32,7,2,26.25566682330909,194.0059636495404,220.0898086623091,-0.06031230817671074,F0 Capacity,Ridge
33,7,3,20.01104913405812,195.9469612475872,253.1509456115472,-0.6073145206374244,F0 Capacity,Ridge
34,7,4,11.536283266090097,95.49520078496296,112.72482272463934,-0.01937681483814213,F0 Capacity,Ridge
35,7,5,17.408766502801125,119.03542544493156,146.61315570501625,-1.5515146506898763,F0 Capacity,Ridge
36,8,1,29.110803487702867,190.21705043610552,211.973485385386,-1.208086121690532,F0 Capacity,Ridge
37,8,2,16.140741744120632,172.1328330562574,243.41652592522215,-0.7825108084068211,F0 Capacity,Ridge
38,8,3,16.266481265112937,119.5223823489779,153.84264153840738,-0.09346600208209299,F0 Capacity,Ridge
39,8,4,14.924087480429712,145.1905647635629,193.05776294142342,-0.09262595590317702,F0 Capacity,Ridge
40,8,5,18.513760363141103,167.54316352321626,199.4401252085772,-0.04808719512149007,F0 Capacity,Ridge
41,9,1,18.13678703860855,187.1245183171198,243.3459257832127,-0.7584477633034084,F0 Capacity,Ridge
42,9,2,19.227470925625408,145.5492036030443,188.04040923468065,-0.10349274491796234,F0 Capacity,Ridge
43,9,3,13.193063937409097,129.76451083046754,179.33383028991426,-0.11582643199069387,F0 Capacity,Ridge
44,9,4,25.06233482377324,185.95544485297432,211.7523007625853,-0.05368016527789954,F0 Capacity,Ridge
45,9,5,20.792401026806107,149.22232338122754,166.50323675159257,-0.4445928008612485,F0 Capacity,Ridge
46,10,1,24.937787982883822,219.6261683149669,248.48808178724104,-0.18522167230551223,F0 Capacity,Ridge
47,10,2,13.397291605872688,115.79892356110845,168.55578211891824,0.0573166778393811,F0 Capacity,Ridge
48,10,3,16.847989974353624,120.48127471387068,149.94309892236282,-0.1709562179617361,F0 Capacity,Ridge
49,10,4,20.233878030550407,158.65318312082883,201.63944410948326,-0.017501979380085686,F0 Capacity,Ridge
50,10,5,14.157830874228928,130.90511238350751,174.02152742721236,-0.02383213743878354,F0 Capacity,Ridge
1,1,1,18.690908577778995,170.68658856829177,208.79288973066062,-0.05508517358817833,F0 Capacity,ElasticNet
2,1,2,32.42617316112749,203.26635791792634,230.44273608159145,-3.2627425372211043,F0 Capacity,ElasticNet
3,1,3,13.448454596823629,130.14303281522808,180.2613675106796,-0.020419668269848312,F0 Capacity,ElasticNet
4,1,4,16.606179778580557,158.72864938937533,206.9862380094199,-0.5571617223464951,F0 Capacity,ElasticNet
5,1,5,14.463568599820228,126.82990015756475,173.54650694936566,-0.00860788818661562,F0 Capacity,ElasticNet
6,2,1,16.104465439179254,176.5561282841046,236.54676384839883,-1.732513959987311,F0 Capacity,ElasticNet
7,2,2,14.142408996427688,143.0330229230745,202.76735982225364,-0.11083784089935844,F0 Capacity,ElasticNet
8,2,3,24.60972992385551,157.0379170384834,202.18838134208352,-0.3089064925860716,F0 Capacity,ElasticNet
9,2,4,20.624326717861532,171.69476098222216,198.29115810808946,-0.0006283165450593486,F0 Capacity,ElasticNet
10,2,5,23.60967482801068,166.8247747524178,173.7395553457283,-2.1640102968623527,F0 Capacity,ElasticNet
11,3,1,22.892845515277436,145.3984063136063,186.79860597640476,-0.6085475437162005,F0 Capacity,ElasticNet
12,3,2,14.920516460045057,132.07595924514447,172.1954006901965,-0.011248682738130178,F0 Capacity,ElasticNet
13,3,3,19.1571387519688,196.53726062037293,247.6621840572578,-0.4319514107959308,F0 Capacity,ElasticNet
14,3,4,21.286235839888008,198.18561417145585,229.04062753615693,-0.11166887977106499,F0 Capacity,ElasticNet
15,3,5,16.085515406523868,117.75085195384763,139.3377373892815,-0.37769250193685777,F0 Capacity,ElasticNet
16,4,1,16.47871659139066,139.8527982324954,167.06131899528032,0.030617225832772377,F0 Capacity,ElasticNet
17,4,2,17.900844278029997,187.2250675651689,234.17101141416506,-0.3756207861817369,F0 Capacity,ElasticNet
18,4,3,14.49560905894855,111.20118782554214,142.16881106087712,-0.10755974695395176,F0 Capacity,ElasticNet
19,4,4,30.330204468594612,188.7904160127767,221.67116457542645,-2.622609125114066,F0 Capacity,ElasticNet
20,4,5,19.50464792209062,191.66018511890357,239.02688006120005,-0.5137838885278045,F0 Capacity,ElasticNet
21,5,1,17.705926795556362,161.85236623463783,198.71750630427272,0.029392951184755822,F0 Capacity,ElasticNet
22,5,2,27.455742161472568,246.36669568341858,273.2902952345925,-0.13112642731780744,F0 Capacity,ElasticNet
23,5,3,14.473965422683191,106.27438132954403,134.52875802544756,-0.29286033988937743,F0 Capacity,ElasticNet
24,5,4,19.456768702567548,139.832478302505,167.9977414031664,-0.27787925004822833,F0 Capacity,ElasticNet
25,5,5,12.726008090498267,116.81645300750355,155.34581682184876,-0.1624798639003251,F0 Capacity,ElasticNet
26,6,1,22.106989855881174,207.53639480696768,241.66498194348026,-0.29603036909254876,F0 Capacity,ElasticNet
27,6,2,10.870777472229829,74.65419689840996,114.60178065580797,-0.23738158370849094,F0 Capacity,ElasticNet
28,6,3,18.952066388018658,151.9378819929017,179.37444452475108,-0.022346047451169415,F0 Capacity,ElasticNet
29,6,4,22.076583889145567,165.62731565404107,204.31490745516678,-0.08083496204618612,F0 Capacity,ElasticNet
30,6,5,18.903580701096033,170.99162610628926,204.84025884184837,-0.12439135192576467,F0 Capacity,ElasticNet
31,7,1,19.78214994283366,183.8086762637384,225.91614585327233,-0.06821766909341531,F0 Capacity,ElasticNet
32,7,2,26.284641625668385,194.28389875079804,219.86034967738888,-0.0581025615306332,F0 Capacity,ElasticNet
33,7,3,19.69297789354724,192.3206513933475,243.47534219978166,-0.4867971845527419,F0 Capacity,ElasticNet
34,7,4,11.498694649106337,95.28436874981038,112.57477164264778,-0.016664780582448024,F0 Capacity,ElasticNet
35,7,5,17.728894190430754,121.13341441196192,149.54878421690603,-1.6547153229546745,F0 Capacity,ElasticNet
36,8,1,29.17431696827748,190.47698342302496,212.47971547489374,-1.2186453138874365,F0 Capacity,ElasticNet
37,8,2,15.885060197619104,168.51656062727676,233.52540027446932,-0.6405909162371268,F0 Capacity,ElasticNet
38,8,3,16.318103740979492,119.78057133530648,154.5597099152874,-0.10368315936513328,F0 Capacity,ElasticNet
39,8,4,15.205894455780136,147.47144370943246,194.39717780938793,-0.1078396014246632,F0 Capacity,ElasticNet
40,8,5,18.615448941948667,168.7664463922967,200.25425910245974,-0.05666144667618789,F0 Capacity,ElasticNet
41,9,1,18.027890960339445,184.66450851725565,234.9496290141788,-0.6391958274680334,F0 Capacity,ElasticNet
42,9,2,18.936549569276558,143.2645814737536,187.26833522011466,-0.09444969921110302,F0 Capacity,ElasticNet
43,9,3,13.303781222177818,130.84456195136394,180.1207839607215,-0.1256408697339928,F0 Capacity,ElasticNet
44,9,4,24.762193407583514,183.66265233892494,210.4557659572855,-0.040816544283332146,F0 Capacity,ElasticNet
45,9,5,21.07464441292304,151.2059602014446,169.00138913950897,-0.4882662533052131,F0 Capacity,ElasticNet
46,10,1,25.022499316814557,218.5919253418125,242.61910097058245,-0.1298959066239045,F0 Capacity,ElasticNet
47,10,2,13.706670432800475,118.24979166767741,170.2411621416692,0.038370751700003036,F0 Capacity,ElasticNet
48,10,3,16.85925629611399,120.46614259180369,150.15965558916525,-0.17434098850175994,F0 Capacity,ElasticNet
49,10,4,20.06765435892827,157.4402053821812,200.64299402926105,-0.0074703633706494355,F0 Capacity,ElasticNet
50,10,5,13.940820028936798,129.2553898436032,174.31303199922456,-0.027265065797337895,F0 Capacity,ElasticNet
1,1,1,17.06579133929885,151.18747000764046,165.99174659448704,0.33314855051117553,F0 Capacity,Gradient Boosting
2,1,2,25.173883671588026,165.36071694415313,184.6847003822016,-1.7379461051919733,F0 Capacity,Gradient Boosting
3,1,3,12.527035505649192,108.43518900514661,124.17733834328249,0.5157627531844862,F0 Capacity,Gradient Boosting
4,1,4,14.571235880979602,151.38473362532451,206.54521275041577,-0.5505331074934143,F0 Capacity,Gradient Boosting
5,1,5,12.671811371459432,107.4449159717062,145.17334759756415,0.29422805689596954,F0 Capacity,Gradient Boosting
6,2,1,16.380385314621794,175.1373984632902,229.50054953786753,-1.5721472481990104,F0 Capacity,Gradient Boosting
7,2,2,12.750720982749014,119.0360972009261,134.16083527542656,0.5136979728891671,F0 Capacity,Gradient Boosting
8,2,3,18.742519117039723,120.34382546112117,151.37627149110176,0.2663112850537711,F0 Capacity,Gradient Boosting
9,2,4,13.792746823941412,119.06569997133995,143.83872312315927,0.4734765377184732,F0 Capacity,Gradient Boosting
10,2,5,22.45047435891904,161.69208054460842,177.19383533350282,-2.291074350398803,F0 Capacity,Gradient Boosting
11,3,1,17.63415842908486,122.64058032718978,144.06796377342022,0.04319931839614055,F0 Capacity,Gradient Boosting
12,3,2,11.508468672610125,92.75965478077782,113.8775851678044,0.5577260373907245,F0 Capacity,Gradient Boosting
13,3,3,14.677840761190113,148.18439511999506,197.46814257073257,0.08966138137308455,F0 Capacity,Gradient Boosting
14,3,4,19.79373007866671,180.32390070884247,203.31195928681515,0.1240561868647535,F0 Capacity,Gradient Boosting
15,3,5,13.565081279427904,105.81172210662939,124.92447705008286,-0.10741363615320054,F0 Capacity,Gradient Boosting
16,4,1,15.31676459498977,128.97401485238967,142.8638053552624,0.2910952048479135,F0 Capacity,Gradient Boosting
17,4,2,10.516437161790481,110.77134943677586,140.56233421530033,0.5043553905322978,F0 Capacity,Gradient Boosting
18,4,3,13.018870216819511,93.96097814250854,127.57870777690589,0.10810259915138998,F0 Capacity,Gradient Boosting
19,4,4,24.64490966271117,157.69559455058175,178.40954652350007,-1.3466009903638394,F0 Capacity,Gradient Boosting
20,4,5,20.0115011933111,206.1785519179055,259.068436753466,-0.7782769618608776,F0 Capacity,Gradient Boosting
21,5,1,16.214373975950252,140.50161704133345,159.01125345011226,0.3785203594883746,F0 Capacity,Gradient Boosting
22,5,2,21.584631786310567,189.45379086676186,218.35927513159368,0.27788558008686415,F0 Capacity,Gradient Boosting
23,5,3,14.945891975968761,115.17149194309083,132.77450133353116,-0.2593623502585216,F0 Capacity,Gradient Boosting
24,5,4,12.68008621134055,85.71111642708321,118.8794900805548,0.3601225590051287,F0 Capacity,Gradient Boosting
25,5,5,11.153974656682914,112.55898727753876,151.3833524005434,-0.10393257801484901,F0 Capacity,Gradient Boosting
26,6,1,15.362872492128385,148.14557042924605,194.07181450924435,0.16418018572865456,F0 Capacity,Gradient Boosting
27,6,2,15.17268393310481,112.85591404787252,138.81717849967131,-0.8155463582635771,F0 Capacity,Gradient Boosting
28,6,3,17.383294776051223,144.44148875688083,163.83326058292147,0.14713374126312717,F0 Capacity,Gradient Boosting
29,6,4,17.31476170699629,131.4619534951468,144.06198491997424,0.4626489986520179,F0 Capacity,Gradient Boosting
30,6,5,16.39420699102658,140.32692755906197,159.27300614601023,0.3202155609591354,F0 Capacity,Gradient Boosting
31,7,1,15.73578306530611,143.74013281705783,173.1298771802036,0.3726509301220231,F0 Capacity,Gradient Boosting
32,7,2,21.127430737245557,159.17281269975106,178.37119559390348,0.30356051818816054,F0 Capacity,Gradient Boosting
33,7,3,15.949674120131899,151.73284511238995,201.77538910455058,-0.021123208649068692,F0 Capacity,Gradient Boosting
34,7,4,18.664107216135516,160.6169762838736,162.54182331051493,-1.1194632170985455,F0 Capacity,Gradient Boosting
35,7,5,19.849801038888025,143.1423074791149,171.94896894633817,-2.5095492005012785,F0 Capacity,Gradient Boosting
36,8,1,23.906244113917293,169.1867590332613,174.8888097951609,-0.503062261899546,F0 Capacity,Gradient Boosting
37,8,2,15.209354088497278,157.17058092652982,202.11976899161436,-0.22899364916198572,F0 Capacity,Gradient Boosting
38,8,3,11.260792138175837,82.46692522370871,110.61244702163235,0.43472493558295566,F0 Capacity,Gradient Boosting
39,8,4,12.107552384632939,118.59344400821776,150.12471154309677,0.339304504186129,F0 Capacity,Gradient Boosting
40,8,5,16.745026628962737,142.1359125105712,165.5025196366782,0.2782586981313563,F0 Capacity,Gradient Boosting
41,9,1,18.718972782430647,187.34034288417115,218.84344864299177,-0.42215984692915587,F0 Capacity,Gradient Boosting
42,9,2,21.10675046477309,159.29835119379888,183.63725737550294,-0.05241905484307341,F0 Capacity,Gradient Boosting
43,9,3,10.702990719365825,98.29560701695607,116.9445791965591,0.5255041842896615,F0 Capacity,Gradient Boosting
44,9,4,17.05199856608947,129.35406276761987,144.61079271240067,0.5085787380098905,F0 Capacity,Gradient Boosting
45,9,5,13.079234566798528,91.29381895564346,118.03693304209132,0.2740011734422263,F0 Capacity,Gradient Boosting
46,10,1,19.965288982401873,176.24408162091584,209.6549302883008,0.15627947017310473,F0 Capacity,Gradient Boosting
47,10,2,13.74474799945071,112.18918929267954,131.23894575595963,0.42851612672814476,F0 Capacity,Gradient Boosting
48,10,3,15.347579855870572,119.27011739426526,140.49381581278536,-0.028021289635687507,F0 Capacity,Gradient Boosting
49,10,4,11.989716502721091,92.86033659770119,103.45923152016051,0.7321308027440472,F0 Capacity,Gradient Boosting
50,10,5,12.170651987539996,111.42931699894163,130.53175210097118,0.4239566860862316,F0 Capacity,Gradient Boosting
1,1,1,18.974841743958752,173.25,209.877345132818,-0.06607371104001691,F1 ΔQ,Median Baseline
2,1,2,29.248205824701103,183.57142857142858,207.08210931898486,-2.442296035883137,F1 ΔQ,Median Baseline
3,1,3,14.607268095088694,137.85714285714286,180.74409692000614,-0.025892234572711725,F1 ΔQ,Median Baseline
4,1,4,16.32344499576096,151.85714285714286,181.22558948921724,-0.19368522710752045,F1 ΔQ,Median Baseline
5,1,5,15.051118188605855,133.14285714285714,177.43811798563948,-0.05434914837692029,F1 ΔQ,Median Baseline
6,2,1,19.834939719387965,211.5,255.36150845419127,-2.184485221404241,F1 ΔQ,Median Baseline
7,2,2,14.588175390163697,145.28571428571428,201.65281337699494,-0.0986595721217467,F1 ΔQ,Median Baseline
8,2,3,23.662092424292855,153.0,194.40495290574702,-0.21007108029237154,F1 ΔQ,Median Baseline
9,2,4,20.402265223825022,169.71428571428572,198.357541539802,-0.0012984045205250982,F1 ΔQ,Median Baseline
10,2,5,22.22003034838376,157.85714285714286,162.9474060636043,-1.7831420919327785,F1 ΔQ,Median Baseline
11,3,1,21.460690464514467,138.25,172.9978323563622,-0.3796469432383609,F1 ΔQ,Median Baseline
12,3,2,15.46044778274352,138.0,176.79770522104798,-0.06602679658952493,F1 ΔQ,Median Baseline
13,3,3,18.727383788256535,186.57142857142858,223.1469727076113,-0.16249443750422854,F1 ΔQ,Median Baseline
14,3,4,21.326652676236645,196.57142857142858,225.75081078797606,-0.07996339587978762,F1 ΔQ,Median Baseline
15,3,5,15.813922570840358,115.28571428571429,139.96275014649945,-0.3900797650493537,F1 ΔQ,Median Baseline
16,4,1,17.133100378598748,145.375,169.73545593069232,-0.0006648131495157195,F1 ΔQ,Median Baseline
17,4,2,17.70721769577725,184.14285714285714,231.268242523698,-0.34172794832885867,F1 ΔQ,Median Baseline
18,4,3,14.030172054470459,108.42857142857143,138.28800175203713,-0.04791848858093095,F1 ΔQ,Median Baseline
19,4,4,26.86872300537269,165.0,201.96357521663583,-2.0071090047393363,F1 ΔQ,Median Baseline
20,4,5,18.69017530601104,179.57142857142858,214.04839239226789,-0.2139319273831526,F1 ΔQ,Median Baseline
21,5,1,18.760005080005932,169.625,201.75139404722833,-0.00047046497685898636,F1 ΔQ,Median Baseline
22,5,2,29.28752883664164,246.71428571428572,263.77669126960944,-0.05374508567613678,F1 ΔQ,Median Baseline
23,5,3,13.358165001692917,98.28571428571429,128.78220817666212,-0.18476736421925533,F1 ΔQ,Median Baseline
24,5,4,18.710866362236025,134.85714285714286,165.13630733427462,-0.23471882640586794,F1 ΔQ,Median Baseline
25,5,5,16.974474135722577,159.85714285714286,187.9661823687594,-0.701945914699845,F1 ΔQ,Median Baseline
26,6,1,21.573961918866285,197.25,222.37637014754964,-0.09740012066657888,F1 ΔQ,Median Baseline
27,6,2,10.82276874580516,75.57142857142857,110.15897603009934,-0.1433013001695873,F1 ΔQ,Median Baseline
28,6,3,18.802198037624123,151.28571428571428,179.8042586497089,-0.027251375375780373,F1 ΔQ,Median Baseline
29,6,4,21.871943669587367,164.71428571428572,205.02787266961673,-0.0883913587501004,F1 ΔQ,Median Baseline
30,6,5,19.070819342974524,173.42857142857142,205.7626927173284,-0.13454084088025553,F1 ΔQ,Median Baseline
31,7,1,20.294992286415365,185.5,223.89953104015203,-0.04923213771812773,F1 ΔQ,Median Baseline
32,7,2,25.94482574242668,192.71428571428572,218.90669897731055,-0.048943367197879395,F1 ΔQ,Median Baseline
33,7,3,18.81324207789947,181.85714285714286,221.37072977247917,-0.22908566584974865,F1 ΔQ,Median Baseline
34,7,4,12.111690719197345,102.28571428571429,114.25910404489814,-0.04731484179816037,F1 ΔQ,Median Baseline
35,7,5,16.900958714035028,114.71428571428571,145.58012030689983,-1.5156854100250965,F1 ΔQ,Median Baseline
36,8,1,26.6815431956933,174.0,197.95643460115159,-0.9257157073224669,F1 ΔQ,Median Baseline
37,8,2,15.03114057886308,155.14285714285714,203.96008012774038,-0.25147563891143454,F1 ΔQ,Median Baseline
38,8,3,16.179418988428136,120.42857142857143,151.8424935818128,-0.06521796523041123,F1 ΔQ,Median Baseline
39,8,4,15.741136950210871,152.14285714285714,197.36224852503364,-0.141892296131793,F1 ΔQ,Median Baseline
40,8,5,18.852853432684505,170.14285714285714,200.0703447718898,-0.054721453545835796,F1 ΔQ,Median Baseline
41,9,1,18.315228684956725,186.125,225.5429559973,-0.5105664990917549,F1 ΔQ,Median Baseline
42,9,2,18.165077773717737,138.42857142857142,183.89942903663405,-0.05542619415504424,F1 ΔQ,Median Baseline
43,9,3,13.490063417521295,131.42857142857142,178.32634610254794,-0.10332438805061295,F1 ΔQ,Median Baseline
44,9,4,24.11997002106975,179.42857142857142,208.5829742401262,-0.022375046758553063,F1 ΔQ,Median Baseline
45,9,5,20.14435722314032,145.57142857142858,164.34936655099796,-0.4074603026062247,F1 ΔQ,Median Baseline
46,10,1,25.35148709958181,215.375,229.5988349273576,-0.011877215487138049,F1 ΔQ,Median Baseline
47,10,2,14.506668897733272,124.14285714285714,173.82298056191698,-0.0025196609393642877,F1 ΔQ,Median Baseline
48,10,3,16.839300154901125,122.57142857142857,145.47066469125068,-0.10214450311641698,F1 ΔQ,Median Baseline
49,10,4,20.01358225188815,156.71428571428572,199.94677863300095,-0.0004908079485352879,F1 ΔQ,Median Baseline
50,10,5,14.38038990075319,133.14285714285714,174.58113136467935,-0.030427432987201186,F1 ΔQ,Median Baseline
1,1,1,4.578969487757652,44.23226555128721,61.98351642415962,0.9070159342713755,F1 ΔQ,Linear Regression
2,1,2,10.755282958502846,72.86535796178092,84.51529888228202,0.42663164492844075,F1 ΔQ,Linear Regression
3,1,3,11.918758450316425,98.77791843541866,112.98755991146676,0.599101198932922,F1 ΔQ,Linear Regression
4,1,4,5.115567948712287,47.91713802237895,69.80956464183548,0.8228746847889974,F1 ΔQ,Linear Regression
5,1,5,9.625090789840932,78.37366347134888,85.76798408542788,0.7536565544360587,F1 ΔQ,Linear Regression
6,2,1,5.756608904806888,52.16074031888772,70.02221443184816,0.7605581553216508,F1 ΔQ,Linear Regression
7,2,2,7.676204088148735,65.67141308286804,87.59383905646175,0.7926988578562986,F1 ΔQ,Linear Regression
8,2,3,10.55669745587804,79.32779965228073,81.05654046214059,0.7896355453521793,F1 ΔQ,Linear Regression
9,2,4,7.766320121209884,72.40054515824184,93.67952616364246,0.7766656829140435,F1 ΔQ,Linear Regression
10,2,5,9.515837274841585,66.42260125670374,89.51004726753757,0.16018418315962513,F1 ΔQ,Linear Regression
11,3,1,5.167794466965882,35.672509750382744,46.35202583471549,0.9009569331148051,F1 ΔQ,Linear Regression
12,3,2,11.491658288825649,89.93250896230936,105.13783694559478,0.623007292067287,F1 ΔQ,Linear Regression
13,3,3,7.96619153238505,71.66111916600998,85.62284612275188,0.828845546463462,F1 ΔQ,Linear Regression
14,3,4,9.108402191345844,81.16751308786101,97.15608402991722,0.7999721799442857,F1 ΔQ,Linear Regression
15,3,5,7.70182995554203,60.29325537559924,75.93628532829624,0.5908208616543276,F1 ΔQ,Linear Regression
16,4,1,8.649642661287684,65.22749689035572,87.7962551572228,0.7322709665208461,F1 ΔQ,Linear Regression
17,4,2,7.4614462395218215,78.37943467503548,93.12447957901244,0.7824494510011727,F1 ΔQ,Linear Regression
18,4,3,6.7567484491256655,56.45940142868393,66.00859150940902,0.7612411754117674,F1 ΔQ,Linear Regression
19,4,4,10.779064644133896,74.50811706809792,86.95394700020162,0.4425811238294143,F1 ΔQ,Linear Regression
20,4,5,8.649197741205564,72.60972249547,91.56743492987081,0.7778468426453813,F1 ΔQ,Linear Regression
21,5,1,8.707534963433517,72.8376208291699,96.72617340431923,0.7700363476354755,F1 ΔQ,Linear Regression
22,5,2,9.150085784380867,82.29399012260798,98.07458611019187,0.8543281292208829,F1 ΔQ,Linear Regression
23,5,3,7.588125023260221,60.613715723144324,80.87270477606083,0.53277584840259,F1 ΔQ,Linear Regression
24,5,4,10.631392836800146,79.39630204624255,87.11357691659059,0.6563988371274678,F1 ΔQ,Linear Regression
25,5,5,4.76567864059573,41.35714793534358,47.50218084969077,0.8913040380253009,F1 ΔQ,Linear Regression
26,6,1,9.297027027358357,70.94644352130645,88.61775066445418,0.8257273743573286,F1 ΔQ,Linear Regression
27,6,2,7.1852477238386685,55.93988183231436,64.49333199523798,0.6081223033872256,F1 ΔQ,Linear Regression
28,6,3,5.522681594090358,45.92040679764888,61.446701774326044,0.8800296469102321,F1 ΔQ,Linear Regression
29,6,4,11.338380256286761,86.61239695422896,108.33164916568892,0.6961424840650601,F1 ΔQ,Linear Regression
30,6,5,9.466313090702046,88.71126262297939,98.91897648831812,0.7377919064371281,F1 ΔQ,Linear Regression
31,7,1,6.444663352119038,64.20206586526709,81.29043856531582,0.8616930036440597,F1 ΔQ,Linear Regression
32,7,2,12.337295128212684,88.51166514115425,102.28270099494182,0.770998507402544,F1 ΔQ,Linear Regression
33,7,3,2.9565919903826905,27.029222928491908,41.5738252120027,0.9566507356383379,F1 ΔQ,Linear Regression
34,7,4,7.664895229640926,67.58302603051342,82.12832868718255,0.45889493440665763,F1 ΔQ,Linear Regression
35,7,5,13.263026010528423,98.83198362586631,109.99203150832612,-0.4360667599420107,F1 ΔQ,Linear Regression
36,8,1,10.948153061375631,81.04821668937379,97.49057673234545,0.5329340519563577,F1 ΔQ,Linear Regression
37,8,2,6.969050301701825,62.06846522036252,83.96082839849322,0.7879269501563128,F1 ΔQ,Linear Regression
38,8,3,9.103276507615247,72.51673941222917,79.84690371537256,0.7054439226635311,F1 ΔQ,Linear Regression
39,8,4,2.5611660758280697,22.571220434672,28.586780931906784,0.9760432731398476,F1 ΔQ,Linear Regression
40,8,5,11.085988627596329,96.86093218871999,102.6524779354073,0.7223413464014197,F1 ΔQ,Linear Regression
41,9,1,7.534724433170845,66.56816123354385,81.93649153101141,0.8006409110558442,F1 ΔQ,Linear Regression
42,9,2,9.656685312420784,73.78381658476887,84.162606714355,0.7789423936480693,F1 ΔQ,Linear Regression
43,9,3,8.59338719388919,77.01565844919197,89.40053331821137,0.7226983746104196,F1 ΔQ,Linear Regression
44,9,4,7.076691537097545,55.40755841356721,77.55551206379626,0.8586558402044885,F1 ΔQ,Linear Regression
45,9,5,7.944046918054528,61.121951667828434,81.41713452368545,0.6545925408582774,F1 ΔQ,Linear Regression
46,10,1,8.180063163283748,63.37702567271735,77.2438106786578,0.8854709024739492,F1 ΔQ,Linear Regression
47,10,2,13.49238034187153,106.63481892878363,123.9322023798872,0.49037954818793195,F1 ΔQ,Linear Regression
48,10,3,6.362195076397878,54.79323997415319,70.63727760130716,0.7401303279260707,F1 ΔQ,Linear Regression
49,10,4,6.959989149577503,53.27970469104613,64.37896659270207,0.8962776657165448,F1 ΔQ,Linear Regression
50,10,5,7.228154049580848,65.94948864864209,78.09540538702478,0.793807068833875,F1 ΔQ,Linear Regression
1,1,1,4.587526436061892,45.37265540912459,63.94941669650012,0.901024139748203,F1 ΔQ,Ridge
2,1,2,10.639599240661791,71.57789200673308,84.7987821355164,0.4227787821428445,F1 ΔQ,Ridge
3,1,3,11.984071834466803,99.91963970924624,113.16573488607224,0.5978358126480854,F1 ΔQ,Ridge
4,1,4,5.487352775263416,51.35717430833246,71.5061679191394,0.8141606037853272,F1 ΔQ,Ridge
5,1,5,9.166109006940166,74.6868237858507,83.33439548805634,0.7674377687785388,F1 ΔQ,Ridge
6,2,1,5.601845379070217,50.68134555594368,69.31209119864552,0.7653900799018739,F1 ΔQ,Ridge
7,2,2,7.7278288634061125,66.34091527641162,88.00438950216186,0.7907510718952566,F1 ΔQ,Ridge
8,2,3,10.187551794081221,76.66662669178595,78.59401717754517,0.8022232636889945,F1 ΔQ,Ridge
9,2,4,7.721004031872935,72.56335490287181,94.531119117201,0.7725867897228832,F1 ΔQ,Ridge
10,2,5,9.62799473922556,67.20423989672113,90.89538549104522,0.13398752422664884,F1 ΔQ,Ridge
11,3,1,5.1863067524604105,35.531401039778416,48.67707418736269,0.890771599810212,F1 ΔQ,Ridge
12,3,2,11.292686798580034,87.78319872924706,104.65575880300236,0.626456541025942,F1 ΔQ,Ridge
13,3,3,8.322177868201978,75.56617545653548,87.73918506603285,0.8202801376704475,F1 ΔQ,Ridge
14,3,4,8.686589023540943,78.1208784151457,97.44835207467028,0.7987669096066026,F1 ΔQ,Ridge
15,3,5,7.437486398580716,58.565732387341704,72.1993554487887,0.6301024731309863,F1 ΔQ,Ridge
16,4,1,8.545708297409144,64.02999699758479,87.93603063498564,0.731417815274434,F1 ΔQ,Ridge
17,4,2,7.7158622139656785,81.1771316801205,96.98049701582855,0.764060161866311,F1 ΔQ,Ridge
18,4,3,6.302308560211229,53.45377606086408,63.73262003134058,0.777422097428442,F1 ΔQ,Ridge
19,4,4,10.537293497469925,72.71695979965395,85.09885886506666,0.46611152753074525,F1 ΔQ,Ridge
20,4,5,8.51067774085684,70.75915207279284,90.96138216881242,0.7807778186736424,F1 ΔQ,Ridge
21,5,1,8.545568511543697,71.80523425126331,96.8779178598755,0.7693142456382727,F1 ΔQ,Ridge
22,5,2,9.462907495811198,85.64987189684621,101.39457202400776,0.8442987344655895,F1 ΔQ,Ridge
23,5,3,7.425414626529414,59.649580371453276,80.59499593231426,0.5359791418016073,F1 ΔQ,Ridge
24,5,4,10.428680059196054,78.15025125553859,85.35916853376204,0.670099264114136,F1 ΔQ,Ridge
25,5,5,4.6562955669110115,39.73210671516714,45.681466212424695,0.8994767821227044,F1 ΔQ,Ridge
26,6,1,9.621213923830629,74.25168784848195,89.86841571644936,0.8207736332510586,F1 ΔQ,Ridge
27,6,2,6.627085405146453,51.988026986343925,59.979750139178606,0.6610542277408804,F1 ΔQ,Ridge
28,6,3,5.238723770832514,43.30569064163251,58.12262253996017,0.8926586167550653,F1 ΔQ,Ridge
29,6,4,11.529852230803803,88.01513643178096,109.99438225753687,0.6867433610271683,F1 ΔQ,Ridge
30,6,5,9.375458906270016,88.82696273587513,100.32231609649509,0.7302993676765932,F1 ΔQ,Ridge
31,7,1,6.4065183964741115,64.97280743641552,84.57138177909025,0.85030335418937,F1 ΔQ,Ridge
32,7,2,12.55538184181417,89.10725331461,103.88790697338355,0.7637542903007563,F1 ΔQ,Ridge
33,7,3,3.163700049201136,30.212156876852646,43.10233191886211,0.9534045731933393,F1 ΔQ,Ridge
34,7,4,7.532169901116383,66.58034059796923,81.15717857407732,0.47161617992225147,F1 ΔQ,Ridge
35,7,5,12.877949840746522,96.01919336707299,107.02655915651773,-0.35967561816090887,F1 ΔQ,Ridge
36,8,1,10.63706899947797,78.7620712862919,96.33497670397986,0.54394111624573,F1 ΔQ,Ridge
37,8,2,7.179268066139432,64.73104347327983,85.34635675964161,0.7808699055646002,F1 ΔQ,Ridge
38,8,3,8.914874258998044,71.3256231395391,78.84000782178464,0.7128259815520025,F1 ΔQ,Ridge
39,8,4,2.4201977773635095,20.170077947276468,26.942888003578183,0.9787193315325088,F1 ΔQ,Ridge
40,8,5,11.074541656210277,97.38346597618957,104.26786719111446,0.7135338449613791,F1 ΔQ,Ridge
41,9,1,7.816664883658114,69.79179606785517,83.61458259401567,0.7923913880112683,F1 ΔQ,Ridge
42,9,2,9.090729170452791,69.08708181191044,81.90187634703057,0.7906587516326605,F1 ΔQ,Ridge
43,9,3,8.698257766875946,78.34715620531905,91.49777887935524,0.7095353408627731,F1 ΔQ,Ridge
44,9,4,7.194153137333763,56.55423585889498,77.50234011346362,0.8588495844818738,F1 ΔQ,Ridge
45,9,5,7.803977579965829,60.35532503587948,79.6708720001823,0.6692504770299563,F1 ΔQ,Ridge
46,10,1,7.62494812736077,58.8252316840031,74.01183010904282,0.8948544871647588,F1 ΔQ,Ridge
47,10,2,13.474419048770232,106.77014434051716,124.09868833747201,0.48900941781207996,F1 ΔQ,Ridge
48,10,3,6.0845880644338175,52.798161531664896,69.89991598144728,0.7455274159072727,F1 ΔQ,Ridge
49,10,4,7.064353322599505,53.60759120422377,65.44693786407603,0.8928078596108331,F1 ΔQ,Ridge
50,10,5,7.338648401513255,67.23796020802995,79.35067772243454,0.7871252818881058,F1 ΔQ,Ridge
1,1,1,4.703169960917203,47.61292021606009,67.61949498604523,0.8893376328142177,F1 ΔQ,ElasticNet
2,1,2,10.615843323125503,70.70817865192701,86.30499065779215,0.40209129491594753,F1 ΔQ,ElasticNet
3,1,3,12.080646204084792,101.60782374278946,113.78765731381256,0.593403336624482,F1 ΔQ,ElasticNet
4,1,4,6.037099711219294,56.44385152785022,74.52605499828569,0.7981322036010482,F1 ΔQ,ElasticNet
5,1,5,8.487436781097276,69.23528782320462,80.54128192826471,0.7827660584785993,F1 ΔQ,ElasticNet
6,2,1,5.643580657674825,51.563925818530066,69.64802220298174,0.7631104275824616,F1 ΔQ,ElasticNet
7,2,2,8.043579059569895,70.14879579084376,89.3691828977715,0.7842105802056951,F1 ΔQ,ElasticNet
8,2,3,9.641693129745313,72.73152879381298,76.08782711930023,0.8146354868581247,F1 ΔQ,ElasticNet
9,2,4,7.689438424650135,73.0724068352563,96.34105094653751,0.763795129021583,F1 ΔQ,ElasticNet
10,2,5,10.049187843764752,70.15257734970147,93.25649348068382,0.08841191506800783,F1 ΔQ,ElasticNet
11,3,1,5.779760634622419,38.92673647531717,52.80946443109748,0.8714387263680745,F1 ΔQ,ElasticNet
12,3,2,11.25403635648976,87.61304275283122,104.39473769726466,0.6283175210125952,F1 ΔQ,ElasticNet
13,3,3,8.84860741788799,81.34093931032866,91.57143304445863,0.8042377688741448,F1 ΔQ,ElasticNet
14,3,4,8.337512412210128,76.8541956652419,98.76173400662822,0.793306027961758,F1 ΔQ,ElasticNet
15,3,5,7.065147626600248,56.15160704808295,67.26071679737153,0.6789758023125569,F1 ΔQ,ElasticNet
16,4,1,8.713581392454131,66.04189081716495,88.60612102940979,0.7273089179022412,F1 ΔQ,ElasticNet
17,4,2,8.092093135199928,85.31437236973655,102.9291803434684,0.7342278346005716,F1 ΔQ,ElasticNet
18,4,3,5.630374280801003,49.0096619657579,61.03981005510924,0.7958333290465207,F1 ΔQ,ElasticNet
19,4,4,10.179779993492026,70.06832732198745,83.58608324996271,0.48492434764099124,F1 ΔQ,ElasticNet
20,4,5,8.537068207728614,70.772424836542,91.01581004884083,0.7805153915189393,F1 ΔQ,ElasticNet
21,5,1,8.55619982943466,73.1504803909603,97.73592077936897,0.7652099969476119,F1 ΔQ,ElasticNet
22,5,2,9.925558596072879,90.61309004465438,106.93285305640002,0.8268250630281198,F1 ΔQ,ElasticNet
23,5,3,7.746877842745336,61.73680089768584,80.50817880558284,0.5369782921746302,F1 ΔQ,ElasticNet
24,5,4,10.128943353635554,76.30780617940184,83.4729643782674,0.6845179850540841,F1 ΔQ,ElasticNet
25,5,5,4.494557729260888,37.32926097139851,44.184718658541,0.9059561281627881,F1 ΔQ,ElasticNet
26,6,1,10.199664592164694,80.34739589334927,92.40602384335989,0.8105091271359253,F1 ΔQ,ElasticNet
27,6,2,5.801806525346125,46.144955479730115,53.636190033795195,0.7289578969906358,F1 ΔQ,ElasticNet
28,6,3,4.854760941207017,39.69223721724552,54.42541159229598,0.9058803663502089,F1 ΔQ,ElasticNet
29,6,4,11.812981286150666,90.08936324319197,112.79134826261966,0.6706096663985501,F1 ΔQ,ElasticNet
30,6,5,9.241112348086848,88.9980490985575,102.85187361792245,0.7165272742326544,F1 ΔQ,ElasticNet
31,7,1,6.353260303388561,66.04891896013106,89.62340697198965,0.8318843612010175,F1 ΔQ,ElasticNet
32,7,2,12.97120083016406,91.08826010491,106.77351700219785,0.7504480123447692,F1 ΔQ,ElasticNet
33,7,3,3.5182138395945315,35.22061991688135,47.27691081280208,0.9439416975805297,F1 ΔQ,ElasticNet
34,7,4,7.335929386599125,65.09782397986159,79.979078301201,0.48684517187309084,F1 ΔQ,ElasticNet
35,7,5,12.308589541551981,91.86029902618158,103.12448500138186,-0.2623383274706914,F1 ΔQ,ElasticNet
36,8,1,10.342339848624343,76.44273752100563,95.63098082210878,0.5505823270340136,F1 ΔQ,ElasticNet
37,8,2,7.49012370803348,68.66828195604089,88.10038744233945,0.7664995677105366,F1 ΔQ,ElasticNet
38,8,3,8.636300821427879,69.56442677875039,77.94229411387347,0.7193285767861946,F1 ΔQ,ElasticNet
39,8,4,2.602444584570929,21.217978412427847,27.598329325295758,0.9776713452000234,F1 ΔQ,ElasticNet
40,8,5,11.057615104721275,98.15613280307814,107.00814533153473,0.6982786705670476,F1 ΔQ,ElasticNet
41,9,1,8.21028961664451,74.29240035754981,86.66334377532677,0.776975694348692,F1 ΔQ,ElasticNet
42,9,2,8.253865698041917,62.14215184376902,79.47092345578871,0.8029013607547035,F1 ΔQ,ElasticNet
43,9,3,8.853324833154144,80.31597781960264,94.813007819443,0.6881052644026946,F1 ΔQ,ElasticNet
44,9,4,7.371590592037116,58.27326522977531,78.45165420749271,0.8553705481796735,F1 ΔQ,ElasticNet
45,9,5,7.596866262831566,59.221764660284585,77.88321611263707,0.6839266791898257,F1 ΔQ,ElasticNet
46,10,1,7.113545034345731,55.60748577875337,71.0471689756783,0.9031093182964336,F1 ΔQ,ElasticNet
47,10,2,13.447861487834324,106.97023644123722,124.57407496698742,0.48508700140700856,F1 ΔQ,ElasticNet
48,10,3,5.674115814851103,49.84822042395193,69.4306087213534,0.7489329970924785,F1 ΔQ,ElasticNet
49,10,4,7.46082569551786,56.94250255486936,67.9832297282767,0.8843387541700317,F1 ΔQ,ElasticNet
50,10,5,7.580824973465101,69.69787199774237,81.65313384615075,0.7745924179266753,F1 ΔQ,ElasticNet
1,1,1,2.5751627601627414,23.880207036148747,33.37359409252377,0.9730435890115028,F1 ΔQ,Gradient Boosting
2,1,2,13.179343764246182,92.03535937550691,104.05000502092524,0.13094498973196778,F1 ΔQ,Gradient Boosting
3,1,3,10.89032053104762,91.63224955820604,111.50253072373843,0.6095702100986743,F1 ΔQ,Gradient Boosting
4,1,4,9.158555316192752,83.29647183190433,102.27006966867722,0.6198562272827439,F1 ΔQ,Gradient Boosting
5,1,5,6.191190219353956,53.732291187986284,84.73019703512169,0.7595819671386553,F1 ΔQ,Gradient Boosting
6,2,1,6.192031958490611,56.95004018947432,78.57777439241345,0.6984718832623997,F1 ΔQ,Gradient Boosting
7,2,2,6.210584049769089,51.013902040235315,75.61935468685206,0.8455028378035174,F1 ΔQ,Gradient Boosting
8,2,3,14.932936698544077,107.56918869174417,120.6139109452693,0.5342090666499251,F1 ΔQ,Gradient Boosting
9,2,4,8.554307139151444,75.34007421928727,91.39562467792153,0.7874226928374255,F1 ΔQ,Gradient Boosting
10,2,5,8.642273969426242,62.54222194629762,78.24534344545107,0.3582624097829751,F1 ΔQ,Gradient Boosting
11,3,1,9.116325329707745,61.50527969757012,75.81535849815094,0.7350273642118733,F1 ΔQ,Gradient Boosting
12,3,2,10.896695556018711,89.72752077024168,111.06068984636987,0.5793357476050623,F1 ΔQ,Gradient Boosting
13,3,3,6.129945736347502,56.699269865329406,80.94451788439314,0.8470379251193708,F1 ΔQ,Gradient Boosting
14,3,4,6.5595689742228815,59.22601220733998,87.62624715688321,0.8372882849736454,F1 ΔQ,Gradient Boosting
15,3,5,7.037372477966279,60.58380918795802,79.09527059038305,0.556068646516101,F1 ΔQ,Gradient Boosting
16,4,1,8.774319994509536,70.1676384863735,86.46792535340325,0.7403109939716428,F1 ΔQ,Gradient Boosting
17,4,2,8.307676210466374,80.88926684064641,95.95192292475527,0.7690383723882592,F1 ΔQ,Gradient Boosting
18,4,3,6.8255256662415595,59.44174258171722,77.73037742947238,0.6689145821085037,F1 ΔQ,Gradient Boosting
19,4,4,13.293050066575454,86.27201171502409,104.1978495683806,0.19957511339943002,F1 ΔQ,Gradient Boosting
20,4,5,7.415683207126425,61.7710353072806,86.66952475055986,0.8009770206502362,F1 ΔQ,Gradient Boosting
21,5,1,6.726988284839175,53.14499077026828,83.20501335936612,0.8298350254529361,F1 ΔQ,Gradient Boosting
22,5,2,11.301747246204183,92.71263211450243,110.7373702065177,0.8142832218021313,F1 ΔQ,Gradient Boosting
23,5,3,7.203075045076934,60.82650143512318,84.0856786180437,0.4949139026242202,F1 ΔQ,Gradient Boosting
24,5,4,7.809806361838971,63.50609711613096,79.16780879483323,0.7162210472980497,F1 ΔQ,Gradient Boosting
25,5,5,6.374825879481288,54.45684533527871,75.91789314197558,0.7223647489434759,F1 ΔQ,Gradient Boosting
26,6,1,9.759372451359896,79.83942843094711,96.7413151910068,0.7923118564786558,F1 ΔQ,Gradient Boosting
27,6,2,4.756484721405353,41.95453211649955,68.84727620534613,0.5534249631717336,F1 ΔQ,Gradient Boosting
28,6,3,5.69469360881503,47.235144421147346,63.49544698691734,0.8718962174148428,F1 ΔQ,Gradient Boosting
29,6,4,11.42293539216991,82.62549465095721,101.24056509949044,0.7346198744829369,F1 ΔQ,Gradient Boosting
30,6,5,6.5171152637839125,66.58425032167847,98.48936575442102,0.7400645299204305,F1 ΔQ,Gradient Boosting
31,7,1,4.322779339539376,43.98979880232771,61.905987574651974,0.919789628284688,F1 ΔQ,Gradient Boosting
32,7,2,11.416037764034026,83.86719783165002,101.41784345384008,0.7748548064348804,F1 ΔQ,Gradient Boosting
33,7,3,4.1665944403133315,38.87882978879135,59.3619934020245,0.9116190403502111,F1 ΔQ,Gradient Boosting
34,7,4,10.96545449358076,100.91287681139275,125.3891311236673,-0.26129134481135163,F1 ΔQ,Gradient Boosting
35,7,5,9.306516645227651,69.60680854300217,95.07029574957056,-0.07285708365623877,F1 ΔQ,Gradient Boosting
36,8,1,14.343927023824998,102.33005864075412,112.13147411071999,0.38211451999038937,F1 ΔQ,Gradient Boosting
37,8,2,5.191895716065659,46.2140573709363,68.9788385278264,0.8568590790516684,F1 ΔQ,Gradient Boosting
38,8,3,6.727467808045616,55.37621484090909,76.21973067064624,0.7315974438263269,F1 ΔQ,Gradient Boosting
39,8,4,2.5027889769542697,21.682230179900184,27.228449976183633,0.9782658423729675,F1 ΔQ,Gradient Boosting
40,8,5,10.941039632335745,96.12169200710558,109.23086828734618,0.6856140633433474,F1 ΔQ,Gradient Boosting
41,9,1,9.167496066946775,82.39548300457244,102.99545378242742,0.6849950172994466,F1 ΔQ,Gradient Boosting
42,9,2,5.742399361516735,44.08655554638457,60.32056925829073,0.8864471680851049,F1 ΔQ,Gradient Boosting
43,9,3,5.977181658076284,54.4593423723722,77.47417534790944,0.7917494675696264,F1 ΔQ,Gradient Boosting
44,9,4,11.771101738071145,90.34341454564345,106.83710142653986,0.7317765632607193,F1 ΔQ,Gradient Boosting
45,9,5,6.784203595420432,55.507781291233314,77.02209308791954,0.6908774279336904,F1 ΔQ,Gradient Boosting
46,10,1,6.900888499251042,58.70044621261819,82.83553333866486,0.8682890741242296,F1 ΔQ,Gradient Boosting
47,10,2,12.668178447362735,100.44080479944607,118.65991761236039,0.5328174655360792,F1 ΔQ,Gradient Boosting
48,10,3,7.643904545677074,66.31989694034147,89.18106093657464,0.5857781903322206,F1 ΔQ,Gradient Boosting
49,10,4,8.461025264780666,64.78074783658253,75.50647330640037,0.8573234327101089,F1 ΔQ,Gradient Boosting
50,10,5,5.474883614065367,50.83583723618501,68.98739477105306,0.8390976843222419,F1 ΔQ,Gradient Boosting
1,1,1,18.974841743958752,173.25,209.877345132818,-0.06607371104001691,F2 ΔQ+Capacity,Median Baseline
2,1,2,29.248205824701103,183.57142857142858,207.08210931898486,-2.442296035883137,F2 ΔQ+Capacity,Median Baseline
3,1,3,14.607268095088694,137.85714285714286,180.74409692000614,-0.025892234572711725,F2 ΔQ+Capacity,Median Baseline
4,1,4,16.32344499576096,151.85714285714286,181.22558948921724,-0.19368522710752045,F2 ΔQ+Capacity,Median Baseline
5,1,5,15.051118188605855,133.14285714285714,177.43811798563948,-0.05434914837692029,F2 ΔQ+Capacity,Median Baseline
6,2,1,19.834939719387965,211.5,255.36150845419127,-2.184485221404241,F2 ΔQ+Capacity,Median Baseline
7,2,2,14.588175390163697,145.28571428571428,201.65281337699494,-0.0986595721217467,F2 ΔQ+Capacity,Median Baseline
8,2,3,23.662092424292855,153.0,194.40495290574702,-0.21007108029237154,F2 ΔQ+Capacity,Median Baseline
9,2,4,20.402265223825022,169.71428571428572,198.357541539802,-0.0012984045205250982,F2 ΔQ+Capacity,Median Baseline
10,2,5,22.22003034838376,157.85714285714286,162.9474060636043,-1.7831420919327785,F2 ΔQ+Capacity,Median Baseline
11,3,1,21.460690464514467,138.25,172.9978323563622,-0.3796469432383609,F2 ΔQ+Capacity,Median Baseline
12,3,2,15.46044778274352,138.0,176.79770522104798,-0.06602679658952493,F2 ΔQ+Capacity,Median Baseline
13,3,3,18.727383788256535,186.57142857142858,223.1469727076113,-0.16249443750422854,F2 ΔQ+Capacity,Median Baseline
14,3,4,21.326652676236645,196.57142857142858,225.75081078797606,-0.07996339587978762,F2 ΔQ+Capacity,Median Baseline
15,3,5,15.813922570840358,115.28571428571429,139.96275014649945,-0.3900797650493537,F2 ΔQ+Capacity,Median Baseline
16,4,1,17.133100378598748,145.375,169.73545593069232,-0.0006648131495157195,F2 ΔQ+Capacity,Median Baseline
17,4,2,17.70721769577725,184.14285714285714,231.268242523698,-0.34172794832885867,F2 ΔQ+Capacity,Median Baseline
18,4,3,14.030172054470459,108.42857142857143,138.28800175203713,-0.04791848858093095,F2 ΔQ+Capacity,Median Baseline
19,4,4,26.86872300537269,165.0,201.96357521663583,-2.0071090047393363,F2 ΔQ+Capacity,Median Baseline
20,4,5,18.69017530601104,179.57142857142858,214.04839239226789,-0.2139319273831526,F2 ΔQ+Capacity,Median Baseline
21,5,1,18.760005080005932,169.625,201.75139404722833,-0.00047046497685898636,F2 ΔQ+Capacity,Median Baseline
22,5,2,29.28752883664164,246.71428571428572,263.77669126960944,-0.05374508567613678,F2 ΔQ+Capacity,Median Baseline
23,5,3,13.358165001692917,98.28571428571429,128.78220817666212,-0.18476736421925533,F2 ΔQ+Capacity,Median Baseline
24,5,4,18.710866362236025,134.85714285714286,165.13630733427462,-0.23471882640586794,F2 ΔQ+Capacity,Median Baseline
25,5,5,16.974474135722577,159.85714285714286,187.9661823687594,-0.701945914699845,F2 ΔQ+Capacity,Median Baseline
26,6,1,21.573961918866285,197.25,222.37637014754964,-0.09740012066657888,F2 ΔQ+Capacity,Median Baseline
27,6,2,10.82276874580516,75.57142857142857,110.15897603009934,-0.1433013001695873,F2 ΔQ+Capacity,Median Baseline
28,6,3,18.802198037624123,151.28571428571428,179.8042586497089,-0.027251375375780373,F2 ΔQ+Capacity,Median Baseline
29,6,4,21.871943669587367,164.71428571428572,205.02787266961673,-0.0883913587501004,F2 ΔQ+Capacity,Median Baseline
30,6,5,19.070819342974524,173.42857142857142,205.7626927173284,-0.13454084088025553,F2 ΔQ+Capacity,Median Baseline
31,7,1,20.294992286415365,185.5,223.89953104015203,-0.04923213771812773,F2 ΔQ+Capacity,Median Baseline
32,7,2,25.94482574242668,192.71428571428572,218.90669897731055,-0.048943367197879395,F2 ΔQ+Capacity,Median Baseline
33,7,3,18.81324207789947,181.85714285714286,221.37072977247917,-0.22908566584974865,F2 ΔQ+Capacity,Median Baseline
34,7,4,12.111690719197345,102.28571428571429,114.25910404489814,-0.04731484179816037,F2 ΔQ+Capacity,Median Baseline
35,7,5,16.900958714035028,114.71428571428571,145.58012030689983,-1.5156854100250965,F2 ΔQ+Capacity,Median Baseline
36,8,1,26.6815431956933,174.0,197.95643460115159,-0.9257157073224669,F2 ΔQ+Capacity,Median Baseline
37,8,2,15.03114057886308,155.14285714285714,203.96008012774038,-0.25147563891143454,F2 ΔQ+Capacity,Median Baseline
38,8,3,16.179418988428136,120.42857142857143,151.8424935818128,-0.06521796523041123,F2 ΔQ+Capacity,Median Baseline
39,8,4,15.741136950210871,152.14285714285714,197.36224852503364,-0.141892296131793,F2 ΔQ+Capacity,Median Baseline
40,8,5,18.852853432684505,170.14285714285714,200.0703447718898,-0.054721453545835796,F2 ΔQ+Capacity,Median Baseline
41,9,1,18.315228684956725,186.125,225.5429559973,-0.5105664990917549,F2 ΔQ+Capacity,Median Baseline
42,9,2,18.165077773717737,138.42857142857142,183.89942903663405,-0.05542619415504424,F2 ΔQ+Capacity,Median Baseline
43,9,3,13.490063417521295,131.42857142857142,178.32634610254794,-0.10332438805061295,F2 ΔQ+Capacity,Median Baseline
44,9,4,24.11997002106975,179.42857142857142,208.5829742401262,-0.022375046758553063,F2 ΔQ+Capacity,Median Baseline
45,9,5,20.14435722314032,145.57142857142858,164.34936655099796,-0.4074603026062247,F2 ΔQ+Capacity,Median Baseline
46,10,1,25.35148709958181,215.375,229.5988349273576,-0.011877215487138049,F2 ΔQ+Capacity,Median Baseline
47,10,2,14.506668897733272,124.14285714285714,173.82298056191698,-0.0025196609393642877,F2 ΔQ+Capacity,Median Baseline
48,10,3,16.839300154901125,122.57142857142857,145.47066469125068,-0.10214450311641698,F2 ΔQ+Capacity,Median Baseline
49,10,4,20.01358225188815,156.71428571428572,199.94677863300095,-0.0004908079485352879,F2 ΔQ+Capacity,Median Baseline
50,10,5,14.38038990075319,133.14285714285714,174.58113136467935,-0.030427432987201186,F2 ΔQ+Capacity,Median Baseline
1,1,1,2.9808982464987883,29.66195299593508,49.33478952369791,0.9410935745731533,F2 ΔQ+Capacity,Linear Regression
2,1,2,8.08999498939914,56.48820360607262,71.39514733700116,0.5908331458680771,F2 ΔQ+Capacity,Linear Regression
3,1,3,10.077357005339445,85.42816585591892,94.24682265118962,0.7210624811501543,F2 ΔQ+Capacity,Linear Regression
4,1,4,8.142829246154541,72.93889589547233,92.02512786995716,0.6922035290640836,F2 ΔQ+Capacity,Linear Regression
5,1,5,8.806291235413958,69.17021458685777,79.40025745974746,0.7888775446867803,F2 ΔQ+Capacity,Linear Regression
6,2,1,5.52739961930528,52.50874531214018,57.44197232486226,0.8388660496614417,F2 ΔQ+Capacity,Linear Regression
7,2,2,6.40937030591247,56.61893450288361,74.94873501382696,0.8482309598982853,F2 ΔQ+Capacity,Linear Regression
8,2,3,7.6769998388935194,57.50785505983055,67.88322975363577,0.8524561114757883,F2 ΔQ+Capacity,Linear Regression
9,2,4,7.938765815419043,74.92621119912312,95.80362556107643,0.7664230519456852,F2 ΔQ+Capacity,Linear Regression
10,2,5,9.066660285492214,62.95533932623545,85.48682994038647,0.23398212819255215,F2 ΔQ+Capacity,Linear Regression
11,3,1,3.1085873736634193,22.94728109042903,34.83547777344053,0.9440590055195388,F2 ΔQ+Capacity,Linear Regression
12,3,2,10.190882694108891,80.11774570519722,90.94261446762891,0.7179346461220243,F2 ΔQ+Capacity,Linear Regression
13,3,3,6.634208101269707,63.857162517425664,71.72071505170526,0.8799124163439385,F2 ΔQ+Capacity,Linear Regression
14,3,4,8.365036114471359,76.52716547978225,97.24446441185248,0.7996080941299109,F2 ΔQ+Capacity,Linear Regression
15,3,5,10.855162184785582,82.39137412845695,91.39140677953547,0.4073128498424631,F2 ΔQ+Capacity,Linear Regression
16,4,1,8.057081589507685,61.54153698732351,74.7192290296975,0.806086408367467,F2 ΔQ+Capacity,Linear Regression
17,4,2,8.192807443190453,81.86951571209686,90.85955499821783,0.7929030623479557,F2 ΔQ+Capacity,Linear Regression
18,4,3,3.7947680357798665,33.74899923602532,46.04722485538061,0.8838108904131519,F2 ΔQ+Capacity,Linear Regression
19,4,4,9.605172297942188,69.83160529832601,89.66756542604799,0.40724690862514823,F2 ΔQ+Capacity,Linear Regression
20,4,5,6.640804050646013,60.51257657639998,80.34836237299048,0.8289494589721257,F2 ΔQ+Capacity,Linear Regression
21,5,1,6.9402751696836145,58.87898931963922,78.23050650889235,0.849573805772539,F2 ΔQ+Capacity,Linear Regression
22,5,2,13.715380285585796,121.94301278243596,134.9816741924758,0.7240614673669175,F2 ΔQ+Capacity,Linear Regression
23,5,3,10.033672248929555,80.63971833200063,94.88783831663041,0.35680530561820933,F2 ΔQ+Capacity,Linear Regression
24,5,4,10.502295947436675,76.36130868560414,84.44173404244145,0.6771526556146692,F2 ΔQ+Capacity,Linear Regression
25,5,5,3.839648276110425,34.81997693593176,45.10331170974863,0.9020051674464311,F2 ΔQ+Capacity,Linear Regression
26,6,1,8.424678118552064,68.25510945272019,84.29055867766775,0.8423312609448144,F2 ΔQ+Capacity,Linear Regression
27,6,2,6.232391941935425,46.578031943259255,62.404377734907555,0.6330971961107005,F2 ΔQ+Capacity,Linear Regression
28,6,3,4.930615715853963,41.06162490249814,61.28750700443375,0.8806504747827624,F2 ΔQ+Capacity,Linear Regression
29,6,4,9.542524505873438,75.77298820271639,81.98738831318614,0.8259582752382867,F2 ΔQ+Capacity,Linear Regression
30,6,5,8.177650734364592,79.25078742566829,95.45784946628164,0.7558199620402738,F2 ΔQ+Capacity,Linear Regression
31,7,1,6.3479341962826705,63.80093212782411,79.71233054070096,0.8670108439373159,F2 ΔQ+Capacity,Linear Regression
32,7,2,10.383845921836787,74.72041261521613,90.22738973662007,0.8217987590604208,F2 ΔQ+Capacity,Linear Regression
33,7,3,5.680305531553884,49.25498537303388,63.50581602091651,0.8988493304159515,F2 ΔQ+Capacity,Linear Regression
34,7,4,7.950572071019598,70.45313490844153,92.36964047725169,0.3155304442144262,F2 ΔQ+Capacity,Linear Regression
35,7,5,11.035806106790558,81.60784101708428,92.29881973990567,-0.011217270529356282,F2 ΔQ+Capacity,Linear Regression
36,8,1,10.281115225268334,80.75022487230532,98.97416552452196,0.5186104879482056,F2 ΔQ+Capacity,Linear Regression
37,8,2,5.832017438495592,54.81047384032286,66.87505834731319,0.8654572190460438,F2 ΔQ+Capacity,Linear Regression
38,8,3,6.921752063140979,57.614562307426745,71.06636123042217,0.7666649469554361,F2 ΔQ+Capacity,Linear Regression
39,8,4,4.289297575404921,37.432216691029,45.45649817566038,0.9394256271757487,F2 ΔQ+Capacity,Linear Regression
40,8,5,8.686871538183356,76.22310416283621,88.43024924430762,0.7939493271795024,F2 ΔQ+Capacity,Linear Regression
41,9,1,7.963591671982496,74.75040094006629,82.29816351583528,0.7988770637548381,F2 ΔQ+Capacity,Linear Regression
42,9,2,7.493195875210963,57.13187083426185,81.11899289120267,0.7946417252233502,F2 ΔQ+Capacity,Linear Regression
43,9,3,8.011949795163378,71.81439735373753,84.69315474880368,0.7511321381558068,F2 ΔQ+Capacity,Linear Regression
44,9,4,7.027944586081365,58.69124789570055,79.93724882513274,0.8498411534079418,F2 ΔQ+Capacity,Linear Regression
45,9,5,7.421349385652198,56.054037422996245,67.0602912279611,0.7656683472364224,F2 ΔQ+Capacity,Linear Regression
46,10,1,8.658262750000715,66.19230210171798,78.98338873506145,0.8802542845976724,F2 ΔQ+Capacity,Linear Regression
47,10,2,12.011141119077047,95.14486037017802,108.94160411283767,0.6062087653680125,F2 ΔQ+Capacity,Linear Regression
48,10,3,4.861610524222333,45.014850511758205,71.17391922244789,0.7361667941116581,F2 ΔQ+Capacity,Linear Regression
49,10,4,7.414470637465022,61.66104531017725,72.34998179384732,0.8690030656789227,F2 ΔQ+Capacity,Linear Regression
50,10,5,6.437744737805315,58.81936432430674,69.61653962552897,0.8361495381500608,F2 ΔQ+Capacity,Linear Regression
1,1,1,3.2238687157081323,31.725582001108435,51.70061125725056,0.9353084635794047,F2 ΔQ+Capacity,Ridge
2,1,2,7.8246323304948655,53.99421072666017,71.32533950521888,0.5916328945339777,F2 ΔQ+Capacity,Ridge
3,1,3,10.119033583573406,86.39436794137181,94.74531757020391,0.7181039375266218,F2 ΔQ+Capacity,Ridge
4,1,4,8.428828170661937,77.60330089932633,92.5494830820687,0.6886859138751228,F2 ΔQ+Capacity,Ridge
5,1,5,8.372993950647926,65.76422925583093,76.56670591895181,0.8036772933485214,F2 ΔQ+Capacity,Ridge
6,2,1,6.03513197121295,58.64062360168532,63.95809839480669,0.8002349753858661,F2 ΔQ+Capacity,Ridge
7,2,2,6.3851021041235745,56.226305785865165,75.41174570728447,0.8463500010253713,F2 ΔQ+Capacity,Ridge
8,2,3,7.435234752387014,55.708212229670785,64.66965963767032,0.866094818806707,F2 ΔQ+Capacity,Ridge
9,2,4,7.983334215759601,75.51103424506073,96.75035825098892,0.7617838212236994,F2 ΔQ+Capacity,Ridge
10,2,5,9.032604187537792,62.544063363061795,86.35861438400332,0.21827894796282077,F2 ΔQ+Capacity,Ridge
11,3,1,3.524574675778768,25.208527483936777,36.64518272195532,0.9380957561516758,F2 ΔQ+Capacity,Ridge
12,3,2,10.033735977016622,78.28964671093404,90.58960769918849,0.7201201502477461,F2 ΔQ+Capacity,Ridge
13,3,3,7.407622141377187,72.25236818201894,80.53728018065735,0.8485731798389485,F2 ΔQ+Capacity,Ridge
14,3,4,8.12457326605384,75.46289554055348,98.01847857511684,0.7964053729144857,F2 ΔQ+Capacity,Ridge
15,3,5,10.27081614374756,78.45730659416871,86.98639109808629,0.4630703178188399,F2 ΔQ+Capacity,Ridge
16,4,1,7.885550962931087,59.64071040043797,75.0649725451767,0.8042876884716406,F2 ΔQ+Capacity,Ridge
17,4,2,8.232043255823394,83.22211810046976,94.31307257563338,0.7768606037886209,F2 ΔQ+Capacity,Ridge
18,4,3,3.6407227415893466,32.609643801708316,45.45706040596344,0.8867700812823678,F2 ΔQ+Capacity,Ridge
19,4,4,9.303445569435057,67.38884040729138,85.77312821751323,0.4576176232804028,F2 ΔQ+Capacity,Ridge
20,4,5,7.116105510543023,65.63440910603858,86.2153145571688,0.8030575995035161,F2 ΔQ+Capacity,Ridge
21,5,1,6.65833607757404,56.62450445174906,78.1742774487655,0.8497899691118658,F2 ΔQ+Capacity,Ridge
22,5,2,12.340303867291992,109.54753030786628,120.15383183216942,0.7813557902808554,F2 ΔQ+Capacity,Ridge
23,5,3,10.19980112456561,81.63928214987536,94.53740775083646,0.3615473016638221,F2 ΔQ+Capacity,Ridge
24,5,4,10.061025557884795,73.52412015789939,81.86556969538469,0.6965511409241198,F2 ΔQ+Capacity,Ridge
25,5,5,3.3999159197208617,30.8057124010935,42.16797344551383,0.9143451867852235,F2 ΔQ+Capacity,Ridge
26,6,1,9.007640018357273,74.27834796323887,89.66863061878422,0.8215696182736809,F2 ΔQ+Capacity,Ridge
27,6,2,5.690989644786511,42.81147293555589,57.559937493067586,0.6878512903518139,F2 ΔQ+Capacity,Ridge
28,6,3,4.742538968301008,38.652062873219926,57.932096957628644,0.8933611920717813,F2 ΔQ+Capacity,Ridge
29,6,4,9.76873166185243,77.36199752165074,84.49307068251755,0.8151576584912452,F2 ΔQ+Capacity,Ridge
30,6,5,8.113525268444057,79.52261536941714,97.34488102598753,0.74607053242102,F2 ΔQ+Capacity,Ridge
31,7,1,6.127011213692204,63.29114148574615,82.76570586582082,0.8566274323319977,F2 ΔQ+Capacity,Ridge
32,7,2,10.701208041767222,75.95319830865965,92.20579587740126,0.8138982835688018,F2 ΔQ+Capacity,Ridge
33,7,3,6.263906157860739,55.09181202071308,66.76651039822482,0.888195543072955,F2 ΔQ+Capacity,Ridge
34,7,4,7.750224065990049,68.6808852959233,91.18043083604611,0.333041349889322,F2 ΔQ+Capacity,Ridge
35,7,5,10.639205479886051,78.70562679200019,88.63378569831772,0.06749583242034884,F2 ΔQ+Capacity,Ridge
36,8,1,10.253194863261838,80.0669610007761,96.21041497792255,0.545119727742247,F2 ΔQ+Capacity,Ridge
37,8,2,6.499751308948166,62.49598539635086,75.12217760954087,0.8302270912991818,F2 ΔQ+Capacity,Ridge
38,8,3,6.611451082238072,55.64190755300266,70.34176043530631,0.7713989113564409,F2 ΔQ+Capacity,Ridge
39,8,4,3.8851599005415483,33.12528318061499,41.484229536905744,0.949549783835288,F2 ΔQ+Capacity,Ridge
40,8,5,8.704767955398044,76.96587146167221,90.81632405375318,0.7826797594897559,F2 ΔQ+Capacity,Ridge
41,9,1,8.547498016036322,81.54040328842204,91.69709486473629,0.7503149923213371,F2 ΔQ+Capacity,Ridge
42,9,2,7.250414820359027,54.816325652877936,80.10176784749866,0.7997597822042373,F2 ΔQ+Capacity,Ridge
43,9,3,8.128228641717904,73.22729434783369,86.94113051869343,0.7377456127158333,F2 ΔQ+Capacity,Ridge
44,9,4,7.318393134028398,59.56188152131858,80.36014854452188,0.8482481511280641,F2 ΔQ+Capacity,Ridge
45,9,5,6.722407217634663,51.57893350688914,62.98789281254074,0.7932648874188698,F2 ΔQ+Capacity,Ridge
46,10,1,7.382391876688037,54.58953541985112,71.68543799809072,0.901360617844766,F2 ΔQ+Capacity,Ridge
47,10,2,11.95646483480749,95.00173297718379,108.95382230156861,0.6061204302370365,F2 ΔQ+Capacity,Ridge
48,10,3,4.659786398802143,43.394503982768484,70.26224612522122,0.7428824325298917,F2 ΔQ+Capacity,Ridge
49,10,4,7.451001533123,60.742670815075535,71.9059159155677,0.870606182832254,F2 ΔQ+Capacity,Ridge
50,10,5,6.605116203210228,60.50124625667237,71.60335736917455,0.8266636778277515,F2 ΔQ+Capacity,Ridge
1,1,1,3.3665221470737445,33.09097646291349,52.80123258559627,0.9325247920481448,F2 ΔQ+Capacity,ElasticNet
2,1,2,7.817945801971911,53.67856499227464,71.59100106348451,0.5885851843952908,F2 ΔQ+Capacity,ElasticNet
3,1,3,10.14098574642602,86.84452819686952,95.06816863698961,0.7161795045530985,F2 ΔQ+Capacity,ElasticNet
4,1,4,8.535867830978464,79.41856276703086,93.67614165178549,0.6810601642642752,F2 ΔQ+Capacity,ElasticNet
5,1,5,8.184547014706164,64.28611034671816,75.47233695474085,0.8092492727441747,F2 ΔQ+Capacity,ElasticNet
6,2,1,6.268966319100132,61.45572097821699,67.11439850220366,0.7800318652986804,F2 ΔQ+Capacity,ElasticNet
7,2,2,6.374611156580853,56.05527257537824,75.76788906200295,0.8448953034667582,F2 ΔQ+Capacity,ElasticNet
8,2,3,7.32977394691111,54.93258371425694,63.536826223802606,0.8707450257235835,F2 ΔQ+Capacity,ElasticNet
9,2,4,7.998873387774818,75.73670416144573,97.22546535721962,0.759438484407477,F2 ΔQ+Capacity,ElasticNet
10,2,5,9.01448517808471,62.341060215498636,86.80848647989414,0.21011321978307096,F2 ΔQ+Capacity,ElasticNet
11,3,1,3.7967859980779712,26.882854444185952,37.565773968916346,0.9349464019207526,F2 ΔQ+Capacity,ElasticNet
12,3,2,9.965452611613031,77.49381949268948,90.53051402367656,0.7204851752217409,F2 ΔQ+Capacity,ElasticNet
13,3,3,7.724238793611383,75.67818525196432,84.60357836413458,0.8328961911417448,F2 ΔQ+Capacity,ElasticNet
14,3,4,8.071370110653236,75.6027246773925,98.48125469759057,0.7944783658518789,F2 ΔQ+Capacity,ElasticNet
15,3,5,10.011994612019858,76.71310322817256,85.1073094717866,0.4860172908979845,F2 ΔQ+Capacity,ElasticNet
16,4,1,7.818025337716062,58.89231051813486,75.28125767967339,0.8031582496792146,F2 ΔQ+Capacity,ElasticNet
17,4,2,8.247261751287217,83.798185386487,95.87036451662804,0.7694308367916232,F2 ΔQ+Capacity,ElasticNet
18,4,3,3.6244152074310096,32.43552643140879,45.37361959268367,0.8871853886105251,F2 ΔQ+Capacity,ElasticNet
19,4,4,9.234554500785011,66.75626415463213,84.3157602324877,0.47589223838782013,F2 ΔQ+Capacity,ElasticNet
20,4,5,7.4757224429454014,69.44900606180883,89.3836628770511,0.7883166555043923,F2 ΔQ+Capacity,ElasticNet
21,5,1,6.62311152281023,56.54710379194981,78.34418161565887,0.8491363258667982,F2 ΔQ+Capacity,ElasticNet
22,5,2,11.778083667166335,104.45691038980138,115.60152789442597,0.7976096143570082,F2 ΔQ+Capacity,ElasticNet
23,5,3,10.26833757764128,82.04439769433274,94.39625476565635,0.3634524147419791,F2 ΔQ+Capacity,ElasticNet
24,5,4,9.868114211320826,72.28541245372473,80.86175432265404,0.7039471469647169,F2 ΔQ+Capacity,ElasticNet
25,5,5,3.3269163708426674,29.946356679171345,41.06643148770353,0.9187618088320401,F2 ΔQ+Capacity,ElasticNet
26,6,1,9.308379249269219,77.4937341089702,92.15942424408678,0.8115191483546694,F2 ΔQ+Capacity,ElasticNet
27,6,2,5.455074524750893,41.17315466543227,55.47887134837199,0.7100145877059345,F2 ΔQ+Capacity,ElasticNet
28,6,3,4.688750100144948,37.87671062459611,56.62802841148039,0.8981080986439481,F2 ΔQ+Capacity,ElasticNet
29,6,4,9.869500992711089,78.07097820431666,85.69125276125018,0.8098780508839977,F2 ΔQ+Capacity,ElasticNet
30,6,5,8.086869702961852,79.64891142541833,98.22207271052639,0.7414735076726797,F2 ΔQ+Capacity,ElasticNet
31,7,1,6.0407087552680245,63.08786489152101,84.03280734150637,0.8522039042525238,F2 ΔQ+Capacity,ElasticNet
32,7,2,10.838270699632565,76.48756899143157,93.18528699771801,0.809923410347029,F2 ΔQ+Capacity,ElasticNet
33,7,3,6.582102078020993,58.42354304314157,69.3267493466928,0.8794566006713577,F2 ΔQ+Capacity,ElasticNet
34,7,4,7.74800860969148,68.52522176605203,90.68180440362062,0.34031602246729886,F2 ΔQ+Capacity,ElasticNet
35,7,5,10.473596870602615,77.49672586200606,87.16749740875449,0.09809387113313894,F2 ΔQ+Capacity,ElasticNet
36,8,1,10.289864133990188,80.09987405798597,95.29878467900566,0.5536992147084259,F2 ΔQ+Capacity,ElasticNet
37,8,2,6.7689705536985025,65.5927649161267,79.08104149001812,0.8118618744057523,F2 ΔQ+Capacity,ElasticNet
38,8,3,6.555947920059949,55.30245796068459,70.13093530859233,0.7727671634294754,F2 ΔQ+Capacity,ElasticNet
39,8,4,3.705846250937251,31.221202482866357,40.00876309492023,0.953074682019868,F2 ΔQ+Capacity,ElasticNet
40,8,5,8.715927887530862,77.31793606374406,91.91827522030154,0.7773739033208541,F2 ΔQ+Capacity,ElasticNet
41,9,1,8.750798626134888,83.93091619468717,95.31306469114645,0.7302346407954535,F2 ΔQ+Capacity,ElasticNet
42,9,2,7.141368271734645,53.77886648096699,79.78460674519978,0.8013423359946255,F2 ΔQ+Capacity,ElasticNet
43,9,3,8.179623901427242,73.84835068510914,87.95472040209523,0.7315950624804207,F2 ΔQ+Capacity,ElasticNet
44,9,4,7.542605112055442,61.11526132776227,80.68214726398547,0.847029591944463,F2 ΔQ+Capacity,ElasticNet
45,9,5,6.4686747062149195,49.989667068770665,61.371142101710376,0.8037414904648115,F2 ΔQ+Capacity,ElasticNet
46,10,1,7.29539643031322,54.85098901759014,70.21308273029845,0.9053709370270128,F2 ΔQ+Capacity,ElasticNet
47,10,2,11.937164646454706,94.97510700490359,109.05021917209889,0.6054231521881589,F2 ΔQ+Capacity,ElasticNet
48,10,3,4.5841671273638385,42.76357665427382,69.95852791028881,0.7451004802796717,F2 ΔQ+Capacity,ElasticNet
49,10,4,7.46240924369268,60.31636871341076,71.91587800816515,0.8705703270208012,F2 ΔQ+Capacity,ElasticNet
50,10,5,6.67462664098914,61.203908161690784,72.51654410728754,0.822214227554459,F2 ΔQ+Capacity,ElasticNet
1,1,1,2.4783049212721147,22.41943338360788,27.64334483584251,0.9815057257740373,F2 ΔQ+Capacity,Gradient Boosting
2,1,2,12.738915117397479,89.23862478957764,103.50383379840736,0.1400445968267272,F2 ΔQ+Capacity,Gradient Boosting
3,1,3,10.65677376806233,88.4841451369198,109.55035449345819,0.6231217518146703,F2 ΔQ+Capacity,Gradient Boosting
4,1,4,7.916452517042343,75.84295375255746,109.75126879344924,0.5622059284076324,F2 ΔQ+Capacity,Gradient Boosting
5,1,5,6.705632432526112,55.90012788803095,85.09070466392274,0.757531767235821,F2 ΔQ+Capacity,Gradient Boosting
6,2,1,5.959221255387442,58.259011171983914,70.11288842279849,0.7599376321045165,F2 ΔQ+Capacity,Gradient Boosting
7,2,2,5.47671285877356,46.18951815524262,61.54970932294605,0.8976455838281768,F2 ΔQ+Capacity,Gradient Boosting
8,2,3,14.233298831499186,101.6916856198012,116.42268757323517,0.5660182445252355,F2 ΔQ+Capacity,Gradient Boosting
9,2,4,6.920202576967187,66.33186222817353,103.58936304813828,0.7269158993792428,F2 ΔQ+Capacity,Gradient Boosting
10,2,5,9.607169135798522,67.97251828975062,84.3257981081444,0.2546480407335605,F2 ΔQ+Capacity,Gradient Boosting
11,3,1,7.603329310165178,53.83237815165336,70.61631596524911,0.7701223474268046,F2 ΔQ+Capacity,Gradient Boosting
12,3,2,8.98807242641424,75.6349777516914,94.02848470633349,0.6984677634436817,F2 ΔQ+Capacity,Gradient Boosting
13,3,3,4.6392340998373465,45.03352431793058,56.44799402051419,0.9256114812685348,F2 ΔQ+Capacity,Gradient Boosting
14,3,4,8.734182897941324,74.12349148525097,97.90021458734617,0.7968963698624175,F2 ΔQ+Capacity,Gradient Boosting
15,3,5,9.029223717685829,72.99784323793075,86.24318032296031,0.47220616476274124,F2 ΔQ+Capacity,Gradient Boosting
16,4,1,7.513272618113301,62.17693986538424,80.1942696354785,0.7766272664177419,F2 ΔQ+Capacity,Gradient Boosting
17,4,2,9.64158202060705,91.59525995113344,102.544902811585,0.7362086067001115,F2 ΔQ+Capacity,Gradient Boosting
18,4,3,5.942726817995423,51.96112279883356,69.85846606356354,0.7325783334523042,F2 ΔQ+Capacity,Gradient Boosting
19,4,4,13.483958002964847,88.42595064527079,101.52299201171219,0.24014296630783316,F2 ΔQ+Capacity,Gradient Boosting
20,4,5,4.7334075277241965,46.45021448561819,91.26502473799594,0.7793117835937685,F2 ΔQ+Capacity,Gradient Boosting
21,5,1,6.288140969910054,49.44275737928275,70.32190093541224,0.8784507207811962,F2 ΔQ+Capacity,Gradient Boosting
22,5,2,11.738884393293016,96.78425568677423,126.59748768746094,0.757275897389516,F2 ΔQ+Capacity,Gradient Boosting
23,5,3,8.527293385476524,70.44067156270917,85.93944943075985,0.47239794108565636,F2 ΔQ+Capacity,Gradient Boosting
24,5,4,8.024979989213199,62.591946717123975,70.9790997212032,0.771890220174205,F2 ΔQ+Capacity,Gradient Boosting
25,5,5,7.6692068282763675,68.3230045300867,95.06922132356848,0.5646222942501311,F2 ΔQ+Capacity,Gradient Boosting
26,6,1,9.253555506624986,77.49034537837622,97.37326352643905,0.7895896099187518,F2 ΔQ+Capacity,Gradient Boosting
27,6,2,7.164715189354235,61.71690172694563,96.03055697730372,0.1311599893187133,F2 ΔQ+Capacity,Gradient Boosting
28,6,3,7.729666992751609,59.883373431726355,77.63432171495356,0.8084931513296566,F2 ΔQ+Capacity,Gradient Boosting
29,6,4,11.464866970163696,83.29429059817639,100.4672261661724,0.7386586696024331,F2 ΔQ+Capacity,Gradient Boosting
30,6,5,8.774324438254274,81.61963669076579,114.92845024636135,0.6460499600092492,F2 ΔQ+Capacity,Gradient Boosting
31,7,1,7.226628881580415,60.48399818934172,75.63883908562634,0.8802556789739941,F2 ΔQ+Capacity,Gradient Boosting
32,7,2,11.4697111287986,87.21841176144811,104.25614269379659,0.7620765534194937,F2 ΔQ+Capacity,Gradient Boosting
33,7,3,3.922211323858781,37.66399634015858,53.533677265019826,0.9281220118124274,F2 ΔQ+Capacity,Gradient Boosting
34,7,4,12.748855081243438,115.28465136977208,146.59841157349783,-0.7240670782311784,F2 ΔQ+Capacity,Gradient Boosting
35,7,5,9.701027002013191,72.26583107549773,98.91314466230558,-0.16134218457748317,F2 ΔQ+Capacity,Gradient Boosting
36,8,1,10.892586363107167,82.82945376457731,107.98909323613279,0.4269233472853803,F2 ΔQ+Capacity,Gradient Boosting
37,8,2,4.246799092810164,40.06653359684271,48.46800271020145,0.9293288270840437,F2 ΔQ+Capacity,Gradient Boosting
38,8,3,6.950627759336649,55.90977902227826,76.21652086975953,0.7316200495378631,F2 ΔQ+Capacity,Gradient Boosting
39,8,4,4.004204528857606,34.58571707162946,46.41830586468298,0.9368351388189478,F2 ΔQ+Capacity,Gradient Boosting
40,8,5,8.315850880860758,73.06347997761686,88.94675353121049,0.7915352920743113,F2 ΔQ+Capacity,Gradient Boosting
41,9,1,11.106696916363276,103.60322474806036,117.58043235609705,0.5894638376085477,F2 ΔQ+Capacity,Gradient Boosting
42,9,2,8.122536737630504,59.13888867335803,72.49701125933191,0.8359760325511467,F2 ΔQ+Capacity,Gradient Boosting
43,9,3,7.084788271684285,62.40681843839353,79.4720950799631,0.7808701605735819,F2 ΔQ+Capacity,Gradient Boosting
44,9,4,11.047218883894123,90.00865594015113,115.10684892765518,0.6886457059665605,F2 ΔQ+Capacity,Gradient Boosting
45,9,5,4.5175035496863245,36.83426268436491,50.24892111457508,0.868431001627284,F2 ΔQ+Capacity,Gradient Boosting
46,10,1,9.01152391107067,68.66139776175832,84.6397104252939,0.862489204400767,F2 ΔQ+Capacity,Gradient Boosting
47,10,2,10.44475411629164,82.69791006075765,102.42123180093107,0.6519364840556569,F2 ΔQ+Capacity,Gradient Boosting
48,10,3,7.414563058726017,68.16092420406572,103.63417625136624,0.4406370565826735,F2 ΔQ+Capacity,Gradient Boosting
49,10,4,6.272615009877734,51.7680302692792,61.50638998989923,0.9053273017565464,F2 ΔQ+Capacity,Gradient Boosting
50,10,5,4.075087871033526,39.25507684963353,59.58615534830207,0.8799634418529635,F2 ΔQ+Capacity,Gradient Boosting
1,1,1,18.974841743958752,173.25,209.877345132818,-0.06607371104001691,F3 +Sensor,Median Baseline
2,1,2,29.248205824701103,183.57142857142858,207.08210931898486,-2.442296035883137,F3 +Sensor,Median Baseline
3,1,3,14.607268095088694,137.85714285714286,180.74409692000614,-0.025892234572711725,F3 +Sensor,Median Baseline
4,1,4,16.32344499576096,151.85714285714286,181.22558948921724,-0.19368522710752045,F3 +Sensor,Median Baseline
5,1,5,15.051118188605855,133.14285714285714,177.43811798563948,-0.05434914837692029,F3 +Sensor,Median Baseline
6,2,1,19.834939719387965,211.5,255.36150845419127,-2.184485221404241,F3 +Sensor,Median Baseline
7,2,2,14.588175390163697,145.28571428571428,201.65281337699494,-0.0986595721217467,F3 +Sensor,Median Baseline
8,2,3,23.662092424292855,153.0,194.40495290574702,-0.21007108029237154,F3 +Sensor,Median Baseline
9,2,4,20.402265223825022,169.71428571428572,198.357541539802,-0.0012984045205250982,F3 +Sensor,Median Baseline
10,2,5,22.22003034838376,157.85714285714286,162.9474060636043,-1.7831420919327785,F3 +Sensor,Median Baseline
11,3,1,21.460690464514467,138.25,172.9978323563622,-0.3796469432383609,F3 +Sensor,Median Baseline
12,3,2,15.46044778274352,138.0,176.79770522104798,-0.06602679658952493,F3 +Sensor,Median Baseline
13,3,3,18.727383788256535,186.57142857142858,223.1469727076113,-0.16249443750422854,F3 +Sensor,Median Baseline
14,3,4,21.326652676236645,196.57142857142858,225.75081078797606,-0.07996339587978762,F3 +Sensor,Median Baseline
15,3,5,15.813922570840358,115.28571428571429,139.96275014649945,-0.3900797650493537,F3 +Sensor,Median Baseline
16,4,1,17.133100378598748,145.375,169.73545593069232,-0.0006648131495157195,F3 +Sensor,Median Baseline
17,4,2,17.70721769577725,184.14285714285714,231.268242523698,-0.34172794832885867,F3 +Sensor,Median Baseline
18,4,3,14.030172054470459,108.42857142857143,138.28800175203713,-0.04791848858093095,F3 +Sensor,Median Baseline
19,4,4,26.86872300537269,165.0,201.96357521663583,-2.0071090047393363,F3 +Sensor,Median Baseline
20,4,5,18.69017530601104,179.57142857142858,214.04839239226789,-0.2139319273831526,F3 +Sensor,Median Baseline
21,5,1,18.760005080005932,169.625,201.75139404722833,-0.00047046497685898636,F3 +Sensor,Median Baseline
22,5,2,29.28752883664164,246.71428571428572,263.77669126960944,-0.05374508567613678,F3 +Sensor,Median Baseline
23,5,3,13.358165001692917,98.28571428571429,128.78220817666212,-0.18476736421925533,F3 +Sensor,Median Baseline
24,5,4,18.710866362236025,134.85714285714286,165.13630733427462,-0.23471882640586794,F3 +Sensor,Median Baseline
25,5,5,16.974474135722577,159.85714285714286,187.9661823687594,-0.701945914699845,F3 +Sensor,Median Baseline
26,6,1,21.573961918866285,197.25,222.37637014754964,-0.09740012066657888,F3 +Sensor,Median Baseline
27,6,2,10.82276874580516,75.57142857142857,110.15897603009934,-0.1433013001695873,F3 +Sensor,Median Baseline
28,6,3,18.802198037624123,151.28571428571428,179.8042586497089,-0.027251375375780373,F3 +Sensor,Median Baseline
29,6,4,21.871943669587367,164.71428571428572,205.02787266961673,-0.0883913587501004,F3 +Sensor,Median Baseline
30,6,5,19.070819342974524,173.42857142857142,205.7626927173284,-0.13454084088025553,F3 +Sensor,Median Baseline
31,7,1,20.294992286415365,185.5,223.89953104015203,-0.04923213771812773,F3 +Sensor,Median Baseline
32,7,2,25.94482574242668,192.71428571428572,218.90669897731055,-0.048943367197879395,F3 +Sensor,Median Baseline
33,7,3,18.81324207789947,181.85714285714286,221.37072977247917,-0.22908566584974865,F3 +Sensor,Median Baseline
34,7,4,12.111690719197345,102.28571428571429,114.25910404489814,-0.04731484179816037,F3 +Sensor,Median Baseline
35,7,5,16.900958714035028,114.71428571428571,145.58012030689983,-1.5156854100250965,F3 +Sensor,Median Baseline
36,8,1,26.6815431956933,174.0,197.95643460115159,-0.9257157073224669,F3 +Sensor,Median Baseline
37,8,2,15.03114057886308,155.14285714285714,203.96008012774038,-0.25147563891143454,F3 +Sensor,Median Baseline
38,8,3,16.179418988428136,120.42857142857143,151.8424935818128,-0.06521796523041123,F3 +Sensor,Median Baseline
39,8,4,15.741136950210871,152.14285714285714,197.36224852503364,-0.141892296131793,F3 +Sensor,Median Baseline
40,8,5,18.852853432684505,170.14285714285714,200.0703447718898,-0.054721453545835796,F3 +Sensor,Median Baseline
41,9,1,18.315228684956725,186.125,225.5429559973,-0.5105664990917549,F3 +Sensor,Median Baseline
42,9,2,18.165077773717737,138.42857142857142,183.89942903663405,-0.05542619415504424,F3 +Sensor,Median Baseline
43,9,3,13.490063417521295,131.42857142857142,178.32634610254794,-0.10332438805061295,F3 +Sensor,Median Baseline
44,9,4,24.11997002106975,179.42857142857142,208.5829742401262,-0.022375046758553063,F3 +Sensor,Median Baseline
45,9,5,20.14435722314032,145.57142857142858,164.34936655099796,-0.4074603026062247,F3 +Sensor,Median Baseline
46,10,1,25.35148709958181,215.375,229.5988349273576,-0.011877215487138049,F3 +Sensor,Median Baseline
47,10,2,14.506668897733272,124.14285714285714,173.82298056191698,-0.0025196609393642877,F3 +Sensor,Median Baseline
48,10,3,16.839300154901125,122.57142857142857,145.47066469125068,-0.10214450311641698,F3 +Sensor,Median Baseline
49,10,4,20.01358225188815,156.71428571428572,199.94677863300095,-0.0004908079485352879,F3 +Sensor,Median Baseline
50,10,5,14.38038990075319,133.14285714285714,174.58113136467935,-0.030427432987201186,F3 +Sensor,Median Baseline
1,1,1,6.433479210917767,53.47544430023284,68.92458893795651,0.8850247190430113,F3 +Sensor,Linear Regression
2,1,2,8.871823923468833,60.3780041896117,78.41191884209324,0.5064544730918215,F3 +Sensor,Linear Regression
3,1,3,7.58590416305849,67.78381270147166,72.24647799321629,0.8360894685694061,F3 +Sensor,Linear Regression
4,1,4,6.385206758645609,59.99924717161347,75.8666812484464,0.7908042053543501,F3 +Sensor,Linear Regression
5,1,5,9.200676073654497,76.94059364011089,81.10475435619905,0.7797158583413477,F3 +Sensor,Linear Regression
6,2,1,5.174603392271178,50.06586432524999,54.964039361702014,0.8524681965129728,F3 +Sensor,Linear Regression
7,2,2,7.625838784094781,67.27190222516435,74.40433449606938,0.850427743384238,F3 +Sensor,Linear Regression
8,2,3,5.13146558467469,40.21727395122524,52.32600566129323,0.9123339580870535,F3 +Sensor,Linear Regression
9,2,4,6.437575680054129,59.358679797896265,75.5950945842967,0.8545702291760691,F3 +Sensor,Linear Regression
10,2,5,10.005190663116807,70.0353578519665,82.08737099746463,0.29369355301174305,F3 +Sensor,Linear Regression
11,3,1,5.177525429543489,37.091150190999514,42.99281194668153,0.9147923981718391,F3 +Sensor,Linear Regression
12,3,2,8.431839022187415,69.627095486797,77.05324344385237,0.7975131971911179,F3 +Sensor,Linear Regression
13,3,3,7.7644634230992535,70.10249504150508,79.66372895734804,0.8518402804459807,F3 +Sensor,Linear Regression
14,3,4,7.887334424325325,71.05866141559444,83.13660034538164,0.8535346409161765,F3 +Sensor,Linear Regression
15,3,5,10.76054987475413,80.45507459229277,92.71197358474276,0.3900609500948201,F3 +Sensor,Linear Regression
16,4,1,7.5109710530617,60.09575404783803,69.26266569701914,0.8333743370156292,F3 +Sensor,Linear Regression
17,4,2,10.119129275222823,92.7552489191644,105.2155754866163,0.722289349316731,F3 +Sensor,Linear Regression
18,4,3,5.414680313679994,45.85471943064432,54.5568210508404,0.8368990037692683,F3 +Sensor,Linear Regression
19,4,4,8.962415443770974,65.06447518922529,75.8402182508638,0.5759644978370659,F3 +Sensor,Linear Regression
20,4,5,5.98281914094993,54.7600809940883,68.15875939462035,0.8769125578283761,F3 +Sensor,Linear Regression
21,5,1,8.513828441086426,68.51776174563796,79.53653929543455,0.8445092476830929,F3 +Sensor,Linear Regression
22,5,2,13.568619264146875,119.03592716433909,133.74599510457824,0.7290904578297914,F3 +Sensor,Linear Regression
23,5,3,7.932237864014049,63.709386589378774,71.83084144315399,0.6314102487758886,F3 +Sensor,Linear Regression
24,5,4,11.078935831297063,82.13072056378086,88.6194039871148,0.6444173339205173,F3 +Sensor,Linear Regression
25,5,5,3.1379262099464214,28.33374680270148,39.542025518003385,0.9246810708122084,F3 +Sensor,Linear Regression
26,6,1,9.917321813158983,84.42163694693146,88.69392825569092,0.825427629108648,F3 +Sensor,Linear Regression
27,6,2,6.201357612019141,47.85836928691447,56.775624656472864,0.6963000230702195,F3 +Sensor,Linear Regression
28,6,3,9.9954464005529,77.30922705507102,96.69667808358962,0.7029018872232928,F3 +Sensor,Linear Regression
29,6,4,6.656197852150466,53.233966683648646,57.887965695607555,0.9132367424077222,F3 +Sensor,Linear Regression
30,6,5,6.874847074202077,69.10385750569715,89.01951504061768,0.7876475320223175,F3 +Sensor,Linear Regression
31,7,1,9.60288246565244,83.44561084775661,102.1987480980444,0.781396873865316,F3 +Sensor,Linear Regression
32,7,2,12.28164372322018,94.204002714408,101.07909870864364,0.7763563051794643,F3 +Sensor,Linear Regression
33,7,3,6.009020553219082,58.50862422639188,65.06091716095783,0.8938348145608881,F3 +Sensor,Linear Regression
34,7,4,5.541763421074382,49.89098661449891,70.42021106645731,0.6021766461053247,F3 +Sensor,Linear Regression
35,7,5,9.421611316222526,69.48021432577751,76.69133643942968,0.30185634548496654,F3 +Sensor,Linear Regression
36,8,1,8.602643691329323,67.45565895680232,84.52139195472301,0.6489360718719646,F3 +Sensor,Linear Regression
37,8,2,3.811882234192306,34.219491049239146,43.26310411282521,0.9436923495803743,F3 +Sensor,Linear Regression
38,8,3,6.533291268607157,52.62128589320241,64.67088347082047,0.8067722860882746,F3 +Sensor,Linear Regression
39,8,4,16.008757296744335,135.19708204543593,150.88257955471377,0.33261694611627224,F3 +Sensor,Linear Regression
40,8,5,8.949611310638357,78.73171566360179,86.8690462010593,0.8011605995391489,F3 +Sensor,Linear Regression
41,9,1,10.055523774686858,91.47557120880475,118.23600027789101,0.5848731993431588,F3 +Sensor,Linear Regression
42,9,2,9.098161726432965,70.25973407973889,76.6956848286249,0.8164269320063382,F3 +Sensor,Linear Regression
43,9,3,7.292655412131947,67.27852272897306,81.07063210778122,0.7719661527537509,F3 +Sensor,Linear Regression
44,9,4,5.566540735598486,51.41659485011179,70.41209085418784,0.8834943437091946,F3 +Sensor,Linear Regression
45,9,5,9.358305925255927,71.6613748743121,80.48207048680868,0.6624808905675479,F3 +Sensor,Linear Regression
46,10,1,10.816029745965002,85.3394442863083,96.01687555830765,0.8230365418840656,F3 +Sensor,Linear Regression
47,10,2,9.569404572843965,74.09363906698594,83.21090223922126,0.7702587522350587,F3 +Sensor,Linear Regression
48,10,3,4.463548786032127,39.666134562493475,60.45966930667343,0.8096209184492071,F3 +Sensor,Linear Regression
49,10,4,8.606089584901426,71.89761323892948,74.19690639590026,0.8622296138412043,F3 +Sensor,Linear Regression
50,10,5,8.234867261386823,71.3909092951651,77.59227622310068,0.796455304002059,F3 +Sensor,Linear Regression
1,1,1,6.349446211276072,52.609704919626864,67.21406767942045,0.8906606549675623,F3 +Sensor,Ridge
2,1,2,8.03181796238126,54.27980552827962,70.77445146291971,0.5979166581797274,F3 +Sensor,Ridge
3,1,3,7.421699154594595,67.10066829626962,72.5136143100254,0.8348750866760494,F3 +Sensor,Ridge
4,1,4,6.653380488269585,63.23928012763455,76.69116763752622,0.7862325990402187,F3 +Sensor,Ridge
5,1,5,8.94606280288663,75.13987461204117,79.33101028414987,0.7892456356504205,F3 +Sensor,Ridge
6,2,1,5.0840875209003995,48.886203422112715,54.454131892180854,0.8551928369223881,F3 +Sensor,Ridge
7,2,2,7.670915746610922,67.50490713771839,75.05519389857542,0.8477995013087314,F3 +Sensor,Ridge
8,2,3,5.628319713940967,43.69324001784889,52.917898387085685,0.9103394482452156,F3 +Sensor,Ridge
9,2,4,6.590943051830177,60.000294454094906,74.6158553880495,0.8583135450134902,F3 +Sensor,Ridge
10,2,5,9.64785838061686,67.33568709699932,79.25141091865139,0.34165357390977447,F3 +Sensor,Ridge
11,3,1,5.658014478548101,39.907520650258746,45.67998126716768,0.9038081063690799,F3 +Sensor,Ridge
12,3,2,8.260223216749077,68.0046827566654,76.8222307668769,0.7987255250670158,F3 +Sensor,Ridge
13,3,3,8.285542585635765,75.6153504256814,83.78802076386776,0.8361023419404127,F3 +Sensor,Ridge
14,3,4,7.939818162555369,70.92625515552474,82.5629739531206,0.8555488331436816,F3 +Sensor,Ridge
15,3,5,9.95230818132768,74.87409440352098,84.7513270868446,0.49030801834815585,F3 +Sensor,Ridge
16,4,1,7.312799709626709,58.28092325326217,68.04966172107174,0.83915949520735,F3 +Sensor,Ridge
17,4,2,9.507264165574604,88.88891607735907,101.5348130026139,0.7413798181504749,F3 +Sensor,Ridge
18,4,3,5.680818373124089,47.80510082052568,55.598433696224944,0.8306116200917881,F3 +Sensor,Ridge
19,4,4,9.284493103297384,66.67274874962882,76.26622788033849,0.5711873343268032,F3 +Sensor,Ridge
20,4,5,6.3963903508412505,58.82284965418709,69.70136500273237,0.8712779464885155,F3 +Sensor,Ridge
21,5,1,8.51607412439243,68.49251665308338,78.67955200548134,0.8478419476396954,F3 +Sensor,Ridge
22,5,2,12.006467724752339,105.59435795777266,116.76818701350977,0.7935039236015263,F3 +Sensor,Ridge
23,5,3,7.721398310016993,61.742113825257384,68.71369194376187,0.6627065445246425,F3 +Sensor,Ridge
24,5,4,10.56965230043868,78.79780727727002,83.78859126761564,0.6821276814900137,F3 +Sensor,Ridge
25,5,5,3.1745040311046866,28.124764192291114,38.924599147673604,0.9270148322451784,F3 +Sensor,Ridge
26,6,1,9.465941623391323,78.37982030845114,84.5365253103212,0.8414097382302496,F3 +Sensor,Ridge
27,6,2,6.301515968637037,49.12333980728655,55.931655451590906,0.7052619105374526,F3 +Sensor,Ridge
28,6,3,9.418002288057162,72.6684851379193,89.19265400036042,0.7472245118720853,F3 +Sensor,Ridge
29,6,4,6.576478966691289,52.26617898487364,56.924775437126584,0.9161000067266452,F3 +Sensor,Ridge
30,6,5,7.129854016262435,71.07268710996183,90.64224638442117,0.7798350479879843,F3 +Sensor,Ridge
31,7,1,8.369417506178813,76.0729236946817,92.21814280890163,0.8220090340763838,F3 +Sensor,Ridge
32,7,2,12.615862713469092,95.7615500654301,102.33600314832577,0.7707597680445378,F3 +Sensor,Ridge
33,7,3,5.421089428754722,51.184895347778316,56.76532834444064,0.919182005585061,F3 +Sensor,Ridge
34,7,4,5.067829483524675,45.50218654169896,65.6102779057495,0.6546659641313972,F3 +Sensor,Ridge
35,7,5,9.054460470525303,66.75796913901358,74.12335245923025,0.3478277884662735,F3 +Sensor,Ridge
36,8,1,7.791018739731349,61.61322998360991,77.91264243739677,0.7016893253562266,F3 +Sensor,Ridge
37,8,2,4.326916322223367,40.04370028197843,46.94098086000496,0.9337117776547268,F3 +Sensor,Ridge
38,8,3,7.031838133394339,56.21306579640356,66.52399783631444,0.7955399279658033,F3 +Sensor,Ridge
39,8,4,14.545247404371272,122.94668850550947,136.40680749103407,0.4545322689432396,F3 +Sensor,Ridge
40,8,5,9.171162090541985,80.75021603601488,88.77465366832432,0.7923412133230505,F3 +Sensor,Ridge
41,9,1,10.041851388607048,92.63865944265811,115.1394282373851,0.6063326020219209,F3 +Sensor,Ridge
42,9,2,9.382078070016627,71.6545380818726,77.52761982679144,0.8124228173356653,F3 +Sensor,Ridge
43,9,3,7.24832886705353,66.96183462548036,80.8136279682915,0.7734096532550156,F3 +Sensor,Ridge
44,9,4,5.721600847863166,51.65727961074723,68.95720007471262,0.8882592022439054,F3 +Sensor,Ridge
45,9,5,9.296540749253305,71.32942372395335,81.30196241364057,0.6555690716327485,F3 +Sensor,Ridge
46,10,1,9.348116996207475,73.20977380600645,86.21654744174597,0.8573178279468054,F3 +Sensor,Ridge
47,10,2,9.258130726610059,71.57640121336996,80.98450985327216,0.7823882058926872,F3 +Sensor,Ridge
48,10,3,4.820516402009117,41.62208445373996,60.10414130039582,0.811853351666795,F3 +Sensor,Ridge
49,10,4,7.747373328302542,65.79810130504549,68.70577993440794,0.8818671102375237,F3 +Sensor,Ridge
50,10,5,8.29438898413229,72.03934786264817,79.05249830039602,0.7887221327566345,F3 +Sensor,Ridge
1,1,1,6.143665081095265,50.73800107800865,63.80616148225728,0.9014670812975468,F3 +Sensor,ElasticNet
2,1,2,8.074804517779407,53.30690212181954,63.79895217711823,0.6732691454066295,F3 +Sensor,ElasticNet
3,1,3,7.425845115307698,68.17237685320256,75.82462985370309,0.8194514121620615,F3 +Sensor,ElasticNet
4,1,4,6.972435040831669,66.98981473691593,80.07918035409287,0.7669280468790456,F3 +Sensor,ElasticNet
5,1,5,8.484757197265454,71.65585522579204,76.52653857897165,0.8038832233895548,F3 +Sensor,ElasticNet
6,2,1,5.358980153041358,52.25883562446339,57.65287723648981,0.8376806332077908,F3 +Sensor,ElasticNet
7,2,2,7.731131131211493,67.72158345141945,76.06225038568986,0.843687786307326,F3 +Sensor,ElasticNet
8,2,3,6.455655736656174,49.186759347853204,56.18845573625746,0.898914136899648,F3 +Sensor,ElasticNet
9,2,4,7.038885445202575,63.19838331233893,75.96592637020365,0.8531399178915589,F3 +Sensor,ElasticNet
10,2,5,8.883738095588015,61.623968733357756,76.25373172557812,0.39051547792863417,F3 +Sensor,ElasticNet
11,3,1,6.527771409561576,45.118137621033256,50.48962232064761,0.8824856550355211,F3 +Sensor,ElasticNet
12,3,2,8.279282344323688,67.56671444133528,77.08884748212496,0.7973260275622106,F3 +Sensor,ElasticNet
13,3,3,8.982629329952161,83.26275425478549,91.03209057387853,0.8065370001504182,F3 +Sensor,ElasticNet
14,3,4,7.98158692770161,70.55577416976325,82.82241528590335,0.8546395760358303,F3 +Sensor,ElasticNet
15,3,5,8.440352854045674,64.52159164288729,69.70805595819449,0.6551893041150134,F3 +Sensor,ElasticNet
16,4,1,6.998737699344872,55.16948064516717,66.08510558782606,0.8483121964962644,F3 +Sensor,ElasticNet
17,4,2,8.798791103134462,86.20845434459272,98.0402455511401,0.7588755518223413,F3 +Sensor,ElasticNet
18,4,3,6.106440529625229,50.98394690852381,57.98638869268209,0.8157486726690252,F3 +Sensor,ElasticNet
19,4,4,9.858839612827728,69.52300064041955,78.08409753193396,0.550501484869552,F3 +Sensor,ElasticNet
20,4,5,7.005358379255372,64.36946213637269,75.41409780855459,0.8493131089124919,F3 +Sensor,ElasticNet
21,5,1,8.462330150373157,68.1152732518267,76.79748061651928,0.8550343424613046,F3 +Sensor,ElasticNet
22,5,2,9.418258484098539,83.71422656647754,100.65531495582678,0.8465608606514176,F3 +Sensor,ElasticNet
23,5,3,7.5393263592626685,59.7950004213004,66.08030319250402,0.6880640699224553,F3 +Sensor,ElasticNet
24,5,4,9.566540638674725,72.3415384182694,76.44930056262137,0.735375552091188,F3 +Sensor,ElasticNet
25,5,5,3.3915669121833663,29.229577043705426,37.4375035695196,0.9324850305912146,F3 +Sensor,ElasticNet
26,6,1,9.391657605115922,76.24240518710364,83.91530907014578,0.8437319738120106,F3 +Sensor,ElasticNet
27,6,2,6.260290263713551,49.41370056312196,53.88936937580775,0.7263930533519647,F3 +Sensor,ElasticNet
28,6,3,8.235800062336942,63.1593791321505,75.44008949273164,0.8191655482756921,F3 +Sensor,ElasticNet
29,6,4,6.737183825008643,53.12632449142901,58.68608076153918,0.9108277986824096,F3 +Sensor,ElasticNet
30,6,5,7.723518128429693,75.82317127669373,94.76257548114025,0.7593640132786885,F3 +Sensor,ElasticNet
31,7,1,7.42001155624536,71.0199622279855,84.4354209192061,0.8507842857796927,F3 +Sensor,ElasticNet
32,7,2,13.209441258398064,98.22896988430179,104.82832875112766,0.7594578097690309,F3 +Sensor,ElasticNet
33,7,3,5.028395755919864,45.813850460471436,52.13772841147129,0.9318217309086276,F3 +Sensor,ElasticNet
34,7,4,4.849206490648968,43.370579867632614,62.43561239941327,0.6872765984905114,F3 +Sensor,ElasticNet
35,7,5,8.742737585843516,64.67013968864856,71.34207882251157,0.39585149774431627,F3 +Sensor,ElasticNet
36,8,1,7.592638508903547,58.94723534948744,71.24177783289457,0.7505850831247435,F3 +Sensor,ElasticNet
37,8,2,5.134417287587624,49.11579046156229,57.43963762496118,0.9007443049278077,F3 +Sensor,ElasticNet
38,8,3,7.791361465001533,61.65578587514715,70.33407214671935,0.7714488803956165,F3 +Sensor,ElasticNet
39,8,4,11.822625035489727,100.04640416705026,110.32527861830827,0.6431817655287315,F3 +Sensor,ElasticNet
40,8,5,9.547063706617218,84.26061683015159,92.78738084380639,0.7731440520855225,F3 +Sensor,ElasticNet
41,9,1,9.693205042043415,91.62064327142892,108.21721553619766,0.6522444874234821,F3 +Sensor,ElasticNet
42,9,2,9.617517013223528,72.03571515436697,78.1658529462566,0.8093217096336331,F3 +Sensor,ElasticNet
43,9,3,7.318069173667076,67.91107307178704,82.50116911405277,0.7638475792124201,F3 +Sensor,ElasticNet
44,9,4,6.154836738830394,52.80726607639109,67.30638376259813,0.8935452500672803,F3 +Sensor,ElasticNet
45,9,5,9.073584189554252,69.89791532414974,81.94754648682097,0.6500773972788467,F3 +Sensor,ElasticNet
46,10,1,7.107801510778954,57.1167859941245,71.72692936199266,0.9012464003123934,F3 +Sensor,ElasticNet
47,10,2,9.110145622929348,70.71902072293223,81.16421658889323,0.7814213618832047,F3 +Sensor,ElasticNet
48,10,3,5.444121217036956,45.42959103130978,61.22847013364042,0.8047484415890764,F3 +Sensor,ElasticNet
49,10,4,6.252007688261338,55.248575091590055,60.39253569001177,0.9087252170145403,F3 +Sensor,ElasticNet
50,10,5,8.27083809191557,72.2953119117296,80.94529452857277,0.7784835308175718,F3 +Sensor,ElasticNet
1,1,1,6.596960886781577,53.044553276612916,70.08513185863576,0.8811202454680829,F3 +Sensor,Gradient Boosting
2,1,2,9.746352020772498,67.40358847147664,73.1807938913181,0.5701100524328658,F3 +Sensor,Gradient Boosting
3,1,3,9.077572483140727,77.20510047934305,90.12253503899841,0.7449412089253455,F3 +Sensor,Gradient Boosting
4,1,4,5.130430668923239,50.13959965228407,77.46465077309945,0.7818988720649037,F3 +Sensor,Gradient Boosting
5,1,5,8.150571130740218,72.38611921849315,97.90299534610824,0.6790166057347602,F3 +Sensor,Gradient Boosting
6,2,1,9.26755366536907,88.13251735182496,97.69968197493034,0.5338618292005748,F3 +Sensor,Gradient Boosting
7,2,2,5.683261696848709,47.423224035650215,59.79086812205087,0.9034117514178235,F3 +Sensor,Gradient Boosting
8,2,3,12.03344984881207,89.65783301213214,99.75634360802172,0.6813768873313701,F3 +Sensor,Gradient Boosting
9,2,4,6.896213199444776,60.99111825897363,80.78489477676696,0.833916527141551,F3 +Sensor,Gradient Boosting
10,2,5,9.643700301048971,68.96979445786937,73.01997685401143,0.44111319187404197,F3 +Sensor,Gradient Boosting
11,3,1,7.946575924131303,52.90810894501797,66.16102924649006,0.7982139469369613,F3 +Sensor,Gradient Boosting
12,3,2,8.414667856216992,73.73000093974701,89.04987889611259,0.7295533908897138,F3 +Sensor,Gradient Boosting
13,3,3,10.428585122820541,90.87743193391373,108.85746195601456,0.723353427806784,F3 +Sensor,Gradient Boosting
14,3,4,8.158430607590986,68.54804980076621,80.89280286132929,0.8613339433227181,F3 +Sensor,Gradient Boosting
15,3,5,8.471099714865002,69.76166918769447,81.61017471401766,0.5273894610706995,F3 +Sensor,Gradient Boosting
16,4,1,10.374680209705863,81.2515279298109,97.74417041765867,0.6681626884931301,F3 +Sensor,Gradient Boosting
17,4,2,8.941203257437735,86.5909548119674,97.58700243945833,0.7610998500924481,F3 +Sensor,Gradient Boosting
18,4,3,5.577417550596041,46.86001720627386,65.24747205359395,0.7667155019538656,F3 +Sensor,Gradient Boosting
19,4,4,13.720537781024907,91.65704758050435,97.48757805433819,0.2993491824717772,F3 +Sensor,Gradient Boosting
20,4,5,5.287668960512052,48.49818825701224,71.47087631156705,0.8646592411738312,F3 +Sensor,Gradient Boosting
21,5,1,8.299786632829564,64.86120514062536,80.50609389674509,0.8406952612506464,F3 +Sensor,Gradient Boosting
22,5,2,11.104667416929233,92.52605818863474,114.1314146229505,0.8027245103021672,F3 +Sensor,Gradient Boosting
23,5,3,6.592925115991563,55.619630952264465,75.02621639118969,0.5978876254837964,F3 +Sensor,Gradient Boosting
24,5,4,9.253804636715135,74.74445767967605,82.76573175268305,0.689841240941905,F3 +Sensor,Gradient Boosting
25,5,5,4.818585052346572,43.65645535904245,55.503516852611,0.8516022497194324,F3 +Sensor,Gradient Boosting
26,6,1,8.5573147655866,72.83475036880598,89.85958655873037,0.8208088478504076,F3 +Sensor,Gradient Boosting
27,6,2,4.908719871905053,41.17814235698511,51.49000291314046,0.7502147729418491,F3 +Sensor,Gradient Boosting
28,6,3,8.362089061492421,61.477141606171145,83.08141825288321,0.7806767932496899,F3 +Sensor,Gradient Boosting
29,6,4,10.233638030023855,72.45326145930414,88.13921958979316,0.7988603567205189,F3 +Sensor,Gradient Boosting
30,6,5,8.602343199370788,80.42730116415036,105.02330817379394,0.7044314281573386,F3 +Sensor,Gradient Boosting
31,7,1,7.206679863552573,64.30618587506697,73.4005936866823,0.8872375867188358,F3 +Sensor,Gradient Boosting
32,7,2,16.38104199483961,123.67315397691799,134.985327092543,0.6011523261361449,F3 +Sensor,Gradient Boosting
33,7,3,3.5569122802450233,33.86111363211694,42.83065263150884,0.9539901153732089,F3 +Sensor,Gradient Boosting
34,7,4,10.205360870162208,91.71134194139404,111.44159801431006,0.003699629943630378,F3 +Sensor,Gradient Boosting
35,7,5,8.244480278346176,62.30895223680591,79.09023891290367,0.25749743540830783,F3 +Sensor,Gradient Boosting
36,8,1,9.896468960990259,76.34791565431051,94.51321549044133,0.5610268025520626,F3 +Sensor,Gradient Boosting
37,8,2,4.5915959139012354,39.8833856542485,65.78941995984479,0.8697900515144479,F3 +Sensor,Gradient Boosting
38,8,3,7.273939058849797,57.2587636176277,64.52872488237257,0.8076208530671825,F3 +Sensor,Gradient Boosting
39,8,4,8.060548671763499,62.66678812185254,86.94730049793195,0.778379883043206,F3 +Sensor,Gradient Boosting
40,8,5,9.335418751367389,83.8788948524707,107.77071173488454,0.6939630671006973,F3 +Sensor,Gradient Boosting
41,9,1,9.396612455780476,86.77483198626928,96.83275583891165,0.7215636726907351,F3 +Sensor,Gradient Boosting
42,9,2,8.526503658032823,63.764020746034916,71.17773937789521,0.8418914018770509,F3 +Sensor,Gradient Boosting
43,9,3,4.683038012958664,44.238697812378696,58.452596741888506,0.8814559352345326,F3 +Sensor,Gradient Boosting
44,9,4,10.024884479580159,80.66058607412613,96.47387428965992,0.7812883239804727,F3 +Sensor,Gradient Boosting
45,9,5,8.848386650709546,72.9316743827362,94.82013007434404,0.5315090791454581,F3 +Sensor,Gradient Boosting
46,10,1,7.090090618966735,56.85764460178116,77.40096713945238,0.8850043978467256,F3 +Sensor,Gradient Boosting
47,10,2,9.68143401506772,77.993727221492,93.01237111350818,0.7129484178291969,F3 +Sensor,Gradient Boosting
48,10,3,8.55022478828746,70.88069823252034,85.61591360964628,0.6182344960401667,F3 +Sensor,Gradient Boosting
49,10,4,7.059295471825984,57.05104206270299,68.4513330063767,0.8827404833681254,F3 +Sensor,Gradient Boosting
50,10,5,6.34515617581341,52.07038832843138,68.71663300712241,0.8403582247628649,F3 +Sensor,Gradient Boosting
1,1,1,18.974841743958752,173.25,209.877345132818,-0.06607371104001691,F4 +Charging,Median Baseline
2,1,2,29.248205824701103,183.57142857142858,207.08210931898486,-2.442296035883137,F4 +Charging,Median Baseline
3,1,3,14.607268095088694,137.85714285714286,180.74409692000614,-0.025892234572711725,F4 +Charging,Median Baseline
4,1,4,16.32344499576096,151.85714285714286,181.22558948921724,-0.19368522710752045,F4 +Charging,Median Baseline
5,1,5,15.051118188605855,133.14285714285714,177.43811798563948,-0.05434914837692029,F4 +Charging,Median Baseline
6,2,1,19.834939719387965,211.5,255.36150845419127,-2.184485221404241,F4 +Charging,Median Baseline
7,2,2,14.588175390163697,145.28571428571428,201.65281337699494,-0.0986595721217467,F4 +Charging,Median Baseline
8,2,3,23.662092424292855,153.0,194.40495290574702,-0.21007108029237154,F4 +Charging,Median Baseline
9,2,4,20.402265223825022,169.71428571428572,198.357541539802,-0.0012984045205250982,F4 +Charging,Median Baseline
10,2,5,22.22003034838376,157.85714285714286,162.9474060636043,-1.7831420919327785,F4 +Charging,Median Baseline
11,3,1,21.460690464514467,138.25,172.9978323563622,-0.3796469432383609,F4 +Charging,Median Baseline
12,3,2,15.46044778274352,138.0,176.79770522104798,-0.06602679658952493,F4 +Charging,Median Baseline
13,3,3,18.727383788256535,186.57142857142858,223.1469727076113,-0.16249443750422854,F4 +Charging,Median Baseline
14,3,4,21.326652676236645,196.57142857142858,225.75081078797606,-0.07996339587978762,F4 +Charging,Median Baseline
15,3,5,15.813922570840358,115.28571428571429,139.96275014649945,-0.3900797650493537,F4 +Charging,Median Baseline
16,4,1,17.133100378598748,145.375,169.73545593069232,-0.0006648131495157195,F4 +Charging,Median Baseline
17,4,2,17.70721769577725,184.14285714285714,231.268242523698,-0.34172794832885867,F4 +Charging,Median Baseline
18,4,3,14.030172054470459,108.42857142857143,138.28800175203713,-0.04791848858093095,F4 +Charging,Median Baseline
19,4,4,26.86872300537269,165.0,201.96357521663583,-2.0071090047393363,F4 +Charging,Median Baseline
20,4,5,18.69017530601104,179.57142857142858,214.04839239226789,-0.2139319273831526,F4 +Charging,Median Baseline
21,5,1,18.760005080005932,169.625,201.75139404722833,-0.00047046497685898636,F4 +Charging,Median Baseline
22,5,2,29.28752883664164,246.71428571428572,263.77669126960944,-0.05374508567613678,F4 +Charging,Median Baseline
23,5,3,13.358165001692917,98.28571428571429,128.78220817666212,-0.18476736421925533,F4 +Charging,Median Baseline
24,5,4,18.710866362236025,134.85714285714286,165.13630733427462,-0.23471882640586794,F4 +Charging,Median Baseline
25,5,5,16.974474135722577,159.85714285714286,187.9661823687594,-0.701945914699845,F4 +Charging,Median Baseline
26,6,1,21.573961918866285,197.25,222.37637014754964,-0.09740012066657888,F4 +Charging,Median Baseline
27,6,2,10.82276874580516,75.57142857142857,110.15897603009934,-0.1433013001695873,F4 +Charging,Median Baseline
28,6,3,18.802198037624123,151.28571428571428,179.8042586497089,-0.027251375375780373,F4 +Charging,Median Baseline
29,6,4,21.871943669587367,164.71428571428572,205.02787266961673,-0.0883913587501004,F4 +Charging,Median Baseline
30,6,5,19.070819342974524,173.42857142857142,205.7626927173284,-0.13454084088025553,F4 +Charging,Median Baseline
31,7,1,20.294992286415365,185.5,223.89953104015203,-0.04923213771812773,F4 +Charging,Median Baseline
32,7,2,25.94482574242668,192.71428571428572,218.90669897731055,-0.048943367197879395,F4 +Charging,Median Baseline
33,7,3,18.81324207789947,181.85714285714286,221.37072977247917,-0.22908566584974865,F4 +Charging,Median Baseline
34,7,4,12.111690719197345,102.28571428571429,114.25910404489814,-0.04731484179816037,F4 +Charging,Median Baseline
35,7,5,16.900958714035028,114.71428571428571,145.58012030689983,-1.5156854100250965,F4 +Charging,Median Baseline
36,8,1,26.6815431956933,174.0,197.95643460115159,-0.9257157073224669,F4 +Charging,Median Baseline
37,8,2,15.03114057886308,155.14285714285714,203.96008012774038,-0.25147563891143454,F4 +Charging,Median Baseline
38,8,3,16.179418988428136,120.42857142857143,151.8424935818128,-0.06521796523041123,F4 +Charging,Median Baseline
39,8,4,15.741136950210871,152.14285714285714,197.36224852503364,-0.141892296131793,F4 +Charging,Median Baseline
40,8,5,18.852853432684505,170.14285714285714,200.0703447718898,-0.054721453545835796,F4 +Charging,Median Baseline
41,9,1,18.315228684956725,186.125,225.5429559973,-0.5105664990917549,F4 +Charging,Median Baseline
42,9,2,18.165077773717737,138.42857142857142,183.89942903663405,-0.05542619415504424,F4 +Charging,Median Baseline
43,9,3,13.490063417521295,131.42857142857142,178.32634610254794,-0.10332438805061295,F4 +Charging,Median Baseline
44,9,4,24.11997002106975,179.42857142857142,208.5829742401262,-0.022375046758553063,F4 +Charging,Median Baseline
45,9,5,20.14435722314032,145.57142857142858,164.34936655099796,-0.4074603026062247,F4 +Charging,Median Baseline
46,10,1,25.35148709958181,215.375,229.5988349273576,-0.011877215487138049,F4 +Charging,Median Baseline
47,10,2,14.506668897733272,124.14285714285714,173.82298056191698,-0.0025196609393642877,F4 +Charging,Median Baseline
48,10,3,16.839300154901125,122.57142857142857,145.47066469125068,-0.10214450311641698,F4 +Charging,Median Baseline
49,10,4,20.01358225188815,156.71428571428572,199.94677863300095,-0.0004908079485352879,F4 +Charging,Median Baseline
50,10,5,14.38038990075319,133.14285714285714,174.58113136467935,-0.030427432987201186,F4 +Charging,Median Baseline
1,1,1,10.68402935301183,91.4965463601751,113.1570776536741,0.6901014414419803,F4 +Charging,Linear Regression
2,1,2,11.997267607060078,79.06739465756857,95.39165246499583,0.269561256171715,F4 +Charging,Linear Regression
3,1,3,8.705118019877265,79.72775434776474,94.38581614865073,0.72023913052164,F4 +Charging,Linear Regression
4,1,4,6.447900194199958,58.602692072631775,72.06856003465069,0.8112258747934726,F4 +Charging,Linear Regression
5,1,5,7.908944268253995,65.78152965235235,70.56092390804388,0.8332679368762286,F4 +Charging,Linear Regression
6,2,1,6.229416318518993,62.806501557146206,74.25892464137809,0.7307066188626954,F4 +Charging,Linear Regression
7,2,2,7.117024635910553,63.63064394127855,82.35598127786429,0.8167496278342762,F4 +Charging,Linear Regression
8,2,3,6.326493091559217,47.12055759427023,54.6015573968247,0.9045433274582566,F4 +Charging,Linear Regression
9,2,4,5.60328217233834,51.720745232100285,67.71616264973653,0.8833053974591403,F4 +Charging,Linear Regression
10,2,5,10.006987672924236,71.73957944364774,84.05740086988392,0.25938519224890966,F4 +Charging,Linear Regression
11,3,1,8.538584285765253,68.92898107178203,85.78459885518234,0.6607613786560771,F4 +Charging,Linear Regression
12,3,2,9.552876638187357,77.1940843901608,92.9325734030479,0.705455579073373,F4 +Charging,Linear Regression
13,3,3,11.107711947731135,102.46084869485215,113.39028353031772,0.6998346432926514,F4 +Charging,Linear Regression
14,3,4,7.4726475597215805,68.17046809004863,79.12444828045544,0.8673302875444634,F4 +Charging,Linear Regression
15,3,5,9.315534469773969,68.78616197496115,81.93538431627194,0.5236153306604454,F4 +Charging,Linear Regression
16,4,1,11.868524390417473,96.95962542058005,114.77851564003207,0.5424224652781054,F4 +Charging,Linear Regression
17,4,2,9.440666420334324,88.39385709802089,100.85241627903594,0.7448444133872133,F4 +Charging,Linear Regression
18,4,3,5.391882165581981,47.47668572506934,60.320050866928696,0.800619859078496,F4 +Charging,Linear Regression
19,4,4,9.925383788757513,70.21073829902268,80.15850992528581,0.5263011375029488,F4 +Charging,Linear Regression
20,4,5,5.448544488114378,52.28241932305928,63.13627275965078,0.8943843508676592,F4 +Charging,Linear Regression
21,5,1,11.7950515531197,97.10169098495476,117.25214582465524,0.6620808666575065,F4 +Charging,Linear Regression
22,5,2,12.828446933691694,115.80714334048119,128.23678786461588,0.7509491709535983,F4 +Charging,Linear Regression
23,5,3,6.399684911286661,50.01958482613585,58.825389031182006,0.7527985786447651,F4 +Charging,Linear Regression
24,5,4,11.14810012106199,84.72735516738524,92.51588660251416,0.6124608677963751,F4 +Charging,Linear Regression
25,5,5,6.66317858448584,60.29316927191847,70.28296852465392,0.7620495635433095,F4 +Charging,Linear Regression
26,6,1,10.318186433842945,91.78604641225205,101.37111767575675,0.7719572868309572,F4 +Charging,Linear Regression
27,6,2,6.897054005836154,54.13385153285013,68.21588388029768,0.5615784046005035,F4 +Charging,Linear Regression
28,6,3,9.0662244219786,70.15783125583759,86.59455666671911,0.7617362514486671,F4 +Charging,Linear Regression
29,6,4,6.106077733808064,49.94707233145079,64.9560223651814,0.8907558677636658,F4 +Charging,Linear Regression
30,6,5,6.583399097873184,65.14984208926049,83.55940102374365,0.812898400122012,F4 +Charging,Linear Regression
31,7,1,9.643407224627643,81.58039437430907,103.56965651666054,0.7754927922773399,F4 +Charging,Linear Regression
32,7,2,11.683803511230284,89.38682660493471,97.24212966026715,0.79301310002102,F4 +Charging,Linear Regression
33,7,3,8.545086556820666,86.75426048437875,106.15755073662575,0.7173535467652066,F4 +Charging,Linear Regression
34,7,4,6.780863406565965,60.16472381307257,75.13264350387317,0.547151463364356,F4 +Charging,Linear Regression
35,7,5,9.115935050009991,69.77812063085439,74.92919910597304,0.333570268082516,F4 +Charging,Linear Regression
36,8,1,10.51271113169957,78.14680122974185,89.93070308751153,0.6025624434482135,F4 +Charging,Linear Regression
37,8,2,6.101804961484884,54.35820724198277,67.97782655101685,0.8609834194133505,F4 +Charging,Linear Regression
38,8,3,5.236906606176851,45.107687915692836,63.0498032788744,0.8163380040565149,F4 +Charging,Linear Regression
39,8,4,16.921056953129906,147.5020828318388,157.08315906742345,0.27663710533740815,F4 +Charging,Linear Regression
40,8,5,7.758298526326127,67.3926640016208,80.40603239207773,0.8296470714916951,F4 +Charging,Linear Regression
41,9,1,9.470812099114765,88.46471879366764,103.72788051944997,0.6804989272212956,F4 +Charging,Linear Regression
42,9,2,7.539065175076019,59.402872791930086,79.55836274858478,0.8024673996032531,F4 +Charging,Linear Regression
43,9,3,7.958461611030922,74.64561132740447,90.58164645223674,0.7153228451480201,F4 +Charging,Linear Regression
44,9,4,5.655569509814606,50.263518907430075,62.364250636755834,0.9086046825133941,F4 +Charging,Linear Regression
45,9,5,11.536771170639417,88.3972320775644,107.73908823947332,0.39515140350015754,F4 +Charging,Linear Regression
46,10,1,10.66537583626178,82.28752975358823,90.80079362360053,0.8417412446433927,F4 +Charging,Linear Regression
47,10,2,9.49584325573016,73.10118765385917,87.53973362084021,0.7457336112625828,F4 +Charging,Linear Regression
48,10,3,4.038353644695675,35.17676459056877,53.37113948425347,0.8516455277899646,F4 +Charging,Linear Regression
49,10,4,10.965432821213163,88.33635455348822,98.93364486843923,0.7550529019156484,F4 +Charging,Linear Regression
50,10,5,10.07714607661198,86.75769059895286,115.01817045648697,0.552744473575936,F4 +Charging,Linear Regression
1,1,1,6.548434239902928,55.66847190931088,67.28702757071912,0.8904231536029716,F4 +Charging,Ridge
2,1,2,14.55771452646282,90.66835180489575,117.35078764355244,-0.10543974317533134,F4 +Charging,Ridge
3,1,3,8.807002730886813,80.4625497049177,92.09545853316298,0.733651701257637,F4 +Charging,Ridge
4,1,4,7.4849862679004175,74.96385641892401,94.79926615890055,0.6733664974876816,F4 +Charging,Ridge
5,1,5,6.578336701897445,57.4621490929724,64.19053131493072,0.8620147872451576,F4 +Charging,Ridge
6,2,1,5.9323121759521165,58.889619022844826,70.01169118327654,0.7606301186759705,F4 +Charging,Ridge
7,2,2,8.056217860478869,69.904750396102,82.49845219640393,0.8161150550698528,F4 +Charging,Ridge
8,2,3,6.51554546309158,48.94882127769693,61.02586988708482,0.8807593901533768,F4 +Charging,Ridge
9,2,4,6.509242058570976,58.96334951125804,75.34942317047982,0.8555139380951481,F4 +Charging,Ridge
10,2,5,10.434523130637475,74.85687141209719,97.3915671556538,0.0057784203146347135,F4 +Charging,Ridge
11,3,1,7.326157071883362,51.698625872205284,64.85302300471396,0.8061137149166069,F4 +Charging,Ridge
12,3,2,10.019839294280676,79.23014066024895,95.36793824154974,0.6898158074976453,F4 +Charging,Ridge
13,3,3,10.569640094215472,98.93113136848275,108.21555899758576,0.7266064281731295,F4 +Charging,Ridge
14,3,4,7.1546817035194525,64.26530481505127,79.25820328023266,0.8668813684970499,F4 +Charging,Ridge
15,3,5,4.704349691605443,39.47196264914934,48.134069385298396,0.8355931357687925,F4 +Charging,Ridge
16,4,1,10.819822866546131,87.71004031542586,104.22944902472064,0.6226673634184542,F4 +Charging,Ridge
17,4,2,7.955415253647932,84.16150173594454,103.08751321906941,0.7334095469852193,F4 +Charging,Ridge
18,4,3,5.190053188999572,43.58109524030572,54.14277108660457,0.8393652655138897,F4 +Charging,Ridge
19,4,4,9.397559694430022,64.4165847915591,75.33439107189933,0.5816019658007681,F4 +Charging,Ridge
20,4,5,7.02103538665027,66.26928647590378,83.98115315745066,0.81313237737385,F4 +Charging,Ridge
21,5,1,8.66628291607887,69.9669955845626,82.41494934478244,0.8330512484096573,F4 +Charging,Ridge
22,5,2,10.149208253217394,93.714705860427,104.93076995414604,0.8332489993091122,F4 +Charging,Ridge
23,5,3,7.270961053917501,57.610646498979236,61.17877400245912,0.7326237137258254,F4 +Charging,Ridge
24,5,4,8.278634508455674,62.6192116868612,80.52623575278287,0.7063988660457863,F4 +Charging,Ridge
25,5,5,3.55278683065419,33.494059287029344,46.73944942691885,0.8947666254061669,F4 +Charging,Ridge
26,6,1,10.07412751587118,84.83330864509507,96.5605352570696,0.7930873424835005,F4 +Charging,Ridge
27,6,2,4.314242185205779,35.18013959204048,40.524889610025426,0.845273537035543,F4 +Charging,Ridge
28,6,3,6.563064495822261,51.95611272639784,62.80345700873808,0.8746732192740843,F4 +Charging,Ridge
29,6,4,8.537706845952869,65.99979741548887,72.70342698204739,0.8631423624722796,F4 +Charging,Ridge
30,6,5,8.0762779337115,79.62549511178008,98.41164292298458,0.7404746239241534,F4 +Charging,Ridge
31,7,1,7.459367475184932,73.43895000295343,94.08861215214863,0.8147153925810648,F4 +Charging,Ridge
32,7,2,15.722497160950063,109.76314155469824,123.07748085206084,0.6684178569506984,F4 +Charging,Ridge
33,7,3,6.238316565536541,56.8552355195937,62.35411459205589,0.9024848723123071,F4 +Charging,Ridge
34,7,4,5.577169746623638,51.882432662049595,73.21598375333438,0.5699614055431095,F4 +Charging,Ridge
35,7,5,6.671543251058903,50.2103977426952,60.77200981769758,0.5616112690602943,F4 +Charging,Ridge
36,8,1,7.940049375024725,58.608497758031604,70.63114844122089,0.7548423429620579,F4 +Charging,Ridge
37,8,2,7.686217654542723,75.001803963239,87.01855677893258,0.7721989064428799,F4 +Charging,Ridge
38,8,3,7.003443932014933,56.769366255999266,65.72124814946287,0.8004446233692062,F4 +Charging,Ridge
39,8,4,7.812330812839184,69.31992639338577,79.28920626203883,0.8157000935381851,F4 +Charging,Ridge
40,8,5,9.466522579522623,83.75415973155214,103.97019071183428,0.7151671863382133,F4 +Charging,Ridge
41,9,1,9.681563002201852,96.94569524647433,113.40996190614086,0.6180700448850143,F4 +Charging,Ridge
42,9,2,9.10589046206153,66.27462117445293,84.09152760341603,0.7793156221814783,F4 +Charging,Ridge
43,9,3,7.169706576817054,68.14596079757713,84.45745498826697,0.7525154016160548,F4 +Charging,Ridge
44,9,4,7.155758326077015,55.216141539149554,67.97835352415757,0.8914090050523639,F4 +Charging,Ridge
45,9,5,7.945005420164349,62.687591728131565,81.94992698441384,0.6500570671518824,F4 +Charging,Ridge
46,10,1,5.768040881167937,53.37044065254054,64.97233365426153,0.9189700839719633,F4 +Charging,Ridge
47,10,2,10.417848310627766,80.21682877434493,96.65238028556917,0.6900414493850513,F4 +Charging,Ridge
48,10,3,4.4946089058988825,37.844232745497415,57.639901369599734,0.8269649230196486,F4 +Charging,Ridge
49,10,4,5.1697783032633176,46.969612053042624,58.21139244902405,0.9151991401760471,F4 +Charging,Ridge
50,10,5,7.953251327290476,71.01669504967803,86.79169840373129,0.7453291843389047,F4 +Charging,Ridge
1,1,1,6.965349190423059,59.01355357286984,72.68618532862509,0.8721325912281356,F4 +Charging,ElasticNet
2,1,2,10.28430222350831,64.7241919294361,90.64700681355502,0.34041618088256753,F4 +Charging,ElasticNet
3,1,3,8.607171060149897,78.25641985714324,88.64708149124614,0.7532243059329778,F4 +Charging,ElasticNet
4,1,4,6.944502105344015,65.59451379303025,79.16554659352745,0.7722160046306062,F4 +Charging,ElasticNet
5,1,5,7.689488432382703,65.68521422257743,69.24574057354722,0.8394254419464031,F4 +Charging,ElasticNet
6,2,1,5.057809803004015,49.302381926738875,58.67776885873363,0.8318582544902773,F4 +Charging,ElasticNet
7,2,2,7.906430188319172,69.31773951120842,80.44843089222915,0.8251403001664829,F4 +Charging,ElasticNet
8,2,3,4.919979023109479,40.00485342760989,49.18795652882118,0.9225335254161517,F4 +Charging,ElasticNet
9,2,4,5.830206046213416,54.04632934693192,71.24213407334638,0.8708364624714826,F4 +Charging,ElasticNet
10,2,5,8.584199672365655,61.31573337260612,81.35150356457281,0.3063000789809478,F4 +Charging,ElasticNet
11,3,1,5.152551762653511,39.657367748524024,48.8780092870058,0.8898679662508103,F4 +Charging,ElasticNet
12,3,2,9.796463148257727,79.13657366007028,93.06109258965868,0.7046403474890759,F4 +Charging,ElasticNet
13,3,3,9.170455853833825,82.48320180659452,98.89800933165711,0.7716589548137327,F4 +Charging,ElasticNet
14,3,4,7.237945203159471,65.84106460765022,77.25886827767961,0.8735126533100934,F4 +Charging,ElasticNet
15,3,5,7.324924746548474,56.70611028743944,59.87949446677844,0.7455684070417846,F4 +Charging,ElasticNet
16,4,1,10.923100155878355,89.46746711784348,104.35805625707776,0.6217356182092886,F4 +Charging,ElasticNet
17,4,2,8.543152250096515,84.76381155884724,96.09638942702465,0.7683423709784954,F4 +Charging,ElasticNet
18,4,3,5.09498425648439,43.70165901025559,53.77669420778509,0.8415301293483116,F4 +Charging,ElasticNet
19,4,4,8.333139305133464,60.251177175948,72.68776828723583,0.6104836060026098,F4 +Charging,ElasticNet
20,4,5,5.515348280856904,51.91208501276493,65.36240255053158,0.8868052179209934,F4 +Charging,ElasticNet
21,5,1,8.953650849593256,72.04260803731523,87.9669524281264,0.8098001034456455,F4 +Charging,ElasticNet
22,5,2,9.457337871335634,86.31796349908326,98.93656619464109,0.8517562487980171,F4 +Charging,ElasticNet
23,5,3,6.965306220343945,55.40562677836491,59.08807856313023,0.7505858532225969,F4 +Charging,ElasticNet
24,5,4,8.80532433369332,66.57690169557476,76.87783901268985,0.7324005192764169,F4 +Charging,ElasticNet
25,5,5,3.9257816645840777,37.491404159856074,47.51258127835698,0.8912564356484697,F4 +Charging,ElasticNet
26,6,1,8.90833057120506,74.56126923622557,87.3119037233065,0.8308256000268974,F4 +Charging,ElasticNet
27,6,2,5.1410046408903325,40.84840182778623,49.98673841787247,0.7645869589545122,F4 +Charging,ElasticNet
28,6,3,7.333607593059721,57.856457352493244,66.44356434492687,0.8597242407873404,F4 +Charging,ElasticNet
29,6,4,6.383696965167755,52.0749879839599,63.903211644216235,0.8942684388176568,F4 +Charging,ElasticNet
30,6,5,6.8321566288392495,69.25918389718834,90.19021494995837,0.7820254906794062,F4 +Charging,ElasticNet
31,7,1,6.151853561050189,62.427482036660976,81.62783478355895,0.8605425338366534,F4 +Charging,ElasticNet
32,7,2,13.597289961993086,100.28172888980507,106.50278937331255,0.7517119019075442,F4 +Charging,ElasticNet
33,7,3,6.183994893887301,57.92639586073545,66.46576082972467,0.8892005202627272,F4 +Charging,ElasticNet
34,7,4,5.3718683194836085,49.193122063678565,68.51379102481158,0.6234248766883769,F4 +Charging,ElasticNet
35,7,5,7.906204925461813,59.315047224386426,65.63835955499603,0.4885918789341286,F4 +Charging,ElasticNet
36,8,1,6.990986749336267,55.192283364540515,68.27011996018332,0.7709584581999738,F4 +Charging,ElasticNet
37,8,2,6.178354327388109,57.74231920340279,63.991483296799395,0.8768097301967827,F4 +Charging,ElasticNet
38,8,3,5.984510153199161,49.638623544826274,63.01426782422106,0.8165449729283446,F4 +Charging,ElasticNet
39,8,4,12.263421162407475,108.07623227003678,114.78231218985314,0.6137691924299081,F4 +Charging,ElasticNet
40,8,5,8.794791149237719,77.42902361229805,94.00730005098502,0.7671396756318123,F4 +Charging,ElasticNet
41,9,1,9.106171800129042,87.76482131275884,95.25346569123377,0.7305719024077303,F4 +Charging,ElasticNet
42,9,2,8.374938599296357,63.764080863706646,80.13996731669313,0.7995687528647674,F4 +Charging,ElasticNet
43,9,3,6.886419234937493,64.93972363102996,81.49166804975415,0.7695914393537908,F4 +Charging,ElasticNet
44,9,4,5.581814790855194,49.00984666022792,62.59430467235113,0.9079291466955655,F4 +Charging,ElasticNet
45,9,5,8.980047571930259,69.4572611276425,88.89408054350935,0.5882384691160866,F4 +Charging,ElasticNet
46,10,1,7.249686751546509,59.63454412675681,64.73024849210844,0.9195727896054174,F4 +Charging,ElasticNet
47,10,2,9.793383083081396,75.0429153410827,90.10756835814617,0.7305978524339469,F4 +Charging,ElasticNet
48,10,3,3.4361995454234915,30.770399367777664,54.04649109919359,0.8478672559303064,F4 +Charging,ElasticNet
49,10,4,8.405961877533311,70.99497770670574,78.38858655184833,0.8462235088436165,F4 +Charging,ElasticNet
50,10,5,8.305976263417765,72.74631014543615,87.27126830235453,0.7425070277821259,F4 +Charging,ElasticNet
1,1,1,4.44053615840628,34.51923853146887,60.635091308860076,0.9110175863248992,F4 +Charging,Gradient Boosting
2,1,2,10.44125628695722,67.9187698862842,79.49514755882484,0.49272402259312764,F4 +Charging,Gradient Boosting
3,1,3,9.553444986570282,79.23488967896697,100.33721635037193,0.6838467908125052,F4 +Charging,Gradient Boosting
4,1,4,6.795266782316413,65.54357813539671,89.40650499685235,0.7094713184579884,F4 +Charging,Gradient Boosting
5,1,5,7.612487148960399,68.33590851212328,88.6489708789613,0.736829016654492,F4 +Charging,Gradient Boosting
6,2,1,9.32392335466863,88.09233157220035,101.53148082345827,0.49658076166456566,F4 +Charging,Gradient Boosting
7,2,2,5.920619423708735,48.39431780428895,57.703565475770354,0.9100378407795494,F4 +Charging,Gradient Boosting
8,2,3,11.299506126270998,83.93264793484643,96.82883213221189,0.6998035040451891,F4 +Charging,Gradient Boosting
9,2,4,6.8646034573512305,59.89873705967682,81.01264069498114,0.8329787738561931,F4 +Charging,Gradient Boosting
10,2,5,6.328176151924191,43.84188895296467,56.65492708817749,0.6635536301533169,F4 +Charging,Gradient Boosting
11,3,1,6.089819094223056,40.678189811789835,50.361501712833565,0.8830812984895606,F4 +Charging,Gradient Boosting
12,3,2,9.342757983038116,78.586521663142,93.23692028524702,0.7035232003413274,F4 +Charging,Gradient Boosting
13,3,3,10.181088979598364,88.8554326676834,105.31368717917762,0.7410722954567105,F4 +Charging,Gradient Boosting
14,3,4,8.227286767340543,69.30559044847242,88.95241280877018,0.8323259464221068,F4 +Charging,Gradient Boosting
15,3,5,7.351754029044903,60.0972910105604,72.96954538713699,0.6221685823800529,F4 +Charging,Gradient Boosting
16,4,1,8.006161037905038,62.50856315184721,83.71085396867205,0.7566075900395699,F4 +Charging,Gradient Boosting
17,4,2,8.638528237964328,84.181320011319,100.38864451829994,0.7471856934386856,F4 +Charging,Gradient Boosting
18,4,3,4.46636895218604,38.464930173204785,55.62370278479566,0.8304576134994923,F4 +Charging,Gradient Boosting
19,4,4,15.161222142171644,102.30520525542678,106.37376852454776,0.16579620420433405,F4 +Charging,Gradient Boosting
20,4,5,5.340452147609485,49.53428650739839,80.72963015097385,0.8273222748235687,F4 +Charging,Gradient Boosting
21,5,1,8.196821052013359,62.7592785903707,87.80013118552893,0.8105208126729248,F4 +Charging,Gradient Boosting
22,5,2,10.905721625240282,87.74053664415794,107.730358238821,0.824232353489179,F4 +Charging,Gradient Boosting
23,5,3,5.4761424761695805,46.75158001108303,66.61477386853872,0.6829976633199243,F4 +Charging,Gradient Boosting
24,5,4,9.323844539934392,75.82625013370875,87.4825027896758,0.6534823737052597,F4 +Charging,Gradient Boosting
25,5,5,4.126296037955908,36.92659502563337,40.37559529404401,0.9214720626734424,F4 +Charging,Gradient Boosting
26,6,1,9.461962691528663,79.14083675498033,93.06344280356194,0.8078032854829374,F4 +Charging,Gradient Boosting
27,6,2,3.2160712344225693,26.858989854789975,31.41572787637768,0.9070145130956648,F4 +Charging,Gradient Boosting
28,6,3,6.646057006792401,50.74325801695785,65.44745514211255,0.8638986878847856,F4 +Charging,Gradient Boosting
29,6,4,11.496182497648896,79.7410630755444,107.491202334005,0.700838904234131,F4 +Charging,Gradient Boosting
30,6,5,6.81547802247549,66.05375171097171,96.74615895248438,0.7491845253473174,F4 +Charging,Gradient Boosting
31,7,1,7.1840716978915475,62.48181490095037,68.79119296607728,0.9009553780771561,F4 +Charging,Gradient Boosting
32,7,2,17.70744367247568,130.80087763521652,140.17125068233338,0.5699174383613915,F4 +Charging,Gradient Boosting
33,7,3,3.645729106699975,37.18123681628866,47.474405158280746,0.9434723639485725,F4 +Charging,Gradient Boosting
34,7,4,7.864141803630688,72.98361920533296,98.97034568719286,0.21421125512575234,F4 +Charging,Gradient Boosting
35,7,5,9.372397878470302,71.55782564741314,92.22936262813431,-0.00969591188264407,F4 +Charging,Gradient Boosting
36,8,1,9.57902241296095,70.77371518471686,88.52484788601258,0.614891322160078,F4 +Charging,Gradient Boosting
37,8,2,5.304990207036181,47.32580463445702,73.88048267684614,0.8357930628654566,F4 +Charging,Gradient Boosting
38,8,3,7.624577816306337,58.75343776843663,65.89164427092173,0.7994085035842972,F4 +Charging,Gradient Boosting
39,8,4,8.269367570584397,68.83676473480655,82.77953009435598,0.7991171377507509,F4 +Charging,Gradient Boosting
40,8,5,9.614160444718104,84.95305229277584,104.5491091364163,0.7119863892263378,F4 +Charging,Gradient Boosting
41,9,1,9.261272809890508,86.20896738567124,92.84405103456955,0.7440297598193141,F4 +Charging,Gradient Boosting
42,9,2,8.36277068760544,64.8331931449511,79.5959435891264,0.8022807392900058,F4 +Charging,Gradient Boosting
43,9,3,4.423060018931238,41.13422608334957,56.55233637950962,0.8890382494041031,F4 +Charging,Gradient Boosting
44,9,4,9.482253866782496,76.23465835419947,92.23387683179318,0.8000904891972408,F4 +Charging,Gradient Boosting
45,9,5,9.319530909552826,75.52480003904775,96.57803837830495,0.5139769734346851,F4 +Charging,Gradient Boosting
46,10,1,5.385457608888681,45.061024468849354,60.96706658198722,0.9286524513722193,F4 +Charging,Gradient Boosting
47,10,2,10.074516334359972,78.55303259560436,100.59517194496385,0.6642370375171451,F4 +Charging,Gradient Boosting
48,10,3,6.278732648774028,56.14929645443538,88.23826209966063,0.5944899853532097,F4 +Charging,Gradient Boosting
49,10,4,9.268467909910738,73.94231636652546,86.93563288462637,0.8108615089165269,F4 +Charging,Gradient Boosting
50,10,5,5.47167863921097,43.81588767974048,59.784162903402176,0.8791643422437879,F4 +Charging,Gradient Boosting
