batch,cell_index,global_cell_id,cycle_life,target_available,life_group,charging_policy,policy_parse_success,policy_type,c_rate_stage1,switch_soc_pct,c_rate_stage2,policy_new_structure,policy_slow_cycle,qd_n,qd_mean,qd_std,qd_median,qd_min,qd_max,qd_delta,qd_slope,qc_n,qc_mean,qc_std,qc_median,qc_min,qc_max,qc_delta,qc_slope,ir_n,ir_mean,ir_std,ir_median,ir_min,ir_max,ir_delta,ir_slope,tavg_n,tavg_mean,tavg_std,tavg_median,tavg_min,tavg_max,tavg_delta,tavg_slope,tmax_n,tmax_mean,tmax_std,tmax_median,tmax_min,tmax_max,tmax_delta,tmax_slope,tmin_n,tmin_mean,tmin_std,tmin_median,tmin_min,tmin_max,tmin_delta,tmin_slope,chargetime_n,chargetime_mean,chargetime_std,chargetime_median,chargetime_min,chargetime_max,chargetime_delta,chargetime_slope,temperature_range_mean,coulombic_efficiency_mean,delta_q_n,delta_q_min,delta_q_max,delta_q_mean,delta_q_std,delta_q_var,delta_q_log10_var,delta_q_q05,delta_q_q25,delta_q_q50,delta_q_q75,delta_q_q95,delta_q_iqr,delta_q_min_voltage,delta_q_max_voltage,delta_q_area,delta_q_abs_area,delta_q_l1,delta_q_l2,delta_q_skew,delta_q_kurtosis,delta_q_available,delta_q_reason
Batch 1,0,Batch1_000,1190.0,True,"장수명(>1,000)",3.6C(80%)-3.6C,True,2단계 정전류,3.6,80.0,3.6,False,False,99.0,1.0805965747474746,0.04656237053645519,1.0763736,1.0706892,1.5390544,0.005223400000000211,-0.00020680701298699973,99.0,1.0804340131313133,0.04736526226899783,1.0760859,1.0710218,1.5467919,0.004683800000000016,-0.00020859749783547926,99.0,0.01664332204040404,0.00023917491920426298,0.016619267,0.016443744,0.018950272,-7.520000000000096e-05,-6.107912059368519e-07,99.0,31.603747328822767,0.21266708655052075,31.566971697416967,30.28257943076922,32.28574128255086,-0.2922954209944848,-0.0011927638318629287,99.0,35.376748303030304,0.16421644794471943,35.35358,35.118328,35.994705,-0.22721900000000517,-0.00040831369202178454,99.0,29.345268878787877,0.2005766671084965,29.308577,29.012251,30.073803,-0.3112610000000018,-0.0021699178231289105,99.0,13.384230505050484,0.042616296805027,13.358211666666708,13.34010333333281,13.461158333333394,-0.0004883333326688444,-7.997672644818922e-05,6.031479424242425,1.0001735572997474,1000.0,-0.008459642934268818,0.0007679306774941441,-0.0028734152246919164,0.0031101886660313154,9.673273538309652e-06,-5.014426486290442,-0.007867310949289313,-0.006073695936677129,-0.0014445604320567629,-3.229829127893895e-05,0.00037949955706706435,0.00604139764539819,3.0645645645645647,2.0,-0.004315054918759547,0.004436810032272287,0.0029553268326952846,0.004233215718370921,-0.5328580924588826,-1.3490537176384803,True,계산 완료
Batch 1,1,Batch1_001,1179.0,True,"장수명(>1,000)",3.6C(80%)-3.6C,True,2단계 정전류,3.6,80.0,3.6,False,False,99.0,1.0812468797979797,0.0011909795450513007,1.0816207,1.0753012,1.0845895,0.005328500000000069,5.535292517018203e-06,99.0,1.0810921000000002,0.001658588889904394,1.0814048,1.0750588,1.0928036,0.005386299999999844,4.809332096488456e-06,98.0,0.016921770387755098,5.181546998220659e-05,0.016922649999999997,0.016764179,0.017038831,-4.199100000000164e-05,8.622394481932251e-07,99.0,31.33031430692745,0.19339092438669828,31.258835086995443,31.13248260036663,31.981176979797976,-0.47898683915232,-0.003096363028884807,99.0,34.16065478787879,0.21564530298945525,34.137924,33.771145,34.712265,-0.15644400000000047,-0.001985807272726851,99.0,29.561504050505047,0.22989930690028645,29.487072,29.230637,30.28406,-0.42598199999999764,-0.002508015646258387,99.0,13.374696464646446,0.041490605715023735,13.341623333333215,13.341041666666813,13.426406666666661,-0.08423333333363736,-0.0004598014223874941,4.599150737373737,1.00014408165689,1000.0,-0.011003816596621974,-8.800451256757524e-05,-0.00409961462134519,0.003113418110241732,9.693372329181197e-06,-5.0135250605856,-0.009777952683908079,-0.007106537226738069,-0.0031770531950235936,-0.0015893644384464278,-0.00015472902979848076,0.005517172788291641,3.1366366366366365,3.478978978978979,-0.0061545629206738745,0.0061545629206738745,0.00409961462134519,0.0051468941120251625,-0.4300202024473874,-1.0282560836861823,True,계산 완료
Batch 1,2,Batch1_002,1177.0,True,"장수명(>1,000)",3.6C(80%)-3.6C,True,2단계 정전류,3.6,80.0,3.6,False,False,99.0,1.0853711969696969,0.0010255172720119404,1.0856748,1.0799223,1.0880535,0.005018100000000025,1.0295625231922212e-05,99.0,1.0851456515151514,0.0016619167568831272,1.0854056,1.0797698,1.0978745,0.0049015999999999504,9.216586270883094e-06,98.0,0.016768978602040817,5.915965700407669e-05,0.016768869999999998,0.016613184,0.016878299,-1.3807000000001096e-05,1.162834476498017e-06,99.0,31.47958411321121,0.20349689032414997,31.406702352569752,31.268309674127153,32.12018401831506,-0.4734556725399628,-0.0030937701244275768,99.0,34.54464383838384,0.2249075677778975,34.52742,34.141102,35.127342,-0.1905929999999998,-0.0014805758441554786,99.0,29.640758727272726,0.2498129519155309,29.561157,29.269444,30.321005,-0.49550100000000086,-0.0027195127149039536,99.0,13.378886329966337,0.04215735506473223,13.341569999999773,13.341089999999774,13.426306666666642,0.0001250000001178364,-5.114603174483194e-05,4.903885111111111,1.0002090739767184,1000.0,-0.017216391849644463,1.252405183928737e-05,-0.004486734282886989,0.004282697351706903,1.8341496606317323e-05,-4.736565206528272,-0.013719863609224375,-0.007498299533388791,-0.0029649611615130134,-0.0011601861837316485,-4.799066160596765e-05,0.006338113349657143,3.153153153153153,3.481981981981982,-0.00673623726167112,0.006736736073305353,0.004487075271877125,0.006201124062211981,-1.0818176821405654,0.3564103836951258,True,계산 완료
Batch 1,3,Batch1_003,1226.0,True,"장수명(>1,000)",4C(80%)-4C,True,2단계 정전류,4.0,80.0,4.0,False,False,99.0,1.0849489696969699,0.0010963475152406647,1.0853621,1.0797229,1.086253,0.005026900000000056,1.71363475572103e-05,99.0,1.0845464424242426,0.0011227265039499184,1.0849675,1.0793147,1.0858829,0.005003699999999833,1.717180581324473e-05,98.0,0.016310912734693876,5.935147684794354e-05,0.016314978,0.016098134,0.016408285,3.858100000000281e-05,8.373194277782419e-07,99.0,29.942198807956427,0.23836222963443554,29.84754823539978,29.753553673617425,30.92172582060721,-0.4144949296356373,-0.0022541127104160953,99.0,30.662263141414144,0.2684264078811923,30.585636,30.336483,31.691414,-0.4462930000000007,-0.0007081010142235233,99.0,29.38564177777777,0.2698138970129169,29.337318,29.023619,30.475714,-0.23144299999999873,-0.002883963030302786,99.0,12.053277171717166,0.04229336671657676,12.092243333333318,12.007673333333514,12.093001666667018,0.08401166666669013,-0.00012458503401274875,1.276621363636364,1.0003711746728992,1000.0,-0.018960539773269502,0.0001820400912558392,-0.007455784700018413,0.006010499650687977,3.6126106050920296e-05,-4.4421788354813705,-0.018165421610350663,-0.012524710754628243,-0.005860051304605984,-0.0026919645019327088,6.0553703973208667e-05,0.009832746252695534,2.957957957957958,3.5,-0.01119368800441798,0.011211524461609022,0.007467845820598903,0.009574899761245443,-0.4397103034070463,-1.0948886272634752,True,계산 완료
Batch 1,4,Batch1_004,1227.0,True,"장수명(>1,000)",4C(80%)-4C,True,2단계 정전류,4.0,80.0,4.0,False,False,99.0,1.082843531313131,0.001095028753107385,1.0832496,1.0780181,1.0843166,0.004229000000000038,1.8994317872615252e-05,99.0,1.082700305050505,0.0010926879875039618,1.0830988,1.0775421,1.0842149,0.00398350000000014,1.8383106988258537e-05,98.0,0.016668886163265305,6.63298300048169e-05,0.0166772445,0.016368635,0.016787428,-5.331399999999875e-05,2.768146189733007e-07,99.0,31.44888383416564,0.278951346502791,31.367527119565263,31.09803893321298,32.74071235299629,-0.29211541864273016,-0.0004871836229021038,99.0,34.38251588888889,0.3027314433034155,34.341938,32.985813,35.651741,-0.10416000000000025,0.0018715159059990096,99.0,29.487975303030296,0.31285568663240526,29.430073,29.092649,30.841711,-0.2201190000000004,-0.002191890884353446,99.0,12.053313636363642,0.042290664998946834,12.092204999999861,12.007773333333413,12.09293499999961,-7.833333332563086e-05,0.00010934792826296844,4.894540585858586,1.0001322865779052,1000.0,-0.013957995093677344,4.553514587814266e-05,-0.005750008121960181,0.004746193341712184,2.252635123691307e-05,-4.647309129254444,-0.01361686207976907,-0.010177706036320233,-0.004396716480377538,-0.0015283145855090052,-1.1575340370531414e-05,0.008649391450811228,2.8783783783783785,3.4954954954954953,-0.008632988816604847,0.008635041751084406,0.0057514170096480835,0.007454288583646611,-0.36309299331065786,-1.3344997340040674,True,계산 완료
Batch 1,5,Batch1_005,1074.0,True,"장수명(>1,000)",4.4C(80%)-4.4C,True,2단계 정전류,4.4,80.0,4.4,False,False,99.0,1.0803274434343435,0.0010474769149627693,1.0805809,1.075169,1.0820704,0.0036528000000000116,1.1228400742129884e-05,99.0,1.0801648737373737,0.000985239272666947,1.0804118,1.0759794,1.081865,0.0034255999999999176,1.0317516388386283e-05,99.0,0.016270388575757577,9.448637333457257e-05,0.016273551,0.015922785,0.016835118,-0.0001118670000000016,-1.8453287569562565e-07,99.0,30.92149771366389,0.3691986678928377,30.819317383912274,30.71392109177817,32.68150425207759,-0.17162039554327535,0.0009423509569224559,99.0,33.02000678787879,0.37083900622929067,32.907345,32.694057,34.654667,0.043025999999997566,0.00400171844155872,99.0,29.24238684848485,0.39804039592633195,29.130405,28.914812,31.058582,-0.3201319999999974,-0.0002925241682124163,98.0,10.955934948979651,0.04229409868173895,10.917401666666972,10.916876666666697,11.002080000000811,-0.08435999999983324,-1.8997573456595626e-05,3.7776199393939396,1.000150537739909,1000.0,-0.025178778949337288,0.00023711126592161497,-0.01107391297973859,0.008142884490660574,6.630656782824051e-05,-4.178443444980709,-0.024423232183789632,-0.018284544341579195,-0.010102738293367941,-0.004502351554208195,9.872737388991796e-05,0.013782192787371,2.8723723723723724,3.5,-0.016624761670626622,0.016655328750794608,0.01109450776639639,0.013743064066766009,-0.14957460367477807,-1.2276622378385693,True,계산 완료
Batch 1,6,Batch1_006,636.0,True,"중간수명(500~1,000)",4.8C(80%)-4.8C,True,2단계 정전류,4.8,80.0,4.8,False,False,99.0,1.0809117848484848,0.0011514053246823603,1.0812788,1.0758358,1.082139,0.003406800000000043,-4.808646876924093e-06,99.0,1.080420604040404,0.0012815332579406726,1.0807908,1.0752068,1.0844336,0.0035480000000001066,-5.253666048227248e-06,98.0,0.01667571006122449,6.804885384656581e-05,0.016664638,0.016541764,0.017001977,-0.0003333460000000017,-1.0857584646641583e-06,99.0,32.27384521945563,0.16260252465586386,32.22769727735856,32.083406914953294,32.95084463475838,-0.2586887394011157,-0.001001439410899675,99.0,35.79263145454546,0.23537535460197564,35.802235,35.349377,36.496124,0.11689799999999906,0.004405752455164202,99.0,29.74772723232324,0.16899725318645836,29.695097,29.495056,30.358706,-0.4027290000000008,-0.0021013567470620827,99.0,10.04485760942758,0.04386117648401003,10.008315000000099,10.007953333332747,10.179916666666653,-0.08742499999960529,-0.00027192857142914413,6.044904222222221,1.0004550293286911,1000.0,-0.03788603931347978,6.203428184438494e-05,-0.015965056248274823,0.013055042974628193,0.00017043414706938896,-3.7684433859055404,-0.0371205911335999,-0.02857814378155249,-0.012461629147745179,-0.005486428519887565,3.532611458818739e-05,0.023091715261664925,2.933933933933934,3.5,-0.02396808233433735,0.02397678399849678,0.015970913590886853,0.02061908664157796,-0.408548928534953,-1.2382587204379378,True,계산 완료
Batch 1,7,Batch1_007,870.0,True,"중간수명(500~1,000)",4.8C(80%)-4.8C,True,2단계 정전류,4.8,80.0,4.8,False,False,99.0,1.0969264323232324,0.0008160083405221343,1.09716,1.0938644,1.0979686,0.0018981000000000137,-6.4281880024581415e-06,99.0,1.096663804040404,0.001117332685910464,1.0968311,1.0914063,1.1028069,0.0017804999999999627,-8.565363017919851e-06,98.0,0.016213918408163264,4.131874623546634e-05,0.016208507,0.016083084,0.016311171,-3.842100000000029e-05,7.911135720991667e-07,99.0,31.990084509217034,0.14985313884321683,31.948692868224295,31.829572527566512,32.67728035459658,-0.2056716474574003,-0.0004777659306103893,99.0,35.32269474747474,0.2085610524447556,35.308605,34.959915,36.053928,0.167704999999998,0.004255784799010927,99.0,29.580063565656566,0.1501519865699461,29.542273,29.368095,30.249355,-0.3211130000000004,-0.001314988534322507,99.0,10.044094528619514,0.041876731110552554,10.009005000000373,10.007523333333666,10.094543333333423,0.0010150000007040916,-0.00021918115852462072,5.742631181818182,1.000240150375943,1000.0,-0.03823338650707442,-0.00014005599933485997,-0.016645727245619735,0.012401499989028151,0.00015379720197786524,-3.8130515627291564,-0.03700690161647899,-0.027413252108325695,-0.013783253209558977,-0.008127108379724746,-0.00018910417162058355,0.01928614372860095,3.06006006006006,3.4744744744744747,-0.02498791314015368,0.02498791314015368,0.016645727245619735,0.02075388253584024,-0.3339177053609083,-1.1201347364663354,True,계산 완료
Batch 1,8,Batch1_008,879.0,True,"중간수명(500~1,000)",5.4C(40%)-3.6C,True,2단계 정전류,5.4,40.0,3.6,False,False,99.0,1.0947719373737375,0.0008728084188628772,1.0950732,1.0899748,1.0959139,0.004161099999999918,5.429254174399952e-06,99.0,1.094458098989899,0.000848081364321349,1.0947462,1.0898467,1.0956333,0.003962000000000021,4.623489177500631e-06,99.0,0.016711705707070708,6.242931213932121e-05,0.016721431,0.016538974,0.016830463,2.1805999999999215e-05,1.3837452813854894e-06,99.0,32.076506270161325,0.14188113056579413,32.04942305234662,31.931617436594262,32.792923807934905,0.02735569676654137,0.00016473449050329278,99.0,34.45206194949494,0.18530820083422042,34.444057,34.106937,35.160984,0.07370000000000232,0.0026724976252322967,99.0,30.31709192929293,0.1981781057362009,30.293056,30.008883,31.088207,-0.1997909999999976,-0.0016466935435990309,99.0,11.24361163299663,0.04152927768848004,11.20847000000067,11.207536666666662,11.299539999999979,0.08319500000034274,0.0001059493918795632,4.1349700202020205,1.0002867366443509,1000.0,-0.030807702259195047,8.354872197383133e-06,-0.012818967232022799,0.009991252887757006,9.98251342671127e-05,-4.000760092646564,-0.029762059172310028,-0.02206450969788759,-0.010672783599082303,-0.004576162996953459,-7.753156439479655e-06,0.017488346700934132,2.9414414414414414,3.4534534534534536,-0.01924458840131244,0.01924489941814346,0.012819174369232257,0.01624965322794674,-0.32960878032591373,-1.202586455449319,True,계산 완료
Batch 1,9,Batch1_009,1054.0,True,"장수명(>1,000)",5.4C(40%)-3.6C,True,2단계 정전류,5.4,40.0,3.6,False,False,99.0,1.0876998484848484,0.0009772024093552619,1.0879639,1.0829742,1.0889499,0.004656999999999911,1.8204385899829277e-05,99.0,1.0874001565656566,0.0010635966848350786,1.0877025,1.0818604,1.0887136,0.0055445999999999,1.952946815090241e-05,99.0,0.01683536523232323,6.66512456127502e-05,0.016842652,0.016611163,0.016978227,-3.366599999999817e-05,9.212573654918722e-07,99.0,32.64153361126789,0.16860234140324032,32.60532403173157,32.479827336371926,33.48871183242256,0.048081453290826914,0.0008416797575476635,99.0,35.98493365656566,0.23052455651870618,35.965672,35.563446,36.799232,0.34164100000000275,0.005172388670377496,99.0,30.276260303030305,0.21102471553730656,30.23963,29.999718,31.194479,-0.21089499999999717,-0.0013946649969077264,99.0,11.241857609427619,0.04105219255899721,11.208363333333303,11.207688333333257,11.2965616666667,0.0003433333333298094,0.00026083386930668884,5.708673353535354,1.0002756840232487,1000.0,-0.028724475696229934,-3.762094120557906e-05,-0.011510600568480111,0.009343840513066387,8.730735553362071e-05,-4.05894916102121,-0.027295516207316177,-0.019849330484793648,-0.00887282662576653,-0.0038376142328867546,-6.006213624917257e-05,0.016011716251906893,2.9684684684684686,3.5,-0.017280714863526454,0.017280714863526454,0.011510600568480111,0.014822751891102466,-0.42823364658698,-1.1820789770425482,True,계산 완료
Batch 1,10,Batch1_010,906.0,True,"중간수명(500~1,000)",5.4C(50%)-3C,True,2단계 정전류,5.4,50.0,3.0,False,False,99.0,1.0817046181818184,0.001579220410833336,1.0822605,1.0752757,1.0849713,0.006364800000000059,2.5291880024744434e-05,99.0,1.0809541363636364,0.0015181570147785634,1.0814998,1.0746185,1.0822256,0.006302900000000111,2.626134075448949e-05,98.0,0.01656396842857143,6.570418520241626e-05,0.016564669,0.016397769,0.016678397,8.308200000000168e-05,1.6342954558642354e-06,99.0,33.208150668462316,0.18462080921730648,33.15098668425846,32.826765841818094,33.961540016934116,-0.2517544146576398,-0.000633193979055018,99.0,36.87145022222223,0.22493663495084873,36.846054,36.455139,37.614693,0.20051999999999737,0.00466365756338935,99.0,30.29658949494949,0.22258545083622788,30.235731,29.986389,31.066025,-0.3446290000000012,-0.0028268928756954507,99.0,11.688040235690274,0.041529196810841426,11.652169999999993,11.651226666666663,11.736088333333221,-0.00010833333386983668,-0.00016074636157358902,6.574860727272727,1.000694310614683,1000.0,-0.026992931922526497,0.00012131503750222023,-0.010668007843734223,0.009748340329055891,9.503013917109751e-05,-4.022138630142972,-0.02638115751206167,-0.02033123872183551,-0.007321243103877384,-0.0016472412228462022,2.9909377222072153e-05,0.01868399749898931,2.9564564564564564,3.5,-0.01601775346790392,0.016028961493709026,0.010675593703957927,0.01444788913253079,-0.5108381969108907,-1.2878931051207343,True,계산 완료
Batch 1,11,Batch1_011,788.0,True,"중간수명(500~1,000)",5.4C(50%)-3C,True,2단계 정전류,5.4,50.0,3.0,False,False,99.0,1.060083885858586,0.0014342920160654257,1.0605559,1.0537786,1.063239,0.006193300000000068,2.180940259741822e-05,99.0,1.0594954424242424,0.001402876380875574,1.0599971,1.0528742,1.0607792,0.006494299999999953,2.314378107607677e-05,98.0,0.016200727826530613,0.00010881305235525067,0.0161848515,0.015962802,0.016587827,-0.0003035779999999988,-2.6943712903110614e-07,99.0,32.75932260623101,0.21474282746162893,32.700295984432266,32.393739916211324,33.72736964040779,-0.23932000755454652,-0.0004738269335262438,99.0,36.23175358585859,0.22920637638061217,36.227871,35.837601,37.128967,-0.004359999999998365,0.0031186815584420408,99.0,30.14975682828283,0.22718896412561562,30.095085,29.87781,31.120598,-0.24810799999999844,-0.0019145837353119661,99.0,11.684114427609464,0.04071130515832399,11.652381666667255,11.65155833333362,11.736013333333297,-0.0006250000000367351,0.0002203498247787751,6.081996757575757,1.0005554709703448,1000.0,-0.023691513033622602,0.0005818342431713752,-0.008378205102529986,0.008448293450798998,7.137366223081323e-05,-4.14646201264337,-0.02280798019995727,-0.01668157567067899,-0.004951026101698175,-0.00044058237876661716,1.361463822407573e-05,0.01624099329191237,2.9654654654654653,2.0,-0.01258032170542961,0.012626451228780818,0.00840950919932506,0.01189523473112834,-0.5957418719475038,-1.2055809321269422,True,계산 완료
Batch 1,12,Batch1_012,902.0,True,"중간수명(500~1,000)",5.4C(50%)-3.6C,True,2단계 정전류,5.4,50.0,3.6,False,False,99.0,1.082155223232323,0.0008676591348281112,1.0823082,1.077566,1.0833936,0.004347099999999937,1.2573115646275923e-05,99.0,1.0817864303030305,0.0008533204206491508,1.0819519,1.0773059,1.0830293,0.004202000000000039,1.215873964131978e-05,99.0,0.01643905623232323,5.4880352616792105e-05,0.016434561,0.016234221,0.016551878,-2.065599999999737e-05,8.569435992580161e-07,99.0,33.4580219141428,0.19450414547330633,33.423684964684114,33.252135290806805,34.404097530442826,0.10932711270943685,0.0013373515293634405,99.0,37.448847525252525,0.2794643610867388,37.353298,37.017033,38.354816,0.5824699999999936,0.00697777732838638,99.0,30.39357482828283,0.22575941379766695,30.353195,30.105951,31.436415,0.0008769999999991285,-0.0016968381694494753,99.0,10.68385405723906,0.04052066023040222,10.65295333333294,10.652026666666886,10.736731666666675,-0.0001883333330621184,-5.904893836292307e-05,7.055272696969697,1.0003409015873006,1000.0,-0.027438869587688153,-8.11255733985716e-06,-0.011237958333707347,0.008662074833908568,7.503154042823215e-05,-4.124756131426697,-0.026480101708104792,-0.018735501544261624,-0.009636104175375637,-0.004288223631965127,-4.916498827327978e-05,0.014447277912296497,2.9384384384384385,3.5,-0.01687112204261842,0.01687112204261842,0.011237958333707347,0.014186198095259573,-0.33154921574216906,-1.1269864367438225,True,계산 완료
Batch 1,13,Batch1_013,897.0,True,"중간수명(500~1,000)",5.4C(50%)-3.6C,True,2단계 정전류,5.4,50.0,3.6,False,False,99.0,1.0842732373737374,0.0008261310229366408,1.0844252,1.0797893,1.0857729,0.0038567999999998825,4.45867656154544e-06,99.0,1.0840700979797981,0.0008045907132910786,1.0842335,1.0798372,1.08559,0.0035769999999999413,3.2923191094693253e-06,99.0,0.01703655094949495,7.799949017263714e-05,0.017032826,0.016706679,0.017159661,-1.3330999999998372e-05,1.0355082498455494e-06,99.0,32.09216634315908,0.2683114197436291,32.03598200646357,31.890484755868577,33.404808020183474,0.010754457448072685,0.001045226167763197,99.0,34.67959250505051,0.29706811920690884,34.606346,34.294426,35.892479,0.3383099999999999,0.005003438948670763,99.0,30.020152525252527,0.28529193497264443,29.970757,29.757441,31.399296,-0.10909699999999845,-0.0008799971923313207,99.0,10.685353013468022,0.04087637834234377,10.65265833333348,10.652028333333268,10.736171666666632,-0.08337000000034855,-0.0001507945578229317,4.65943997979798,1.000187372582671,1000.0,-0.029137075239816568,-0.00016971032187567986,-0.013148734381658471,0.009467035966586568,8.962476999264367e-05,-4.04757194102298,-0.02855711705042569,-0.022083554117065973,-0.012061264022131146,-0.005562908798755095,-0.0001876225553013999,0.016520645318310878,2.8903903903903903,3.4534534534534536,-0.019738899770472183,0.019738899770472183,0.013148734381658471,0.01619951730953915,-0.1354407440967312,-1.2552082808461884,True,계산 완료
Batch 1,14,Batch1_014,880.0,True,"중간수명(500~1,000)",5.4C(60%)-3C,True,2단계 정전류,5.4,60.0,3.0,False,False,99.0,1.0761029171717171,0.0012270028331920458,1.0765082,1.0708272,1.0778438,0.005235500000000171,2.623412492270825e-05,99.0,1.0753645959595959,0.0011815731656998137,1.075745,1.0702432,1.0771068,0.005228699999999975,2.5453680890544174e-05,99.0,0.016975001838383838,0.00016377523926777992,0.016964767,0.016649306,0.018374495,-6.811500000000054e-05,-7.3095114407757165e-09,99.0,33.07746279993842,0.2771522762845352,33.01143538440852,32.3546779338768,34.344297407096164,-0.14110187141533004,-3.183437471218335e-05,99.0,36.63094507070707,0.29012615672089603,36.59877,36.27322,37.818813,0.3192820000000012,0.00524819325912231,99.0,30.081030757575764,0.2769813044665315,30.002686,29.769632,31.358892,-0.2705120000000001,-0.000604376153369983,98.0,10.794674115646261,0.04054462843334538,10.763338333333255,10.762656666666347,10.847364999999991,0.08350333333337367,0.0003664807477239802,6.549914313131313,1.0006866176306355,1000.0,-0.0282939556930506,-9.331125516033449e-06,-0.011946218223467892,0.009488167346136016,9.002531958828176e-05,-4.0456353233921245,-0.027592620301643965,-0.020986166760292788,-0.010108650416770337,-0.00323681052952135,-3.5036986907315156e-05,0.017749356230771438,2.9024024024024024,3.4684684684684686,-0.017935340239542703,0.017935340239542703,0.011946218223467892,0.015252784142949437,-0.2828771299541191,-1.3138531884610862,True,계산 완료
Batch 1,15,Batch1_015,719.0,True,"중간수명(500~1,000)",5.4C(60%)-3C,True,2단계 정전류,5.4,60.0,3.0,False,False,99.0,1.0676568858585858,0.00140079990792507,1.0680863,1.0611236,1.0693387,0.006626100000000079,2.9049360544229132e-05,99.0,1.066969591919192,0.0013822127420262597,1.0673892,1.0602639,1.0686306,0.006780499999999856,2.900692269636022e-05,99.0,0.016839986434343434,0.0001772071830888031,0.016799783,0.016542939,0.018155931,-0.0002532960000000001,5.750906988251571e-07,99.0,33.147720104395674,0.3265037653790929,33.09224619604321,32.27850164113982,34.67798627056669,-0.01403759940370719,0.0022039629607721956,99.0,37.056188636363636,0.3610814344328588,37.010559,36.583126,38.47617,0.565616999999996,0.008090947915894098,99.0,29.95430322222223,0.334235136702291,29.880424,29.44138,31.53245,-0.16476700000000122,0.001184617934446784,98.0,10.795610034013558,0.04075626732803246,10.763519999999941,10.76270333333329,10.847505000000092,-0.08335500000015017,-2.978194494695276e-05,7.101885414141415,1.0006442316549828,1000.0,-0.02894455469678503,-0.00012937837624389713,-0.011013089313180444,0.009800375237336815,9.604735479260465e-05,-4.017514586871918,-0.02806670959807884,-0.020582167300751394,-0.00790923511665731,-0.001741169223513809,-0.00016107344508695475,0.018840998077237586,2.9174174174174174,3.4804804804804803,-0.016535319139138572,0.016535319139138572,0.011013089313180444,0.014739044869254635,-0.482722936996922,-1.250706764536174,True,계산 완료
Batch 1,16,Batch1_016,862.0,True,"중간수명(500~1,000)",5.4C(60%)-3.6C,True,2단계 정전류,5.4,60.0,3.6,False,False,99.0,1.0864695565656566,0.0012032831895770354,1.0868037,1.0811664,1.0885919,0.005154199999999998,2.316027458256776e-05,99.0,1.0858408646464648,0.0012663907521798978,1.0861852,1.0804018,1.0879163,0.005134299999999925,2.3000472479912396e-05,98.0,0.016697524142857145,9.150855504527552e-05,0.016700174499999998,0.016328048,0.01683085,-1.4819000000002719e-05,1.0256717065466508e-06,99.0,32.41716254671688,0.3760861192544488,32.351221774255514,32.107081208982486,34.17480236509432,0.011527180096145173,0.0028603764372187785,99.0,35.85141423232323,0.4213543522505565,35.770386,35.334137,37.566532,0.532390999999997,0.008577910686456762,99.0,29.839730595959598,0.3826990526363684,29.76465,29.542667,31.665558,-0.029226000000001306,0.0016221259740260663,99.0,10.12547436026938,0.0398003128746187,10.09699833333337,10.096373333333334,10.180956666666559,0.00037499999956125407,-9.454957743671889e-07,6.011683636363636,1.0005792950619652,1000.0,-0.027606674842371115,-9.636798054776953e-05,-0.012403806163792485,0.008922990244351715,7.961975490079586e-05,-4.09897915821512,-0.027151740318765456,-0.020427100034464907,-0.01168155611979893,-0.005154685169977857,-0.0001305984269642553,0.01527241486448705,2.8933933933933935,3.481981981981982,-0.018620843823740192,0.018620843823740192,0.012403806163792485,0.01527725572525483,-0.12313460864828994,-1.2282369894171317,True,계산 완료
Batch 1,17,Batch1_017,857.0,True,"중간수명(500~1,000)",5.4C(60%)-3.6C,True,2단계 정전류,5.4,60.0,3.6,False,False,99.0,1.0771062363636363,0.0010541182453571362,1.0774002,1.072052,1.0792258,0.004924300000000104,1.788623129253169e-05,99.0,1.0768656303030304,0.001005310454988454,1.0771316,1.0720162,1.0790228,0.004683500000000063,1.5934707483007417e-05,99.0,0.016676227535353534,0.0001060814931002281,0.016683105,0.016238289,0.016800802,2.2162999999998656e-05,1.529045318491201e-06,99.0,32.088753858534446,0.4150848258371003,31.9939716042831,31.837954337394546,34.06085739811329,0.16708778395395996,0.0019483041379487933,99.0,35.43276257575758,0.43043072248388786,35.385391,34.941006,37.208405,0.6591180000000065,0.007824397068646018,99.0,29.510072111111107,0.4527673885270333,29.409575,29.182228,31.60013,0.10592700000000121,0.0008730587136674892,99.0,10.13811205387206,0.04178964196492352,10.103795000000051,10.096515000000363,10.18090333333336,0.08308000000012505,0.00020527575757600195,5.922690464646465,1.0002233972905987,1000.0,-0.031067967108938555,-1.5841950119365806e-05,-0.013343115757399526,0.01035470022474281,0.00010721981674428882,-3.96972493533788,-0.03038702969177539,-0.02306959797408739,-0.011524258032984624,-0.004466784252960154,-3.2649947454561345e-05,0.018602813721127237,2.906906906906907,3.46996996996997,-0.020031845257412216,0.020031845257412216,0.013343115757399526,0.016886424578427133,-0.2563726655190609,-1.2911550356460983,True,계산 완료
Batch 1,18,Batch1_018,691.0,True,"중간수명(500~1,000)",5.4C(70%)-3C,True,2단계 정전류,5.4,70.0,3.0,False,False,98.0,1.068100106122449,0.0017050418772144268,1.06847965,1.0638232,1.0701458,-0.0016430999999998974,-4.7540759400362176e-05,98.0,1.2221774714285714,0.2669737819428238,1.068391,1.0641898,1.9679104,-0.0016387999999998293,-0.00429746439369606,99.0,0.018004754414141413,0.001989060076025496,0.019886132,0.015845969,0.019886132,-0.003994543,-5.9918908076685106e-05,99.0,31.831057275618022,0.6363414987519014,31.71161644383056,30.064620276555193,33.08456544528303,1.0983231830532603,0.015283469098475886,99.0,35.415118353535355,0.22457914769082443,35.434071,34.995213,36.084282,0.5895119999999991,0.006160547161410366,99.0,29.92691219191919,0.174858111661688,29.905628,29.688587,30.754562,0.14440700000000106,0.001721454557823548,99.0,9.925956313131316,0.04105495705544721,9.957751666666688,9.872441666666662,9.974201666666582,0.00015833333257830873,-0.0001024144094003983,5.488206161616161,0.9065261908292478,1000.0,-0.04413321540827286,-7.0900211378374265e-06,-0.02070238680333876,0.01496845525007736,0.00022405465257356849,-3.6496460314414816,-0.04351976225607668,-0.03479196884186897,-0.02030333074691726,-0.009071892026328965,-3.1195951627007666e-05,0.025720076815540005,2.9054054054054053,3.4804804804804803,-0.031078091572462316,0.031078091572462316,0.02070238680333876,0.02554250217335901,-0.0521571596856165,-1.3472611617943193,True,계산 완료
Batch 1,19,Batch1_019,788.0,True,"중간수명(500~1,000)",5.4C(70%)-3C,True,2단계 정전류,5.4,70.0,3.0,False,False,99.0,1.0883684717171715,0.0007718216160143594,1.0885627,1.0851147,1.0893054,0.0019703999999998167,-1.0355845392692226e-05,99.0,1.0882763343434345,0.0007318675025286064,1.0885329,1.0851481,1.089165,0.0017872999999999362,-1.1539939393926683e-05,99.0,0.01632486908080808,4.448867431928355e-05,0.016325571,0.016205151,0.016449727,-6.60869999999994e-05,8.964648608535739e-07,99.0,33.044085397077396,0.14781132368475955,33.02017593106701,32.847582607618996,33.744434010289936,0.17184668570421024,0.0015708294315790617,99.0,36.83902758585858,0.2710514007337257,36.838898,36.365547,37.49086,0.8037489999999963,0.008253605380334313,99.0,30.129123131313136,0.1643008813415967,30.104942,29.91865,30.935583,0.024801000000000073,0.0005733002350034077,99.0,9.930255336700304,0.0394706104685032,9.957913333333272,9.874111666666673,9.958483333333183,-0.0001500000004241997,0.00022940954442284963,6.7099044545454545,1.0000846572615043,1000.0,-0.04589269342650848,2.1077895370541288e-05,-0.020106274821769736,0.015497578403806353,0.00024017493638212506,-3.6194723138545757,-0.04478898469074234,-0.034596555267226325,-0.017620875001793122,-0.0077191280063070855,-2.3378554560948295e-05,0.02687742726091924,2.96996996996997,3.478978978978979,-0.030184249165609252,0.030184805979855782,0.020106645660057924,0.02538103718633804,-0.27383458615882,-1.2757908026656486,True,계산 완료
Batch 1,20,Batch1_020,534.0,True,"중간수명(500~1,000)",5.4C(80%)-5.4C,True,2단계 정전류,5.4,80.0,5.4,False,False,99.0,1.0698410858585858,0.004184410419543684,1.0707365,1.0612478,1.0757242,-0.011382199999999898,-0.0001397761818181655,99.0,1.0691817929292928,0.0041300751038101935,1.0700507,1.0606098,1.0749991,-0.0113143,-0.0001388729115646138,98.0,0.015210366091836734,0.00012443316669544924,0.0151654865,0.015036267,0.015740737,-0.000580528000000002,-3.3914779598434947e-06,99.0,32.15292201754506,0.1648237263291412,32.11258446685879,31.951432247422705,32.73997725703559,-0.26927404667744526,-0.0011897298219275343,99.0,34.92834715151515,0.19571626928230298,34.929241,34.514664,35.504932,-0.007225000000005366,0.000589505875077865,99.0,29.96077201010101,0.1983608561425414,29.905926,29.662241,30.597918,-0.33256199999999936,-0.002345111329622504,99.0,9.027207626262616,0.040998403806613376,9.006340000000394,8.985969999999845,9.10201333333389,0.030163333333559805,0.000258586745000779,4.967575141414142,1.0006167284335166,1000.0,-0.06358042689660326,1.8427258121377196e-05,-0.03279598300714767,0.020729964137115416,0.0004297314131260913,-3.366802897461221,-0.06254102620254409,-0.05183163786188252,-0.0338596718508174,-0.021911529938777208,-3.618004518038882e-05,0.02992010792310531,2.9624624624624625,3.4804804804804803,-0.049227298769213654,0.049228016807017966,0.03279646484486227,0.0387927594161344,0.24203597106085864,-1.0720799172814055,True,계산 완료
Batch 1,21,Batch1_021,559.0,True,"중간수명(500~1,000)",5.4C(80%)-5.4C,True,2단계 정전류,5.4,80.0,5.4,False,False,99.0,1.082226497979798,0.0026137864433469775,1.0831832,1.0767291,1.0859262,-0.005709699999999929,-8.178444155842871e-05,99.0,1.081284341414141,0.002628328139828488,1.0818428,1.0757223,1.085077,-0.005895100000000042,-8.371420531847901e-05,98.0,0.015090236234693875,8.166463131560336e-05,0.0151120665,0.014894895,0.015348774,-0.0002038070000000003,4.1181616082785293e-07,99.0,33.13697371135653,0.16882296282525802,33.086142940839714,32.8737447244996,33.6444178320755,-0.34739398984086733,-0.0026169904643187094,99.0,36.94892544444444,0.3652490733977607,36.827511,36.321133,37.615559,-0.5186460000000039,-0.00794239683364195,99.0,30.249985080808077,0.20930964644973193,30.183165,29.948643,30.855131,-0.4000569999999968,-0.0033254373531227204,99.0,8.987271380471347,0.0619947217502286,8.985736666666586,8.896579999999995,9.080738333333283,0.014681666666637838,0.0013106030921457104,6.698940363636364,1.000871665869238,1000.0,-0.06472026276575493,-3.84488197064381e-05,-0.030657577112710634,0.021137237640278268,0.00044678281506159645,-3.3499035388535217,-0.06401997610911006,-0.04937121348448828,-0.02886428022841392,-0.017175935948204935,-0.00010149186241989932,0.032195277536283345,2.9894894894894897,3.4954954954954953,-0.04601984457750404,0.04601984457750404,0.030657577112710634,0.037232016688172206,-0.0903021619545271,-1.1427943017089603,True,계산 완료
Batch 1,22,Batch1_022,891.0,True,"중간수명(500~1,000)",6C(30%)-3.6C,True,2단계 정전류,6.0,30.0,3.6,False,False,99.0,1.082979815151515,0.0007437449096877575,1.0831372,1.0793039,1.0843072,0.002750199999999925,-6.755834260962709e-06,99.0,1.0827749171717174,0.000703384950492735,1.0828848,1.0795349,1.084126,0.002201999999999815,-8.605114409384701e-06,99.0,0.0165919733030303,8.375412013422524e-05,0.016594604,0.016250946,0.016732994,-5.07210000000001e-05,1.2118029189859478e-06,99.0,32.84391283877385,0.2788279704300757,32.77814718665466,32.65172757713247,34.2307555088339,0.09789891616672719,0.0014877664100567255,99.0,36.64192422222223,0.34307513510854476,36.624649,36.186062,37.758316,0.705479000000004,0.00855137382807724,99.0,30.040688757575758,0.2970498807292938,29.977861,29.780579,31.466778,-0.12588600000000127,-0.0011005319727887062,99.0,11.46291215488218,0.04085025378584504,11.43029333333349,11.429220000000107,11.513886666666682,0.08237499999992615,0.0004236679241403564,6.601235464646465,1.0001892306640883,1000.0,-0.032147144008991324,-0.0001204832637033784,-0.014716371313208602,0.01057141006205482,0.00011175471070011387,-3.9517341574826226,-0.03137729548856301,-0.025115476789392355,-0.013254374130594826,-0.006467406498094241,-0.00015275326527113857,0.018648070291298113,2.918918918918919,3.4744744744744747,-0.022092294259523505,0.022092294259523505,0.014716371313208602,0.018116692320002646,-0.1354103129749131,-1.2787422796637729,True,계산 완료
Batch 1,23,Batch1_023,1014.0,True,"장수명(>1,000)",6C(30%)-3.6C,True,2단계 정전류,6.0,30.0,3.6,False,False,99.0,1.0824610575757576,0.00064132569857382,1.0826224,1.0792934,1.0837864,0.0023974999999998303,-6.950910327758102e-06,99.0,1.0823519212121213,0.0006121154920159025,1.0825056,1.0796089,1.0836555,0.0018751999999999658,-9.216599876302762e-06,99.0,0.016824002585858585,8.693802228188712e-05,0.016829848,0.016472535,0.016937815,-9.143999999999125e-06,1.3894804576378498e-06,99.0,31.99077454717494,0.29898691959165946,31.92229278765885,31.81615758166973,33.451957368086994,0.1093001898655821,0.0014121115972737183,99.0,34.8727843939394,0.323882181807654,34.845608,34.461609,36.165897,0.4515039999999999,0.005990100816326991,99.0,29.809444080808078,0.3109969562905942,29.740677,29.545927,31.319263,-0.12247499999999789,-0.001022847631416038,99.0,11.458691784511789,0.03970213109524072,11.430255000000004,11.429698333333363,11.514053333333383,-0.0003200000003751313,0.00013571311069890437,5.063340313131314,1.0001008386552515,1000.0,-0.029953516931757296,-0.00010798210767425907,-0.013340620512360239,0.009545978111708393,9.112569810921573e-05,-4.040359126787989,-0.02889325844847033,-0.022503948220816333,-0.011989735697176207,-0.006035119351696594,-0.00013536499384489694,0.01646882886911974,2.9114114114114114,3.4834834834834836,-0.02002689691191373,0.02002689691191373,0.013340620512360239,0.01640142457428358,-0.1433895777042042,-1.230757025097194,True,계산 완료
Batch 1,24,Batch1_024,1017.0,True,"장수명(>1,000)",6C(40%)-3C,True,2단계 정전류,6.0,40.0,3.0,False,False,99.0,1.0780331868686868,0.0007172188557690706,1.0782109,1.0745355,1.079075,0.0030958999999999293,2.024258503414278e-06,99.0,1.0779243464646464,0.0006442167305979198,1.0780883,1.0744358,1.0789105,0.0029527999999998666,2.118839826845821e-06,99.0,0.016587448888888887,6.660552611486926e-05,0.016575195,0.016390581,0.016691737,-4.86200000000131e-06,1.559594718614932e-06,99.0,33.378063951824195,0.15294544699972382,33.36125883258317,33.2226929389587,34.183592238138615,0.16013511840461803,0.0014368343732457207,99.0,36.866496545454545,0.23390531211500484,36.842693,36.515209,37.596226,0.5345680000000002,0.006592332108843976,99.0,30.499276616161612,0.17820122354974655,30.470282,30.30908,31.356113,-0.07742299999999958,-0.0007835696722321542,99.0,12.128487205387225,0.04038753909514356,12.098313333333742,12.094783333333423,12.182196666666036,0.08339666666691592,-0.00024090744176359177,6.367219929292929,1.0001009791656021,1000.0,-0.03184213409789827,-0.0001502298216001583,-0.013873507013282613,0.010737075181209733,0.00011528478344695003,-3.9382280081153715,-0.031076799354308578,-0.024537491577695608,-0.011237934468067756,-0.005138500133568369,-0.00019439707735060288,0.01939899144412724,2.9504504504504503,3.478978978978979,-0.02082778452299309,0.02082778452299309,0.013873507013282613,0.017539774671047087,-0.33937237856835667,-1.2745580582630516,True,계산 완료
Batch 1,25,Batch1_025,854.0,True,"중간수명(500~1,000)",6C(40%)-3C,True,2단계 정전류,6.0,40.0,3.0,False,False,99.0,1.078847887878788,0.0007311050081300092,1.0790472,1.0752345,1.0799131,0.0028093000000000146,5.12931354370892e-07,99.0,1.0782877686868686,0.0007116347851804845,1.0784976,1.0747926,1.0793456,0.0026313999999998394,-9.550451453209481e-07,99.0,0.0165961417979798,6.445863353693237e-05,0.016592251,0.016397864,0.016699277,-1.1263999999996943e-05,1.3856464687694734e-06,99.0,33.848557073949294,0.15810958881916193,33.818621359592235,33.71110815571554,34.68948736306862,0.11617706101044689,0.0011354072447959831,99.0,37.990239878787875,0.25398808132623263,37.965492,37.585171,38.670872,0.6350750000000005,0.007534115559678791,99.0,30.579572131313135,0.1794044056139844,30.553524,30.400667,31.422405,-0.11003300000000138,-0.0010402031292513344,99.0,12.137498080808081,0.04187385029749038,12.09737499999998,12.095434999999998,12.18101999999999,0.0001883333333960735,-0.0002028850546280703,7.410667747474746,1.0005194483769753,1000.0,-0.02944117289056547,-9.82594134391011e-05,-0.012406193052887388,0.009688863681954993,9.387407944750645e-05,-4.02745430413989,-0.028810687098331473,-0.022277171574855814,-0.009952772265307108,-0.004594706015388805,-0.00015686833817727603,0.01768246555946701,2.9264264264264264,3.484984984984985,-0.018625083502745804,0.018625083502745804,0.012406193052887388,0.015738291884241133,-0.35847270881961985,-1.24159957984498,True,계산 완료
Batch 1,26,Batch1_026,870.0,True,"중간수명(500~1,000)",6C(40%)-3.6C,True,2단계 정전류,6.0,40.0,3.6,False,False,99.0,1.0905742878787879,0.0008664365793143937,1.0908915,1.0870471,1.0915462,0.0017199000000001075,-1.5210461348164644e-05,99.0,1.0905738262626263,0.0009359111164393031,1.0908124,1.0865788,1.0916398,0.0014330000000000176,-1.6435137909702742e-05,99.0,0.016285491838383837,6.390806061352322e-05,0.016286567,0.016129743,0.016389275,1.2887999999999095e-05,1.6321409894869185e-06,99.0,33.15641406115227,0.15128461998627735,33.13189976172951,32.95830385296805,33.91036599442376,0.07716697349176371,0.001791644790263157,99.0,36.41381293939394,0.2863777810351718,36.478378,35.929279,37.077717,0.7073019999999985,0.008838200111317628,99.0,30.38804886868687,0.16913628080384188,30.359579,30.189548,31.177139,-0.06957399999999936,-0.0007561481014220885,99.0,10.800664208754247,0.04210547965081796,10.765060000000327,10.761511666666774,10.897493333333113,-0.0006883333333771446,-4.3559843330466205e-05,6.025764070707071,1.0000007056208575,1000.0,-0.03835445363245393,-0.00014281782944804285,-0.01785015712562481,0.01266506017256949,0.00016040374917480592,-3.7947854823038174,-0.037444624207731605,-0.03038354047112192,-0.01630143601026146,-0.008075114563623031,-0.00020375644249110594,0.02230842590749889,2.9234234234234235,3.475975975975976,-0.026796507343767713,0.026796507343767713,0.01785015712562481,0.021883131741940533,-0.11724410360134359,-1.2770522728434992,True,계산 완료
Batch 1,27,Batch1_027,842.0,True,"중간수명(500~1,000)",6C(40%)-3.6C,True,2단계 정전류,6.0,40.0,3.6,False,False,99.0,1.0820360393939392,0.0007546205717510306,1.0822542,1.0790461,1.0829995,0.0019765000000000477,-1.0758799010503696e-05,99.0,1.0820815363636365,0.0007064355227817068,1.082242,1.0795406,1.0829498,0.0015046999999999144,-1.1596460111298944e-05,99.0,0.01609890666666667,6.684336094274776e-05,0.016091034,0.015953196,0.016209068,3.187999999999802e-05,1.8507288682747288e-06,99.0,33.89497000372245,0.15378586641449746,33.872707935886,33.6704167525676,34.58802774590165,0.17552287300817682,0.0019264369621010194,99.0,37.51131004040404,0.28343690084797435,37.510441,37.047932,38.178074,0.7503320000000002,0.008820061867656583,99.0,30.730024525252528,0.16972486622360097,30.70298,30.495707,31.524157,-0.027342000000000866,-0.0006532564996903587,99.0,10.803712340067367,0.041887635414503355,10.763831666666677,10.762820000000163,10.847453333333336,-0.0008783333330324439,-0.00023735621521330237,6.781285515151515,0.9999579990069098,1000.0,-0.03583211964634625,0.0001835965536658858,-0.01551418714665611,0.011840380414145325,0.00014019460835167622,-3.853268685184124,-0.03468615413756943,-0.02692300590149921,-0.013049511469963249,-0.0061641814308122655,7.439014229416648e-05,0.020758824470686943,2.9534534534534536,3.5,-0.023290628657651215,0.02331058634626393,0.015527662563825841,0.01951267322959092,-0.2899536340955788,-1.2370075501838729,True,계산 완료
Batch 1,28,Batch1_028,860.0,True,"중간수명(500~1,000)",6C(50%)-3C,True,2단계 정전류,6.0,50.0,3.0,False,False,99.0,1.0806956292929293,0.0005808473697885737,1.0808771,1.0777475,1.0815945,0.0019471999999998157,-7.726680272098095e-06,99.0,1.0798740373737374,0.0005813221586696856,1.0800519,1.077327,1.0807645,0.0015108999999999817,-9.828139764983967e-06,99.0,0.01668003754545454,7.820330518033147e-05,0.016677085,0.016467512,0.016806481,6.377100000000066e-05,2.073844860853587e-06,99.0,33.773800525042,0.18464527709028827,33.75822101473294,33.596728373515944,34.68290953452929,0.1854894071547477,0.0021357581604557908,99.0,37.491157878787874,0.33219487095640154,37.503998,36.968616,38.303513,1.0111880000000042,0.010164279678417067,99.0,30.628645454545453,0.18822340734471524,30.594387,30.421293,31.598858,-0.05935999999999808,-0.0004446942362397357,99.0,11.138253585858592,0.04184943449414996,11.178876666666474,11.095753333333414,11.180176666666618,-5.8333333861071424e-05,0.0001551274582560515,6.862512424242424,1.0007608444495424,1000.0,-0.03721348031974192,-8.380384514080974e-06,-0.016698122755162716,0.011963585346691515,0.00014312737434757193,-3.84427729268786,-0.03595464300468914,-0.0287698821009498,-0.015167585995050303,-0.007435709012941938,-8.150515673512127e-05,0.021334173088007863,2.9354354354354353,3.5,-0.02506702675917921,0.02506702675917921,0.016698122755162716,0.020538051283403382,-0.14284737071074222,-1.2386730617622315,True,계산 완료
Batch 1,29,Batch1_029,917.0,True,"중간수명(500~1,000)",6C(50%)-3C,True,2단계 정전류,6.0,50.0,3.0,False,False,99.0,1.0827828212121215,0.0006456219175832134,1.0829672,1.0794537,1.0838029,0.0023569999999999425,-5.2127198515624496e-06,99.0,1.0825825171717172,0.0006321729660368692,1.082762,1.0796207,1.0836452,0.0019523999999999653,-7.180388373517396e-06,99.0,0.016545523626262625,7.677050104955476e-05,0.016537232,0.016308507,0.016658336,1.7818000000002776e-05,1.897672863327278e-06,99.0,32.70415601771739,0.19861272637141353,32.67099526443202,32.52407033272061,33.669942544198896,0.1541169146274015,0.00162609990186158,99.0,35.39940990909091,0.26413450357655754,35.369377,34.993706,36.258759,0.534682999999994,0.006821620395794894,99.0,30.431080343434342,0.1939599263944542,30.397879,30.240517,31.411295,-0.0869230000000023,-0.00024579669758772587,99.0,11.151875336700314,0.04132466874770843,11.179469999999856,11.011841666666927,11.181148333333356,-0.0003499999998890502,0.00010366033807430342,4.968329565656566,1.0001850352695771,1000.0,-0.036868449881918286,0.00014622642198592996,-0.01660052342693117,0.012052479553811803,0.00014526226339505157,-3.8378471901993323,-0.03584526130809227,-0.029017663309440223,-0.015033465636044574,-0.007150976117513086,3.274614311990664e-05,0.021866687191927137,2.9324324324324325,3.5,-0.024920920781161232,0.024930682828830694,0.016607171177101015,0.020510835652887163,-0.13783680436930337,-1.2789101808035328,True,계산 완료
Batch 1,30,Batch1_030,709.0,True,"중간수명(500~1,000)",6C(50%)-3.6C,True,2단계 정전류,6.0,50.0,3.6,False,False,99.0,1.0828237171717172,0.0008262149778357217,1.082983,1.0798637,1.0838182,0.0015437000000000367,-1.6368218923923603e-05,99.0,1.082604001010101,0.0008633774089615209,1.082775,1.0796742,1.0835379,0.0009863999999999429,-1.9219196042040728e-05,99.0,0.01600942625252525,6.761178454028038e-05,0.016003853,0.015838005,0.016130757,5.842799999999926e-05,1.8543058256031116e-06,99.0,33.54008830692456,0.16750947069797165,33.51565886392693,33.30405536118849,34.313850718139626,0.08246494393970494,0.0020146471829799104,99.0,36.797617333333335,0.29038816228444797,36.798958,36.233135,37.483994,0.867752000000003,0.008834424403216058,99.0,30.65161108080808,0.1695076723311848,30.629257,30.457619,31.494495,-0.05286599999999808,-0.000457488707482632,99.0,10.124524292929316,0.03950818464895634,10.09681166666669,10.096456666666684,10.180983333333279,0.0001766666667517569,-0.0002789473716749913,6.146006252525252,1.0002030446311565,1000.0,-0.04081538502439652,-5.329710878929265e-05,-0.017719122166801278,0.013423558102409727,0.00018019191212876985,-3.744264703714113,-0.03984720114815072,-0.030407542218681582,-0.015002058672548113,-0.00719702342309364,-8.338847386015386e-05,0.023210518795587942,2.9624624624624625,3.481981981981982,-0.02660063163695444,0.02660063163695444,0.017719122166801278,0.022225638586521414,-0.2856200322679556,-1.227124675794793,True,계산 완료
Batch 1,31,Batch1_031,876.0,True,"중간수명(500~1,000)",6C(50%)-3.6C,True,2단계 정전류,6.0,50.0,3.6,False,False,99.0,1.097068405050505,0.0009821231393733817,1.0973341,1.0946392,1.0983334,0.0007101999999998831,-2.6201082251071004e-05,99.0,1.0967882626262626,0.0009946128864000466,1.0970653,1.0946599,1.0981189,0.0003445000000001919,-2.7653337043901683e-05,99.0,0.016865566141414143,5.932845832502889e-05,0.016865432,0.016684072,0.016962912,1.0658000000000195e-05,1.3785441311071436e-06,99.0,30.375396745150564,0.19053759086107316,30.34183269795534,30.214056897341884,31.3283164215413,-0.0013151804251876342,9.08466038070755e-05,99.0,30.709141161616163,0.20590096577449943,30.673065,30.407864,31.658901,0.2084969999999977,0.001329198899196283,99.0,30.009055646464653,0.211114430463589,29.958063,29.649641,31.013018,-0.25515100000000146,-0.0015517834632032556,99.0,10.126957558922545,0.04026559820455113,10.096814999999818,10.096241666666659,10.18021333333357,-0.0004933333340879642,2.8119583590282446e-05,0.7000855151515153,1.000255487509465,1000.0,-0.03947820648424727,0.00024625150422956854,-0.017983588803246863,0.01292263101271236,0.00016699439229071527,-3.777298109713372,-0.03857787021205959,-0.03050844461520623,-0.01647627433646459,-0.008253243965388624,0.00010997635854369509,0.022255200649817605,2.9354354354354353,3.5,-0.026996660133403256,0.02702872964162304,0.018005193347225473,0.02214129319038729,-0.11089934658763469,-1.242331646864528,True,계산 완료
Batch 1,32,Batch1_032,731.0,True,"중간수명(500~1,000)",6C(60%)-3C,True,2단계 정전류,6.0,60.0,3.0,False,False,99.0,1.0806714494949494,0.0007058238630044114,1.0808626,1.0778366,1.0816567,0.001543800000000095,-1.277627210883155e-05,99.0,1.0802991686868688,0.000731755526623592,1.0805676,1.0777705,1.0813081,0.0010429000000000688,-1.5568404452671726e-05,99.0,0.016167064252525253,7.648752029957861e-05,0.016162833,0.015933495,0.016290806,5.134400000000178e-05,1.8989050092765925e-06,99.0,33.08050304573434,0.21869223053761905,33.04941632723948,32.872380319012784,34.16577198035539,0.08389806629949703,0.0016211002185915636,99.0,36.23561784848484,0.259079279440316,36.212955,35.908504,37.14436,0.3611450000000005,0.005797009499072611,99.0,30.377384848484855,0.23099187302787472,30.329199,30.193592,31.522469,-0.08713300000000146,-0.0005243193444647212,99.0,10.129902676767715,0.04109708120403716,10.096439999999953,10.095454999999978,10.180015000000033,1.6666660176412051e-06,-8.252716965431568e-05,5.8582329999999985,1.0003446432175223,1000.0,-0.04556628526257467,-5.0009978621518e-05,-0.020730273837007353,0.015030918062443454,0.0002259284977998889,-3.646028983374079,-0.044369910078330146,-0.03558231258709074,-0.01895828040430847,-0.009180953416872917,-0.0001033406768567076,0.026401359170217825,2.93993993993994,3.4714714714714714,-0.031120302528441827,0.031120302528441827,0.020730273837007353,0.025601695698906368,-0.15588996363219895,-1.2798429768176542,True,계산 완료
Batch 1,33,Batch1_033,757.0,True,"중간수명(500~1,000)",6C(60%)-3C,True,2단계 정전류,6.0,60.0,3.0,False,False,99.0,1.0954916464646465,0.0009462319167455618,1.0958773,1.0924908,1.0968262,0.0012749000000000787,-2.1812165739008744e-05,99.0,1.0950465656565658,0.0009821219052478596,1.095423,1.0920898,1.0963454,0.0007654000000001382,-2.4696539270243697e-05,99.0,0.016483775656565655,6.88292793221264e-05,0.016488729,0.016214989,0.016591828,-1.720699999999825e-05,1.1521778231293403e-06,99.0,33.67169761442224,0.2588372219475264,33.64032455514022,33.441911741635685,34.90289117716894,0.18462099010006483,0.0029272580125324537,99.0,37.731304424242424,0.3888525027974466,37.714432,37.165871,38.728722,0.8791009999999986,0.01144528329004348,99.0,30.36514987878788,0.2757583194007757,30.308414,30.119719,31.707602,-0.04002599999999745,-0.0003688041063693709,99.0,10.129993047138067,0.04108792966314634,10.096583333333305,10.095576666666602,10.180468333333556,0.00018833333345646963,0.00017080603999243847,7.366154545454546,1.0004064969557431,1000.0,-0.044901781211682756,-5.389082774078465e-05,-0.021651569301358076,0.014678729152887022,0.00021546508954381534,-3.6666230837970097,-0.044102552480213664,-0.03467491523323657,-0.02212088970822723,-0.01104370037592961,-8.954417463606714e-05,0.02363121485730696,2.9279279279279278,3.4804804804804803,-0.0325019262731264,0.0325019262731264,0.021651569301358076,0.026154159853946427,0.06492954219492558,-1.2329047019421888,True,계산 완료
Batch 1,34,Batch1_034,742.0,True,"중간수명(500~1,000)",7C(30%)-3.6C,True,2단계 정전류,7.0,30.0,3.6,False,False,99.0,1.0800699888888887,0.0007272870882621551,1.0801984,1.0766174,1.0814824,0.0028013000000000066,-3.129647495232311e-07,99.0,1.080049704040404,0.0006612972087880439,1.0801904,1.0769212,1.0813539,0.0023834000000000355,-1.4723747680747742e-06,99.0,0.01685519708080808,7.809430687103169e-05,0.016857415,0.016567618,0.0169825,-2.8376000000000096e-05,1.4302222387139576e-06,99.0,32.66455167507311,0.2597017244641151,32.62002792766739,32.397983270343566,33.94779903460843,0.13016121983973505,0.002670049170415013,99.0,36.08252629292929,0.35435849384898843,36.145824,35.519638,37.240925,0.7644200000000012,0.009285430538033781,99.0,29.988331222222225,0.2715952289461607,29.944895,29.709148,31.331259,0.03272500000000278,0.0006281684724803322,99.0,11.035507962962974,0.0412827447836364,11.001284999999916,10.995244999999947,11.084971666666661,-0.0007116666663016247,0.00023919880437148027,6.0941950707070704,1.0000188030197417,1000.0,-0.037218141748807665,0.00013834274344112118,-0.016080359430316875,0.011909929134393947,0.00014184641198628574,-3.848181642173096,-0.03631858688738967,-0.024807674082634373,-0.01642699939084724,-0.006084497028027658,5.209046980869119e-05,0.018723177054606716,2.864864864864865,3.5,-0.02414064710027393,0.024155425811623218,0.016090340394818946,0.020007061877809054,-0.15112795113447353,-1.1797968610755107,True,계산 완료
Batch 1,35,Batch1_035,703.0,True,"중간수명(500~1,000)",7C(30%)-3.6C,True,2단계 정전류,7.0,30.0,3.6,False,False,99.0,1.0745076737373735,0.0007027143826541125,1.0746617,1.0707464,1.0758256,0.0032472000000001167,3.195320964756719e-06,99.0,1.074457304040404,0.0006522650699003337,1.0745962,1.0711591,1.0757775,0.002706700000000062,1.0874335188735391e-06,99.0,0.016967092292929295,9.272438704902498e-05,0.016958555,0.016647711,0.017091474,3.243499999999733e-05,2.046819134199301e-06,99.0,32.09733437854189,0.27464706897267055,32.03515981278966,31.876174531622297,33.464334959447065,0.15093019559646592,0.0020724694900719847,99.0,34.87752171717172,0.3405093567505815,34.878029,34.377632,36.075569,0.643146999999999,0.008407833951763094,99.0,29.813014555555554,0.290680925766613,29.760654,29.54327,31.275234,-0.08868000000000009,0.00021627189857784056,99.0,11.036444074074083,0.04142379225258245,11.001281666666667,11.000480000000001,11.084886666666716,0.08330999999989253,-0.000160277777777064,5.064507161616161,1.0000469153451397,1000.0,-0.039152034335048436,-2.7439033630668216e-05,-0.018223341654084003,0.01299913182815531,0.00016897742828576043,-3.7721713012518787,-0.038420951314722694,-0.03200132969723421,-0.0167892696460491,-0.008120686572563929,-8.323366671251137e-05,0.02388064312467028,2.9234234234234235,3.466966966966967,-0.027356945768315814,0.027356945768315814,0.018223341654084003,0.02238076477466639,-0.0946292738821206,-1.3004232414006434,True,계산 완료
Batch 1,36,Batch1_036,704.0,True,"중간수명(500~1,000)",7C(40%)-3C,True,2단계 정전류,7.0,40.0,3.0,False,False,99.0,1.0812765595959595,0.0007104421735963635,1.0814826,1.0778315,1.0823593,0.0024096000000000117,-7.183043908470364e-06,99.0,1.0810641858585859,0.0006807530599075466,1.0812321,1.0780448,1.0820798,0.0019217000000000262,-9.473983920828023e-06,99.0,0.016437746262626264,8.584632457759216e-05,0.016428975,0.016229769,0.016568841,8.785199999999938e-05,2.426142436611193e-06,99.0,32.04688205693082,0.19381954111406316,32.01632083484572,31.85773462704176,33.000720757904254,0.11476970401197661,0.001558866733905517,99.0,33.970878757575754,0.2648200841978048,33.948322,33.565109,34.868446,0.5990449999999967,0.006395048497217574,99.0,30.278352737373737,0.20640165126300097,30.233309,30.028351,31.261051,-0.0020050000000004786,-0.00033165120593680453,99.0,11.554803670033683,0.04019205956384219,11.52468333333333,11.523498333333313,11.608198333333712,-0.00016999999958500212,9.833461142201036e-05,3.69252602020202,1.0001964755965973,1000.0,-0.044621405961221994,-1.3523853786503152e-05,-0.02104235085802675,0.014637489097021601,0.00021425608706542626,-3.669066828794939,-0.04369124239067521,-0.03583112146337081,-0.020427224019466728,-0.009816928144565362,-8.302371441149124e-05,0.026014193318805445,2.924924924924925,3.5,-0.031588169163337426,0.031588169163337426,0.02104235085802675,0.025628545815372748,-0.02415663851195429,-1.2881673796733442,True,계산 완료
Batch 1,37,Batch1_037,648.0,True,"중간수명(500~1,000)",7C(40%)-3C,True,2단계 정전류,7.0,40.0,3.0,False,False,99.0,1.0780300424242424,0.0007605825290446468,1.0781986,1.0748194,1.0792918,0.0019871000000000194,-9.680958565230538e-06,99.0,1.077913713131313,0.000739991419785675,1.0780609,1.0751489,1.0791014,0.0014697999999999656,-1.2213150278279876e-05,99.0,0.01654642202020202,8.254495909935298e-05,0.016540263,0.016318144,0.016675115,6.718000000000002e-05,2.155007705627836e-06,99.0,32.95969887229894,0.21907881818605546,32.91670765451218,32.74305088747728,34.023244050632854,0.14771948431551607,0.002090104055932573,99.0,36.05156987878787,0.3328311442699223,36.01952,35.548374,36.993626,0.8877300000000048,0.009454412702536032,99.0,30.246154101010102,0.22856048610233712,30.193111,29.988958,31.339832,0.007856000000000307,-0.0003326687074825944,99.0,11.561455202020227,0.04161258835010473,11.524764999999995,11.523890000000028,11.611393333333156,0.0002933333335626287,-0.00011151422387037912,5.805415777777777,1.0001079507998079,1000.0,-0.044544784957630146,-0.00017811853868847618,-0.019436824634916583,0.014562898051922377,0.00021207799967068455,-3.6735043794930977,-0.04337367851742995,-0.03375938939113844,-0.017318058838014294,-0.00745487849940879,-0.00022014467021283258,0.02630451089172965,2.945945945945946,3.4834834834834836,-0.029179144808805377,0.029179144808805377,0.019436824634916583,0.02428283495721853,-0.23683126550203498,-1.2640908185005564,True,계산 완료
Batch 1,38,Batch1_038,617.0,True,"중간수명(500~1,000)",7C(40%)-3.6C,True,2단계 정전류,7.0,40.0,3.6,False,False,99.0,1.075801506060606,0.0006463898758454917,1.0759119,1.0729513,1.0765978,0.002024100000000084,-9.437124304253403e-06,99.0,1.0758947444444444,0.0006697486252809824,1.076007,1.0729795,1.0766544,0.0016008999999999052,-1.1851510204070465e-05,99.0,0.01621205696969697,8.289505231025246e-05,0.016196873,0.016066672,0.016367279,8.89640000000004e-05,2.495612133580806e-06,99.0,33.69474656343401,0.16324777861615195,33.689996935041165,33.44877192974444,34.398442210380004,0.3040210679767412,0.003422677866789924,99.0,37.29856363636363,0.4175730763863787,37.359093,36.619118,37.995705,1.2349549999999994,0.013820409400124127,99.0,30.44186774747475,0.14398466817404773,30.421837,30.288816,31.17009,-0.0660919999999976,-0.0004469420902903021,99.0,10.23158840067342,0.04200410951707306,10.193719999999969,10.19055833333332,10.292221666666835,0.08305333333349552,5.9858400330577026e-05,6.856695888888888,0.9999133767747904,1000.0,-0.05641559694699583,8.902719902493308e-05,-0.026764193834967424,0.019217335363196496,0.0003693059784615626,-3.4326136605966835,-0.055049561336597046,-0.04535690748488244,-0.026462904419278455,-0.012232982150913396,-2.1926573079729647e-05,0.033123925333969045,2.975975975975976,3.4984984984984986,-0.04017744896871364,0.04018155643976315,0.02676701782749305,0.032943265535141,-0.06390632161996249,-1.3490899349504712,True,계산 완료
Batch 1,39,Batch1_039,625.0,True,"중간수명(500~1,000)",7C(40%)-3.6C,True,2단계 정전류,7.0,40.0,3.6,False,False,99.0,1.085658998989899,0.0006974026916973628,1.0858474,1.0817773,1.0864667,0.0029856000000001437,-3.29447742732208e-06,99.0,1.0856706424242424,0.0006646698401049074,1.0858887,1.0821489,1.0864605,0.0025805000000000966,-5.452183055024892e-06,99.0,0.016691104555555555,8.849651199908691e-05,0.016678439,0.016519627,0.01683517,9.157099999999863e-05,2.6232560420534007e-06,99.0,33.50643317156701,0.1574792555288946,33.496211521901266,33.302367387811664,34.222539419718395,0.22511736788251113,0.002757706720292679,99.0,37.403860242424244,0.40250899248717725,37.425632,36.749599,38.024876,1.2405849999999958,0.013373550550402433,99.0,30.3385617979798,0.14074648985204952,30.314346,30.181021,31.06222,-0.11081700000000083,-0.000688537278911156,99.0,10.242025976430945,0.04094703954988721,10.274616666666892,10.190754999999383,10.275708333333265,0.0825033333334737,-6.033584827935698e-05,7.065298444444445,0.9999892593456777,1000.0,-0.053143954091811496,-6.723912969123124e-05,-0.024440041487006035,0.017699067911816472,0.0003132570049470915,-3.5040992072926698,-0.0522247041667598,-0.04129646225240885,-0.02255567624776189,-0.011170337957843945,-0.00011604958517801995,0.030126124294564904,2.951951951951952,3.4774774774774775,-0.03668939871430891,0.03668939871430891,0.024440041487006035,0.03017050506419673,-0.15273152601957188,-1.2775748289994968,True,계산 완료
Batch 1,40,Batch1_040,966.0,True,"중간수명(500~1,000)",8C(15%)-3.6C,True,2단계 정전류,8.0,15.0,3.6,False,False,99.0,1.0869299777777777,0.0007304158641508088,1.0872169,1.0833029,1.0878062,0.0024324000000000012,-8.204863327142272e-06,99.0,1.0871226919191919,0.0006938080980161623,1.0873877,1.0839939,1.0879861,0.0018772999999998596,-1.0485303648720484e-05,99.0,0.01667927321212121,7.342050328510565e-05,0.016673233,0.016480761,0.016823037,6.656899999999896e-05,1.9379450340137425e-06,99.0,33.45968416375564,0.1403739600581318,33.44210184234233,33.29289748945509,34.14739648204664,0.05162795269279741,0.0012879859257221178,99.0,37.756139949494944,0.2793803835477961,37.772625,37.195297,38.388569,0.7660449999999983,0.008747482832406088,99.0,30.277771616161615,0.167362189640612,30.259396,30.003733,31.069859,-0.17783899999999875,-0.0011278631416199998,99.0,12.087224326599337,0.04097986353238994,12.054698333333363,12.053581666667014,12.138423333333533,-0.00048499999984485953,-0.00013605747268615996,7.478368333333332,0.9998227123275617,1000.0,-0.02909570881628587,-1.2058511917748113e-05,-0.012628807847703542,0.009388817629533258,8.81498964806345e-05,-4.0547781884539456,-0.02780564885050136,-0.02197122947514421,-0.01051226041309472,-0.005577138800809345,-4.558587929004071e-05,0.016394090674334866,3.0975975975975976,3.451951951951952,-0.0189582791424852,0.0189582791424852,0.012628807847703542,0.015733675166291327,-0.24887813689746457,-1.2416999273444589,True,계산 완료
Batch 1,41,Batch1_041,1051.0,True,"장수명(>1,000)",8C(15%)-3.6C,True,2단계 정전류,8.0,15.0,3.6,False,False,99.0,1.082886786868687,0.0006614050883900506,1.0830611,1.0789614,1.0838689,0.0032071999999998546,-1.3855287568735692e-07,99.0,1.0829608636363635,0.000613199803715262,1.0831773,1.0794086,1.0838759,0.002769999999999939,-2.204223871355422e-06,99.0,0.016744890505050507,6.619902494478516e-05,0.016742818,0.016552322,0.016868001,-9.889999999998511e-07,1.5742043166359056e-06,99.0,33.07332253245542,0.15222062017207033,33.05365605992836,32.89022783333322,33.84132145181812,0.09398258717590124,0.0012078858606860284,99.0,36.8232453030303,0.23795263028557917,36.819073,36.347298,37.576675,0.6531789999999944,0.006840445479282821,99.0,30.240961535353534,0.18174732043429748,30.227812,30.021296,31.119465,-0.1508970000000005,-0.001170463858997657,99.0,12.091290892255918,0.04160339620867869,12.054646666666182,12.053360000000005,12.138670000000275,-7.999999982821748e-05,6.934961863590229e-05,6.582283767676769,0.9999315750642023,1000.0,-0.02850629135902205,2.218394459089346e-05,-0.012358568562846162,0.009214255940467138,8.490251253643393e-05,-4.071079452290269,-0.027640143372890523,-0.021600547540510828,-0.010647209402863123,-0.005254581328337726,-1.7463073443111752e-05,0.016345966212173102,2.936936936936937,3.4984984984984986,-0.018553128290624006,0.01855389845467198,0.012359103287035352,0.015412716403881145,-0.23170401434007895,-1.243162375916453,True,계산 완료
Batch 1,42,Batch1_042,702.0,True,"중간수명(500~1,000)",8C(25%)-3.6C,True,2단계 정전류,8.0,25.0,3.6,False,False,99.0,1.083889183838384,0.0006395508190474782,1.0840977,1.0798725,1.084832,0.0034095999999999016,2.1135980210352072e-06,99.0,1.0839663565656568,0.0005820558575063625,1.0841684,1.0803403,1.0849142,0.0029957000000000455,-1.2880643164720384e-07,99.0,0.01671562283838384,9.158742610804195e-05,0.016713146,0.016511114,0.016901791,0.00010331400000000018,2.648428027211083e-06,99.0,33.58506724391689,0.18993653581209444,33.567920671804195,33.35800053938824,34.46317240506331,0.26982132067500686,0.0028638610684103287,99.0,37.673212,0.40491404589800273,37.708351,36.976498,38.397423,1.233269,0.012996380012369062,99.0,30.35210961616162,0.19222254145665446,30.313601,30.125891,31.282066,-0.016705000000001746,-0.0008645644279526623,99.0,11.178124326599383,0.04189530253412946,11.138530000000417,11.136823333334178,11.225931666666778,-0.08355166666681946,-2.2481818180663665e-05,7.321102383838385,0.9999287792286199,1000.0,-0.04470964572873015,-0.0002104370037568757,-0.020599210252813277,0.01469905325127921,0.00021606216648394189,-3.6654212714849397,-0.04323879692763816,-0.03587481425090068,-0.019250455730497884,-0.008804502706856954,-0.0002688158162272136,0.027070311544043726,2.918918918918919,3.478978978978979,-0.030923283927720528,0.030923283927720528,0.020599210252813277,0.02530165147489518,-0.10785593567169308,-1.316822776560952,True,계산 완료
Batch 1,43,Batch1_043,651.0,True,"중간수명(500~1,000)",8C(25%)-3.6C,True,2단계 정전류,8.0,25.0,3.6,False,False,99.0,1.070522194949495,0.0008917599141955492,1.0708283,1.0682389,1.071671,0.0005969999999999587,-2.4014810142235067e-05,99.0,1.070406282828283,0.0009027183655821278,1.0706779,1.068558,1.0716017,0.00012620000000018727,-2.5966444032146198e-05,99.0,0.016104855565656565,8.747934961279034e-05,0.01610462,0.015904058,0.016246699,0.00012785400000000016,2.6014783797156366e-06,99.0,33.339782658681436,0.20079322892937945,33.31609143036837,33.13055117723881,34.311763580645014,0.11419462944228798,0.0018271203827825498,99.0,36.82060524242424,0.33321539423104773,36.827,36.216919,37.725166,0.6946480000000008,0.009610436178107954,99.0,30.253967161616156,0.21244322937927693,30.218678,30.034327,31.325819,-0.05818400000000068,-0.0008785030674082979,99.0,11.17782324915825,0.04190743631506683,11.138113333333118,11.136043333333388,11.22160500000003,0.08368666666650171,0.00026158792001583936,6.5666380808080795,1.0001082998265383,1000.0,-0.044605890152637384,-3.940573486494126e-05,-0.019165626778476195,0.0146665416562745,0.00021510744415523516,-3.6673445578418313,-0.043187871241719175,-0.033378253252225876,-0.01728616186447074,-0.006889546976909688,-9.799884928110354e-05,0.026488706275316187,2.9174174174174174,3.4954954954954953,-0.028772389873803123,0.028772389873803123,0.019165626778476195,0.024129102480675155,-0.23761009970002483,-1.3031252334495718,True,계산 완료
Batch 1,44,Batch1_044,616.0,True,"중간수명(500~1,000)",8C(35%)-3.6C,True,2단계 정전류,8.0,35.0,3.6,False,False,99.0,1.0868420717171718,0.0011324582364728485,1.0871578,1.0847102,1.0883306,-5.8000000000113516e-05,-3.361546072973778e-05,99.0,1.086822982828283,0.001155953898614715,1.087111,1.0846453,1.0884221,-0.0004458000000000517,-3.547293753864168e-05,99.0,0.01741384996969697,0.00010530271784624184,0.017402867,0.017142953,0.017589169,0.00015277100000000293,2.9261513419915465e-06,99.0,32.55333216968653,0.23341238988625543,32.527535071294594,32.30420158156678,33.6422027099165,0.26615295334932654,0.003244361013411109,99.0,35.79095866666667,0.4228733937435694,35.845242,35.146301,36.804283,1.0325279999999992,0.012762135077304126,99.0,29.951694818181814,0.23171975801180217,29.900961,29.747217,31.112934,-0.06141099999999966,0.00014872176870770403,99.0,10.258049427609434,0.041609708554460355,10.22140833333348,10.22021666666648,10.304883333333418,-0.08314166666717249,-4.260676149300364e-05,5.8392638484848485,1.0000175890058403,1000.0,-0.05879707165403769,-0.0001624503544244773,-0.029329092901317067,0.019492487010423103,0.00037995704985151343,-3.420265491889413,-0.05699853728765889,-0.04836643025322748,-0.030558612264891982,-0.016417777262914546,-0.0002108697501818172,0.03194865299031294,2.921921921921922,3.472972972972973,-0.044025473959789396,0.044025473959789396,0.029329092901317067,0.03521040731397109,0.13928886974394167,-1.2897302250573996,True,계산 완료
Batch 1,45,Batch1_045,599.0,True,"중간수명(500~1,000)",8C(35%)-3.6C,True,2단계 정전류,8.0,35.0,3.6,False,False,99.0,1.0871594505050506,0.0007692257379954453,1.0874,1.0839558,1.0884383,0.0018719000000000374,-1.2920053184893674e-05,99.0,1.0869268242424241,0.0007634767034777528,1.0871809,1.0840697,1.0881088,0.0014708000000001054,-1.5261495361764857e-05,99.0,0.016674251585858585,0.00010623569327102701,0.016666809,0.016382927,0.016865226,0.00015038399999999993,3.013581175015625e-06,99.0,33.0005473910965,0.2647181852253822,32.984174043639676,32.735706573937165,34.138789910599,0.32002198617428945,0.004251037202135374,99.0,36.69642807070708,0.46059466015157857,36.723297,36.013538,37.855122,1.1695980000000006,0.014037234681509282,99.0,29.912547070707074,0.2695724095946738,29.853413,29.696999,31.221415,0.041007999999997935,0.0002436023500311323,99.0,10.257274326599303,0.041532161216388475,10.221549999999842,10.220446666666733,10.305469999999938,-0.08297499999962454,4.576433724969878e-05,6.783880999999998,1.0002140217169457,1000.0,-0.059403509916114317,0.00010571722070946006,-0.02886609052113574,0.01938970215948092,0.0003759605498333791,-3.424857722769676,-0.05736795522015694,-0.04741328002948168,-0.030243720233104288,-0.01620576080443653,1.8580833129104068e-05,0.031207519225045152,2.945945945945946,3.5,-0.0433305839737735,0.04333871431910706,0.028871611048348598,0.03476831562296264,0.11537089433164252,-1.2807934030262746,True,계산 완료
Batch 2,0,Batch2_000,477.0,True,단수명(<500),5.2C(58%)-4C,True,2단계 정전류,5.2,58.0,4.0,False,False,99.0,1.105088570707071,0.0031105730342623514,1.1058398,1.0936602,1.1101186,0.003267799999999932,1.373756833643947e-05,99.0,1.096176695959596,0.0035950472388517154,1.0967915,1.0717324,1.1004155,-0.0012505000000000432,-3.2241891156449116e-05,99.0,0.017335808494949492,0.00012049506938988406,0.017348878,0.017083954,0.017590752,6.96420000000017e-05,2.291168620903076e-06,99.0,31.808470926230026,0.2023946953852622,31.799219003666007,31.415926421891033,32.22098085651713,0.135586985380602,0.00039837980333007046,99.0,35.36620380400637,0.38349030305536685,35.372746,34.261791,36.404427,0.5445709999999977,0.008642532118384769,99.0,29.82405004869571,0.3428690707520513,29.8533915819546,28.851412,30.403558852781664,-0.07390222337260965,-0.00040234756985168066,99.0,10.17325806397317,0.0008425380989780218,10.173188333333625,10.17123166666667,10.175723333333735,-0.00033999999965850236,2.915790560449658e-06,5.542153755310657,1.0081336377644168,1000.0,-0.055061277717081025,-9.521354407294514e-05,-0.025801000173386008,0.018054474729491392,0.00032596405775784325,-3.486830283194789,-0.054273160466620354,-0.04115590125130783,-0.02685816826886811,-0.012789173515263874,-0.00017789579443930732,0.028366727736043956,2.9084084084084085,3.5,-0.03873090802126279,0.03873090802126279,0.025801000173386008,0.031485388732666944,-0.031479490173761226,-1.2427805311018725,True,계산 완료
Batch 2,1,Batch2_001,491.0,True,단수명(<500),5.6C(26%)-4.5C,True,2단계 정전류,5.6,26.0,4.5,False,False,99.0,1.1049235595959594,0.003436063196507257,1.1061579,1.0943118,1.1093584,-0.004240400000000033,-3.290422139763861e-05,99.0,1.1458525727272726,0.008640208285965147,1.1470726,1.1257445,1.1735147,-0.020049299999999937,-0.00016065193939392158,99.0,0.01755231991919192,0.00016674368118797152,0.017505936,0.017313389,0.01817438,-0.0006942100000000007,-3.6347278416819346e-06,99.0,33.60099815475848,0.1328729135986911,33.627182096905216,32.89118368750365,33.84357171312329,0.13477446331187792,0.0008268590581597783,99.0,36.451634705216804,0.3554484954866177,36.433281,35.75162077719039,37.4468,0.9978714186506679,0.009295102257225858,99.0,30.605830093769406,0.2611871045490907,30.656953366823267,29.748539199568196,31.002725306945305,-0.26183945294663147,-0.0018846559769713034,99.0,10.198514225589118,0.035900137148689865,10.176856666666572,10.171570000000065,10.257113333333352,-0.0026366666667563265,-5.3136569780716736e-05,5.845804611447404,0.9643198735407483,1000.0,-0.0661147205894651,7.108555611635758e-05,-0.035595007639683186,0.022448719486809404,0.0005039450065974563,-3.297616852840229,-0.06526279048873258,-0.05743080137237952,-0.038414298398802504,-0.023959280475672196,1.309865371740584e-05,0.033471520896707324,2.9534534534534536,3.5,-0.05342828354342686,0.053434577776178147,0.035599270684251665,0.042076663727771524,0.3179739331543852,-1.1588961042902888,True,계산 완료
Batch 2,2,Batch2_002,424.0,True,단수명(<500),5.2C(50%)-4.25C,True,2단계 정전류,5.2,50.0,4.25,False,False,99.0,1.0746630466666667,0.011293903158766674,1.0761609,0.96729642,1.0805465,-0.0025500999999998886,-5.3960603586805125e-06,99.0,1.0671664484848487,0.002786395214886712,1.0673918,1.0573459,1.0717951,-0.0010083999999999094,-3.9945130488546534e-05,99.0,0.01646109804040404,0.00010119964545724377,0.016449537,0.016255558,0.016859721,-9.869800000000123e-05,8.908579715525268e-07,99.0,33.17566129490617,0.17614457697045327,33.1955179122312,32.66131756028,33.479963418582415,-0.24168506740263496,-0.0014325295130983135,99.0,37.429077970616994,0.33941115484531853,37.47139,36.825592,38.33985803206289,0.7237884614786196,0.007665320135296479,99.0,30.778734234543165,0.22637775714794092,30.760302,30.291048,31.314569,-0.3874846343137648,-0.002685187893877986,99.0,10.17503702020208,0.0007738053213945072,10.174891666667342,10.173333333333236,10.177569999999832,0.0004533333327945144,2.0706452297021727e-06,6.650343736073832,1.0070286546920733,1000.0,-0.052717818544041395,-9.348703145968057e-05,-0.025013386420214043,0.01862486241950328,0.0003468855001454255,-3.4598138520868176,-0.05195871963747555,-0.043915648178017075,-0.02347032509443725,-0.009777133321366094,-0.00021755161029815876,0.03413851485665098,3.141141141141141,3.5,-0.03755061607566037,0.03755061607566037,0.025013386420214043,0.031180252001102048,-0.15548705410586489,-1.4047752618060978,True,계산 완료
Batch 2,3,Batch2_003,499.0,True,단수명(<500),4.65C(44%)-5C,True,2단계 정전류,4.65,44.0,5.0,False,False,99.0,1.1014852565656565,0.0030443226622133123,1.1009089,1.0959566,1.1080173,0.004372700000000007,7.592857884973753e-05,99.0,1.0941126101010101,0.0022043642596641447,1.0934824,1.0902172,1.0982277,0.001191500000000012,4.649917625232352e-05,99.0,0.01591516953535354,9.209939256954886e-05,0.015905565,0.015764765,0.01629092,-3.5558000000001505e-05,1.4020918862092363e-06,99.0,33.93805810095692,0.2351902649848515,33.98161943355816,33.04200778784912,34.37961864284222,-0.0619541310033469,-0.0009695041793917886,99.0,38.772733971659186,0.29709188611545223,38.77632017063943,38.038235,39.422000644443116,0.5150309540409239,0.005399957170444265,99.0,30.824133785111215,0.2856475944652535,30.875122,30.19519,31.465118,-0.29486950416369595,-0.002726770109600155,99.0,10.173178956229002,0.0005705470674176059,10.173140000000421,10.171971666666893,10.174891666666614,0.0004816666667455394,4.6092145956046e-06,7.948600186547967,1.0067378906745006,1000.0,-0.05586845261151374,-3.60397413177497e-05,-0.020089882918698704,0.017868815201419887,0.00031929455670249446,-3.4958084838405066,-0.05416243605094694,-0.03256704160833304,-0.015045162476646445,-0.0049362410348609,-0.00011385821189955634,0.027630800573472142,3.0870870870870872,3.5,-0.03016197144417994,0.03016197144417994,0.020089882918698704,0.026880823235771886,-0.6875549965892124,-0.8113184735348473,True,계산 완료
Batch 2,4,Batch2_004,444.0,True,단수명(<500),4.65C(69%)-6C,True,2단계 정전류,4.65,69.0,6.0,False,False,99.0,1.0859254535353535,0.0032305742589696083,1.0866909,1.078439,1.0908513,-0.008614400000000133,-6.742782807667963e-05,99.0,1.0845171080808083,0.003775739894829021,1.0845028,1.0772039,1.1039307,-0.010172900000000151,-9.087070624612375e-05,99.0,0.016186317888888888,0.0002019469640946824,0.016131761,0.01593901,0.017068394,-0.0009035920000000017,-4.879720037105611e-06,99.0,33.04820861652687,0.23276898978402025,33.07318253673964,32.43686536545101,33.55645691099679,-0.27828668930263945,-0.00341397118530192,99.0,37.435182660123296,0.3523757122096682,37.414394,36.6209899855315,38.209395652763355,0.5176625978870888,-0.00042794952006805324,99.0,30.410773535367827,0.2600881445070759,30.444575027752837,29.809912,31.12168069888323,-0.4876750277528359,-0.0026722127737115625,99.0,10.231960420875373,0.016682362441484147,10.229923333332408,10.149520000000484,10.272591666665782,0.04313333333242042,0.0003438835703982421,7.024409124755471,1.0013036011235656,1000.0,-0.07029720690084085,0.00013025762408843224,-0.034781796484889084,0.024208275311539497,0.0005860405935592927,-3.2320722997114752,-0.06911510244256858,-0.058180744042296756,-0.03449277773286674,-0.019297673506439905,5.9203121740174354e-05,0.03888307053585685,3.0615615615615615,3.472972972972973,-0.05221072066364478,0.052227244231905154,0.03479286913315801,0.042370130040890554,-0.010553223599522942,-1.3028634336884553,True,계산 완료
Batch 2,5,Batch2_005,416.0,True,단수명(<500),3.6C(30%)-6C,True,2단계 정전류,3.6,30.0,6.0,False,False,99.0,1.0879375151515152,0.01296949576213955,1.0874257,0.9775852,1.0990517,-0.02290649999999994,-0.0001948491799628852,99.0,1.0840266333333333,0.006284959325116384,1.0811709,1.0729631,1.0939112,-0.0199971000000001,-0.00020221984415583745,99.0,0.015297588929292928,0.00016925972880815226,0.015238014,0.015142022,0.016014345,-0.0007167039999999986,-3.7396376128632323e-06,99.0,33.01307013030371,0.18816121663094426,32.98248914246352,32.63883140949683,33.63336591172822,-0.397471178629786,0.0012849228533525034,99.0,37.65087846482749,0.349982361912953,37.647213,37.03873321983051,38.388368590154755,0.8606703782727863,0.009912306527125233,99.0,30.501689038072705,0.16135503081123534,30.520807484612313,30.103149270492455,30.953491,-0.35211907680353605,-0.0017922500743196468,99.0,10.198699713804725,0.016319814448989174,10.201064999999168,10.177048333333369,10.242031666665572,0.058606666665824036,0.0005374829313523961,7.149189426754791,1.0036099613604557,1000.0,-0.08615002847927744,2.920642290152572e-05,-0.04648540460048997,0.028660013705642202,0.000821396385607599,-3.0854472119764402,-0.08503923072937741,-0.07232614269749157,-0.04959438527045934,-0.035017648620058905,-2.542934331759542e-05,0.03730849407743267,2.960960960960961,3.5,-0.06977185167577418,0.06977261503321983,0.04648594220297168,0.0546028188841313,0.3627188702636176,-1.036744735361188,True,계산 완료
Batch 2,6,Batch2_006,393.0,True,단수명(<500),3.6C(9%)-5C,True,2단계 정전류,3.6,9.0,5.0,False,False,99.0,1.0929755737373739,0.002911002426144214,1.0924507,1.087554,1.1000568,0.002035299999999962,6.243813358071642e-05,99.0,1.0848753393939394,0.0023943807853959026,1.0842828,1.0778736,1.0898614,0.0010870000000000601,4.44358082869669e-05,99.0,0.016037468727272727,0.00010859333469960295,0.016008791,0.015897563,0.016595399,-0.0005260630000000002,-9.074707235620142e-07,99.0,33.81904518975318,0.25792191055339453,33.791299356677115,32.997501115693694,34.41509951606967,-0.11400784819900878,0.00254863843716549,99.0,39.79713499833347,0.26017021642963106,39.711826,39.380386,40.4669448483313,0.5702096506858823,0.006842780258420575,99.0,30.490418036329206,0.11913404199752285,30.485981,30.021366,30.91791912240747,-0.1835585275305185,-0.0006063156901067556,99.0,10.17931370370378,0.0011293483752176023,10.179401666667157,10.176524999999675,10.1812816666672,0.001009999999709521,-7.351185321765864e-06,9.30671696200426,1.007466336655245,1000.0,-0.04987247893740465,6.053608010545594e-05,-0.02082479246051704,0.017186894560587668,0.000295389344636758,-3.529605173257688,-0.049037510497455444,-0.03594099277740931,-0.017087228227464224,-0.0059434020185007985,1.5985958422852665e-05,0.02999759075890851,2.987987987987988,3.4834834834834836,-0.03126462016225392,0.03127183142399857,0.020829630464071762,0.026995665139346516,-0.42154574871824896,-1.215345240498726,True,계산 완료
Batch 2,7,Batch2_007,777.0,True,"중간수명(500~1,000)",4.8C(80%)-4.8C-newstructure,True,2단계 정전류,4.8,80.0,4.8,True,False,99.0,1.0930350373737374,0.0024698310807556184,1.0923721,1.0876352,1.1055878,0.006792399999999921,5.346993939394844e-05,99.0,1.0846925272727275,0.001873227924331028,1.0842774,1.0817802,1.0885199,0.004294800000000043,3.733073593074683e-05,99.0,0.014790622575757575,4.2328564792461496e-05,0.014786606,0.014716571,0.014998153,1.3403999999999847e-05,-2.8194223871258727e-08,99.0,33.769687089746824,0.22682454479182193,33.76497089292143,33.09265703817965,34.19133492245269,-0.16210135263546022,-0.0004455966935292359,99.0,37.14950685044426,0.2730633919399561,37.142246,36.576225,37.918381,0.30582725383847276,0.003097748168905811,99.0,30.73928459335173,0.3513384820833634,30.76811337312628,29.833401,31.31199331850921,-0.32973337623540644,-0.0019227951959743413,99.0,10.035777525252517,0.0010310060297800204,10.035609999999481,10.03407999999957,10.040678333333926,-0.0003733333328757027,-1.8584003282670324e-06,6.410222257092539,1.0076916038042525,1000.0,-0.021737979924043582,0.00018215769615613552,-0.008823099834708447,0.00766270684542111,5.871707619886354e-05,-4.231235570734996,-0.02129181059061084,-0.015684261887845802,-0.006921022453145076,-0.0014452624533036074,0.00016954481647862282,0.014238999434542194,2.9624624624624625,3.4624624624624625,-0.013247534547733208,0.013314351588678778,0.008867753886646014,0.011683554673809547,-0.3740164055449279,-1.3272708175509857,True,계산 완료
Batch 2,8,Batch2_008,904.0,True,"중간수명(500~1,000)",5.2C(58%)-4C-newstructure,True,2단계 정전류,5.2,58.0,4.0,True,False,99.0,1.0901590962626262,0.01221914851519545,1.0917038,0.97069293,1.0938439,0.00030090000000004835,-4.81292107606561e-05,99.0,1.083981498989899,0.0016151680436043213,1.0847895,1.0786884,1.0857805,-0.0012079000000000395,-3.7926094001233056e-05,99.0,0.016466365090909093,5.377125042878701e-05,0.01646602,0.016342103,0.016624823,3.0228999999999673e-05,5.908662832407755e-07,99.0,33.59868374090274,0.18399950760227923,33.6280066820834,33.04363927903742,33.946478820094626,-0.14104168927970306,-0.002062052514228797,99.0,35.674109782051225,0.34329683399405403,35.69222849670803,34.74571139739283,36.451335340457405,0.1366340000000008,-0.0014596598150043224,99.0,31.612445462419196,0.3506658141666606,31.667863587140776,30.369265,32.27831332191535,-0.18005409723633647,-0.002600877907748477,99.0,10.03986983164983,0.0008565670517959981,10.039828333334299,10.03795666666653,10.044600000000113,-0.0005483333329419082,-3.627561328604996e-06,4.061664319632016,1.005700534994513,1000.0,-0.027841110945332148,7.99459666896464e-05,-0.011203415580045945,0.008892134349308448,7.907005328615117e-05,-4.101987963034194,-0.02752151756296776,-0.017746645453420126,-0.009203144240759742,-0.004929964927766983,6.97358971873452e-05,0.012816680525653143,2.9864864864864864,3.3663663663663663,-0.016818617480546878,0.016846982332079027,0.011222306571166357,0.014300612011102226,-0.44609492794130745,-0.9497791877631392,True,계산 완료
Batch 2,9,Batch2_009,791.0,True,"중간수명(500~1,000)",5.6C(26%)-4.5C-newstructure,True,2단계 정전류,5.6,26.0,4.5,True,False,99.0,1.0975024424242423,0.001878552772318587,1.0981479,1.0902674,1.0999625,0.00257710000000011,-3.1789604205310855e-05,99.0,1.0895515333333332,0.0033852172863369162,1.0904509,1.0785087,1.1124505,-0.0004725999999999342,-4.4285230674075856e-05,99.0,0.015396235121212121,8.946119062479301e-05,0.015403836,0.015197206,0.015598018,-5.300199999999991e-05,7.339797526285031e-07,99.0,32.3508526526095,0.43269206026507573,32.334769888870795,31.37816598686163,33.118462236375535,0.2510262029361172,-0.0029173871923671465,99.0,33.58605048865401,0.8176342272253142,33.600475,32.096527,35.00847845562602,0.4412769999999995,-0.00471407867740455,99.0,31.368434034253195,0.4421029749112318,31.358124,30.423269501409568,32.385567,0.33278303034698453,-0.003721694470239787,99.0,10.039928501683493,0.002405052722793503,10.040233333333406,10.023490000000068,10.041631666666945,0.0007566666671952049,-6.606658422091194e-06,2.217616454400815,1.0073040195281135,1000.0,-0.019754152325308416,0.007641342941403423,-0.007446960333569007,0.0067298349705290994,4.5290678730556406e-05,-4.343991161299498,-0.019132169641844655,-0.012075522257037175,-0.0073280973955097695,5.594628365125167e-05,0.0021589889901152564,0.012131468540688426,2.8873873873873874,3.165165165165165,-0.01117824319337667,0.012162993517193285,0.008102861355073059,0.010035068821965103,-0.052268003657793334,-0.7618914639490715,True,계산 완료
Batch 2,10,Batch2_010,492.0,True,단수명(<500),4.8C(80%)-4.8C,True,2단계 정전류,4.8,80.0,4.8,False,False,99.0,1.1111783965656563,0.011659720700200233,1.1125798,0.99896306,1.1170095,0.00701509999999983,5.4494455906012585e-05,99.0,1.1000873272727272,0.0023346360435145233,1.0990201,1.0912199,1.1031376,-0.002705900000000039,-5.529986023499362e-05,99.0,0.01705791890909091,8.218185444986146e-05,0.01704818,0.016884135,0.017335583,-0.00030304700000000073,2.134867285097052e-07,99.0,31.720791269063756,0.1310089774531192,31.73298002338138,31.380788894213524,31.9640311241299,0.10762456798340025,-0.0006214004294436819,99.0,34.35574737651136,0.28920311740307386,34.33578360866528,33.43108999984014,35.078796,1.101909858946783,0.004696809517062612,99.0,29.96382019730451,0.3662618380033045,30.04688035784852,28.906555794473437,30.547147148521173,-0.44661381534155,-0.0006932321318358249,99.0,10.169499612794551,0.011900608682255273,10.17084500000031,10.086493333332085,10.189141666666547,-0.08497500000109248,-9.769193980895769e-05,4.3919271792068635,1.0100885156214148,1000.0,-0.05580244986198335,-3.745489361485022e-05,-0.02952029629956943,0.018826396420971843,0.00035443320219958143,-3.4504656002982217,-0.05514200255131162,-0.046713452706025616,-0.031940683838408424,-0.01756226664766547,-0.00012261743088614393,0.029151186058360146,2.90990990990991,3.5,-0.04431191504885022,0.04431191504885022,0.02952029629956943,0.035007522943101166,0.26360088401366594,-1.244020568473018,True,계산 완료
Batch 2,11,Batch2_011,449.0,True,단수명(<500),5.2C(50%)-4.25C,True,2단계 정전류,5.2,50.0,4.25,False,False,99.0,1.1010659737373738,0.01436863062561724,1.1020097,0.9632864,1.1094658,0.012777099999999875,0.00011636928385901053,99.0,1.0924215252525253,0.0010435949413938133,1.0927104,1.0885181,1.0939866,0.004485300000000025,2.5065849103289065e-05,99.0,0.01721894155555555,0.00018680742471419994,0.017202089,0.016784718,0.017638493,1.5793000000000057e-05,3.409026258503635e-06,99.0,33.146477466034135,0.41741380354232094,33.173304895742966,32.28199799645514,33.93675083305151,0.15660931532800504,-0.0034837623562451376,99.0,37.95576609273272,0.5670265771830769,38.00883090321228,36.613316,39.423817,1.493162840720693,0.009079511977068709,99.0,30.641124446022808,0.46762565222864755,30.724886648413143,29.651962,31.736509,-0.4225148742673994,-0.005663684531251844,99.0,10.173883215488235,0.0010381233408572534,10.173753333333298,10.172346666666757,10.180184999998891,0.0009666666662564438,4.050133992341098e-06,7.314641646709912,1.0079125140432534,1000.0,-0.05489875594719695,-7.08192254983666e-05,-0.024012633467613776,0.018093419203139786,0.0003273718184605475,-3.4849587078792537,-0.05366270972130281,-0.03935983180370074,-0.02289650388175235,-0.009410678504745917,-0.00015835144289286983,0.029949153298954825,2.972972972972973,3.5,-0.0360483365144574,0.0360483365144574,0.024012633467613776,0.030060788623920896,-0.2224128965807251,-1.2403560236213387,True,계산 완료
Batch 2,12,Batch2_012,466.0,True,단수명(<500),4.65C(44%)-5C,True,2단계 정전류,4.65,44.0,5.0,False,False,99.0,1.104144308080808,0.0021044591743401993,1.1043751,1.0948403,1.1083778,0.0049399999999999444,3.124443661101217e-05,99.0,1.092206008080808,0.003146506635213759,1.0907634,1.0759213,1.0960596,-0.006041899999999822,-7.945203092145136e-05,99.0,0.01652292034343434,0.00019505359299831995,0.016500052,0.016159201,0.017251369,-0.0010207299999999975,-4.522877996289288e-06,99.0,31.314676947956993,0.30916473027956176,31.36205291461498,30.62592972742348,32.00083197512348,-0.2350981394832452,-0.0033815551918323335,99.0,33.5953920153671,0.5840223651173275,33.488228,32.70920845267531,35.747711,-0.22726899999999972,0.0005436276616062348,99.0,30.02090936329148,0.28189320439481796,30.06592986298805,29.339239609224805,30.619658187807218,-0.7587356942218548,-0.004737936058404975,99.0,10.174858552188601,0.0008465113698932489,10.174634999999155,10.173428333333383,10.17747500000017,0.0012199999999822353,1.467206761663514e-05,3.5744826520756208,1.010937718882119,1000.0,-0.07733124344865683,2.5599653875487077e-05,-0.03939759227215439,0.026075525637443326,0.0006799330372689643,-3.1675338557382275,-0.07635774486702888,-0.06458045392968742,-0.04053774490533013,-0.023988259728501216,-8.343028813839997e-05,0.040592194201186205,2.96996996996997,3.5,-0.05913786258577024,0.05913861345264282,0.039398117949145404,0.047237944293487356,0.1180602471403766,-1.240976123167642,True,계산 완료
Batch 2,13,Batch2_013,460.0,True,단수명(<500),4.65C(69%)-6C,True,2단계 정전류,4.65,69.0,6.0,False,False,99.0,1.0949361080808082,0.0014655567238952023,1.0952849,1.0896044,1.0975729,-0.0002936999999998413,-1.144594434136377e-05,99.0,1.0918756292929293,0.0027945299805685465,1.0908582,1.0862554,1.1088204,-0.006789799999999957,-7.04860259740182e-05,99.0,0.016067178222222225,0.00022210917886993458,0.016024956,0.015610993,0.016970724,-0.0010935590000000009,-5.411984044526762e-06,99.0,31.946988973926523,0.2231869103895413,31.97646643833542,31.412116508819217,32.412618953944886,0.10085963285791877,-0.0019833441234305732,99.0,35.0716189725971,0.4105218206095329,35.029217,34.402645,36.19238897679291,1.3294590986852555,0.006248640759661749,99.0,30.127146151093967,0.23998315624062047,30.145876244425388,29.518279358797542,30.794519824245445,-0.3508788612558362,-0.004170616286886172,99.0,10.214119579124512,0.008880757649232055,10.21302999999995,10.198291666666531,10.235204999998677,0.022336666667008842,0.0002758266955251867,4.944472821503138,1.0028089617045588,1000.0,-0.06467448840609535,2.057302958928932e-05,-0.0340700221226121,0.021281066799984757,0.0004528838041454134,-3.3440132091508574,-0.06385434490006174,-0.0519414621926155,-0.037810312311118865,-0.023324648056625097,-7.997109809705782e-06,0.028616814135990404,2.90990990990991,3.4834834834834836,-0.05113892335591391,0.05114063533623627,0.03407116449841186,0.04016462781822515,0.33528540381461425,-1.0954799668026238,True,계산 완료
Batch 2,14,Batch2_014,426.0,True,단수명(<500),3.6C(30%)-6C,True,2단계 정전류,3.6,30.0,6.0,False,False,99.0,1.0792566424242422,0.0035360729254499553,1.0780272,1.0714527,1.0849786,-0.006854300000000091,-0.0001016570562770468,99.0,1.0754611765656565,0.015308193309458672,1.0748161,0.92834318,1.082629,-0.009588299999999883,-0.00010891218157080736,99.0,0.016259522828282826,0.00021083872486135958,0.016185988,0.015952863,0.017186515,-0.000878801999999998,-4.135029053803305e-06,99.0,32.123877001585356,0.14961943962705423,32.13709390542188,31.735248298507436,32.50966752433833,-0.22193499215724444,-0.0006590124443495505,99.0,35.20046863818076,0.36092221634903976,35.142332546555636,34.572998,36.56760277779107,0.10709846248590082,0.002961573492657131,99.0,30.379307340556775,0.18272545045096233,30.389036,29.961967688101996,30.82044,-0.5698551474906246,-0.0026045434142328194,98.0,10.23842933673479,0.02587600068267273,10.23871166666698,10.188053333334391,10.296956666667635,0.08145666666581164,0.0008308835088703578,4.8211612976239895,1.0037394512043254,1000.0,-0.0837144352028476,-0.0001943753785575401,-0.04455576451036339,0.027603062753729733,0.0007619290733863417,-3.118085453904825,-0.08223622101123113,-0.06996344180071731,-0.04708608030953032,-0.03150464226924404,-0.0003097400843181765,0.03845879953147327,2.9744744744744747,3.4984984984984986,-0.0668770052035785,0.0668770052035785,0.04455576451036339,0.052405947137857484,0.2892622635908048,-1.0879924192588737,True,계산 완료
Batch 2,15,Batch2_015,396.0,True,단수명(<500),3.6C(9%)-5C,True,2단계 정전류,3.6,9.0,5.0,False,False,99.0,1.0750435303030301,0.0030415483252091372,1.0765941,1.0690478,1.0793731,0.007325099999999862,9.204142609773131e-05,99.0,1.0653820212121212,0.0019919810534748082,1.0644522,1.0620266,1.0694823,0.0019591999999999388,3.1830576376012915e-05,99.0,0.016303822929292926,0.000201493351703472,0.016234431,0.016145013,0.017212247,-0.0009618189999999992,-4.289364106369682e-06,99.0,32.862747677246595,0.0972775244423642,32.85630869612978,32.652455154518464,33.06815573414788,-0.17461587116045507,-0.0010164136633244013,99.0,36.07268366663823,0.243666686209462,36.044205,35.477699,36.649116879455384,0.5337057575521342,0.006010959446226834,99.0,31.23583872482013,0.19426419546098392,31.248257,30.733528,31.556711,-0.3611015024619739,-0.0026751637713667824,99.0,10.173053501683547,0.014537568540303136,10.174996666668449,10.090539999999843,10.187401666666847,0.00861166666654789,6.810373119194356e-05,4.836844941818096,1.009068165609967,1000.0,-0.05093467639415561,-0.00010253456264084181,-0.024135288352654265,0.017461891785815278,0.0003049176647395231,-3.5158174135783957,-0.05015484525992327,-0.04239988001178549,-0.023640629683220227,-0.010465678599901718,-0.00015424583742277046,0.03193420141188377,2.951951951951952,3.493993993993994,-0.03623152175664686,0.03623152175664686,0.024135288352654265,0.02978464186356036,-0.07198505134126539,-1.3942615560836726,True,계산 완료
Batch 2,16,Batch2_016,472.0,True,단수명(<500),4.8C(80%)-4.8C,True,2단계 정전류,4.8,80.0,4.8,False,False,99.0,1.0970297515151517,0.0019939284871606953,1.0974309,1.0911584,1.1016679,-0.0004667999999998784,-1.5038863327142703e-05,99.0,1.0918990808080808,0.0025238920874145277,1.0913205,1.0828781,1.1043905,-0.002553999999999945,-4.5670876932581884e-05,99.0,0.01749052915151515,5.9157008638092936e-05,0.017480344,0.017414019,0.017776627,-0.0002792050000000011,-5.272325664809514e-07,99.0,32.7673986704417,0.06740687598331607,32.77962567049275,32.531609932788314,32.90359791481221,0.25299081699383663,0.001266531449163136,99.0,36.992036254667184,0.3333459178100378,36.96709367982115,36.213661,37.601054318286856,1.0650973182868526,0.010774372125697849,99.0,30.508386774321938,0.11465029808788922,30.524279437443116,30.168455,30.755907,-0.008545896208328685,-0.0011269271705411897,99.0,10.171620942760958,0.0008910428284520998,10.171568333332349,10.169185000000288,10.174256666666285,-0.0016183333347719042,3.592228407215933e-06,6.483649480345254,1.004702068504797,1000.0,-0.0532543676756424,-0.00018833040630502525,-0.026244652410942607,0.01789685666840979,0.0003202974786096039,-3.494446478744695,-0.052666837619377516,-0.042509286829325185,-0.027318786205295376,-0.013830370343571263,-0.00024328210180540074,0.028678916485753922,2.9204204204204203,3.493993993993994,-0.03939612343472676,0.03939612343472676,0.026244652410942607,0.03176096600077192,0.07226725008655585,-1.2973434555142416,True,계산 완료
Batch 2,17,Batch2_017,471.0,True,단수명(<500),5.6C(26%)-4.5C,True,2단계 정전류,5.6,26.0,4.5,False,False,99.0,1.0939235666666667,0.002237246233426176,1.0936327,1.0907178,1.1099353,0.002719799999999939,3.904175881262371e-05,99.0,1.120726307070707,0.003027026017068692,1.1208304,1.1138461,1.1282696,0.004885800000000051,1.0829588126169157e-05,99.0,0.017088656323232324,0.00011037506543847458,0.017060153,0.016950201,0.017503092,-0.00042510400000000254,-2.0169255411253646e-06,99.0,32.988612809790894,0.15681949829729233,33.01904714673025,32.38178073215479,33.27681219684577,0.05919558198841912,0.0003509859156645606,99.0,34.74907966738554,0.2492974861159279,34.751171,34.299175,35.36969,0.45505900000000565,0.004934905292507005,99.0,30.8792201698428,0.19518473910782375,30.926743,30.341412,31.20159368352437,-0.24178659283623105,-0.0007975318330336201,99.0,10.181222777777869,0.01751026775874903,10.17710500000006,10.173661666666643,10.256706666667014,0.0017183333332155826,2.2411915072872856e-05,3.8698594975427416,0.9760900166979116,1000.0,-0.05256239657553352,-8.595721552723563e-05,-0.024346340387445996,0.017784644631892325,0.0003162935846826965,-3.499909615326947,-0.051504345104392356,-0.0409279734870395,-0.02244718451071459,-0.010456732217086484,-0.00014709019605342285,0.030471241269953014,2.9804804804804803,3.5,-0.03654873894102899,0.03654873894102899,0.024346340387445996,0.03014500922805296,-0.17184163378254713,-1.2845746789135757,True,계산 완료
Batch 2,18,Batch2_018,449.0,True,단수명(<500),5.2C(50%)-4.25C,True,2단계 정전류,5.2,50.0,4.25,False,False,99.0,1.0825073353535357,0.003542329844150284,1.0825152,1.0754716,1.0884191,0.010213400000000039,0.00011339298701299902,99.0,1.0776685474747476,0.0033529681743848013,1.0767452,1.0712056,1.0827341,0.007504000000000177,9.729529128016311e-05,99.0,0.016646742727272724,0.00010216592513729581,0.016633099,0.016488669,0.017179653,-4.021899999999759e-05,1.7448159802104718e-06,99.0,32.88627829858526,0.18090191350384305,32.91137001003535,32.209753481306464,33.21656024979858,0.044789629453923396,0.0009009528357846195,99.0,36.40182568496011,0.30580045824817503,36.363369,35.823204,36.964727535985794,0.5063662873118702,0.00782312946930275,99.0,30.67756130891839,0.21567438372302208,30.705660855703805,30.155224,31.205045444913065,-0.2009715122710105,-0.000872644975694563,99.0,10.174147626262663,0.0008253572748268299,10.173984999999327,10.172650000000916,10.175901666667778,-0.0009899999997280418,-1.5984126957865078e-06,5.724264376041726,1.0044903299219081,1000.0,-0.03974566910430133,0.00011606288549960105,-0.016640891110932497,0.014014121802268523,0.00019639560988881798,-3.7068682221909555,-0.03860521461361561,-0.031000454404542133,-0.01489137779478289,-0.002811574321188115,-5.460397145762714e-05,0.028188880083354018,2.966966966966967,3.5,-0.024984752881900635,0.024985715480328442,0.016641648264370923,0.021751286657226542,-0.27399050468455843,-1.4476473563248367,True,계산 완료
Batch 2,19,Batch2_019,392.0,True,단수명(<500),6C(60%)-3C,True,2단계 정전류,6.0,60.0,3.0,False,False,99.0,1.094755986868687,0.0028535583597285785,1.0950593,1.0839374,1.1003811,0.0028185999999998934,2.1983457019182867e-05,99.0,1.0877726343434344,0.0032238763510357557,1.0881213,1.0673106,1.0920281,-0.0011414999999999065,-3.4714310451438896e-05,99.0,0.016718258151515154,8.92277593434713e-05,0.016701423,0.016542695,0.016931713,6.25240000000013e-05,2.473996388373628e-06,99.0,32.770067410122046,0.1459926303595904,32.788666691536235,32.368933975638065,33.07421089506683,0.13966095609070095,0.0008017387789148999,99.0,36.54883267067881,0.3815009484872196,36.57684299512419,35.83588386058441,37.29125540144077,0.896454214295666,0.011283716210146181,99.0,30.490596857610676,0.17531371242497804,30.502432,30.041353,30.846144,-0.20724973428976767,-0.0013422283725608329,99.0,10.173763619528666,0.008372161738670529,10.174568333333445,10.091778333333787,10.176683333333251,-0.0004699999992823223,-4.350445268680472e-05,6.058235813068135,1.0064230803644325,1000.0,-0.06565175087353758,6.291054244101832e-05,-0.03430820779792184,0.022606756349940204,0.0005110654326655617,-3.291523491918894,-0.06510448020295115,-0.056850463833854725,-0.03596922649653078,-0.020259661578353072,-1.3982656145739719e-05,0.03659080225550165,2.9414414414414414,3.4804804804804803,-0.05149893400965737,0.051502401278122265,0.03431051699871947,0.041080500113049756,0.15644766877386318,-1.2824483398052942,True,계산 완료
Batch 2,20,Batch2_020,489.0,True,단수명(<500),5.2C(58%)-4C,True,2단계 정전류,5.2,58.0,4.0,False,False,99.0,1.1000841181818182,0.0021209181945641823,1.1002773,1.0933541,1.1046962,0.0061388,2.8384829931985655e-05,99.0,1.0899332062626261,0.009872930597035659,1.090722,0.99400532,1.0936499,0.0009159000000000805,-1.9259592084100484e-05,99.0,0.016610858888888892,0.00016451974582302036,0.016592262,0.016160993,0.01708124,0.00019093999999999708,2.717059641311202e-06,99.0,33.61911118506716,0.3486693467422781,33.64657813789262,32.83088893694032,34.31105059445413,-0.3613122926083179,-0.0011291159800997995,99.0,36.88625705741767,0.5170186861439585,36.79443515156847,35.923252,37.85651,0.03314731632653434,0.004410456114442718,99.0,31.426991509997187,0.43588628326234624,31.493422505455992,30.464781,32.331272,-0.7503732457466548,-0.0026279460595313867,98.0,10.172928639455789,0.000822231073048441,10.172896666666688,10.171294999999615,10.175391666666837,0.0016999999997402426,4.814424540362351e-06,5.459265547420482,1.0093953645708318,1000.0,-0.06050408803806073,-0.000196828332951257,-0.024435139451588442,0.01903551101879336,0.0003623506797466035,-3.4408709184378354,-0.059272288754869125,-0.03844646918358591,-0.021029999500227214,-0.009776778053235013,-0.00024148649833699514,0.028669691130350894,3.0075075075075075,3.4954954954954953,-0.03668251672590607,0.03668251672590607,0.024435139451588442,0.030968764410054056,-0.4400636355927272,-0.957458621386396,True,계산 완료
Batch 2,21,Batch2_021,408.0,True,단수명(<500),6C(60%)-3C,True,2단계 정전류,6.0,60.0,3.0,False,False,99.0,1.1011154092929292,0.01110453899947567,1.1025152,0.99432302,1.1069587,0.0014510999999999274,3.546821447124778e-05,99.0,1.0950448787878788,0.0016287610991225277,1.0951136,1.089595,1.0985655,-0.000568800000000147,-1.9122257266527882e-05,99.0,0.017200276171717172,8.516239110796102e-05,0.017184095,0.017071372,0.017412279,0.00012853800000000096,2.425776648114004e-06,99.0,33.60118814118363,0.15973535358474925,33.62412356593225,32.96524787647864,33.862287366213096,0.3614537922897654,0.003693743370655671,99.0,38.660766342322724,0.4875725955214657,38.72297559351446,37.74208716302179,39.554886,1.6013070000000056,0.015784579280586616,99.0,30.630468294173323,0.1291044576600664,30.624674,30.169489264517047,30.971313170579766,-0.052133471419249844,-0.00022304400213648808,99.0,10.174732340067363,0.0008480238104163869,10.174735000000025,10.172280000000077,10.176488333333205,0.0006766666667932242,3.0851370850195183e-06,8.030298048149408,1.0055465102801502,1000.0,-0.06446758204398206,-0.00014105578859591097,-0.03328855261100499,0.021720895104392113,0.00047179728413600534,-3.3262445625047774,-0.06347498076768535,-0.05401976035730689,-0.0353316332089848,-0.020746610718419323,-0.0001739475345864869,0.03327314963888757,2.9624624624624625,3.481981981981982,-0.049967328068722644,0.049967328068722644,0.03328855261100499,0.03974233538416579,0.19608415924315734,-1.251398903580841,True,계산 완료
Batch 2,22,Batch2_022,,False,Target 결측,VarCharge-2C-100cycles,True,가변 충전,2.0,,,False,False,98.0,1.0913044707142858,0.0106510781124114,1.0924312,0.98969573,1.0975481,-0.0073848999999999165,-1.418554898868833e-05,98.0,1.0947105275510205,0.0026499330522093984,1.09484045,1.0863913,1.0997616,-0.007316600000000006,-3.212818753081791e-05,99.0,0.021770682,0.0,0.021770682,0.021770682,0.021770682,0.0,2.578483658084094e-19,99.0,34.50224371401082,0.37364484980958124,34.54174812989119,30.91343258959885,34.72340033636196,-0.09110229240968692,-0.0029679960939319053,99.0,38.12900722940261,0.1587391753316541,38.1199090683446,37.03567891904012,38.540268,-0.3487349999999978,-0.0023072858824850426,99.0,31.258257988431538,0.17299684753225913,31.259418,30.210655,31.671671822610183,0.05843099999999879,-0.001000910228694883,98.0,24.214001377550943,0.023195388597322144,24.217104999999478,24.16815999999914,24.250089999999908,-0.010139999999957183,5.1076145609030127e-05,6.870749240971075,0.9968940846479436,1000.0,-0.006779169322993939,0.016036828717484575,-0.002618816303222525,0.0047822569345211145,2.286998138777529e-05,-4.640734169844277,-0.0065573072703034585,-0.006321594099837069,-0.005364467481815738,0.0002957012997645684,0.006820772499982725,0.006617295399601637,2.003003003003003,3.156156156156156,-0.003927861096019072,0.006831526664480931,0.004552858359521979,0.0054502578137563,1.4937747250417386,2.3109976015552753,True,계산 완료
Batch 2,23,Batch2_023,,False,Target 결측,VarCharge-4C-100cycles,True,가변 충전,4.0,,,False,False,98.0,1.0854498825510204,0.01641178177851919,1.089645,0.93136209,1.092943,-0.015132400000000157,-0.00011966291430610054,98.0,1.1012875591836735,0.0057452897749470135,1.1041878999999999,1.0850431,1.1086529,-0.018414799999999953,-0.0001314126231351344,99.0,0.021160888999999992,6.974206569134825e-18,0.021160889,0.021160889,0.021160889,0.0,2.742089829257489e-19,99.0,34.147927604894626,0.3624665585717089,34.17878861155735,30.65520094411443,34.411427146744614,0.047650703071880685,-0.001537003415557633,99.0,35.52762158388801,0.11188384650367687,35.51813061089793,35.027935,35.864387697699925,-0.05703734426806051,0.0011523943708797242,99.0,31.650522070765682,0.2438123335796279,31.672453,30.043352,31.981043,0.14306236784523563,-0.0003676198472413952,98.0,12.213424642857158,0.022962357844868893,12.211757499999173,12.17004500000039,12.249935000001763,0.016416666667888435,-5.0114119995371436e-05,3.8770995131223285,0.9856318660652376,1000.0,-0.01921756649136097,0.00031937761682577365,-0.011590160361131023,0.006638808132187672,4.407377341600116e-05,-4.355819755529337,-0.018870596483206763,-0.015901445159651362,-0.014096111816857881,-0.008558054829545678,0.0002898277204998128,0.007343390330105684,2.861861861861862,3.234234234234234,-0.017392124403133466,0.017548515638793484,0.011694520372353686,0.013355205608275673,0.9762813817900599,-0.6049483908128916,True,계산 완료
Batch 2,24,Batch2_024,514.0,True,"중간수명(500~1,000)",4.8C(80%)-4.8C,True,2단계 정전류,4.8,80.0,4.8,False,False,99.0,1.0963041979797978,0.00242381392904839,1.0962455,1.0869893,1.1019264,0.009624700000000042,4.3255097093394744e-05,99.0,1.087156802020202,0.00198384019898225,1.086781,1.0782368,1.0900456,0.0007843999999999074,-3.153792331476661e-05,99.0,0.01651537671717172,0.0001857634336687082,0.016495604,0.016424084,0.018285343,-0.00014084899999999845,3.192450587508961e-07,99.0,33.206377241160645,0.09357943838937624,33.21798237103504,32.78123237884274,33.35820139755916,0.22704342601829097,0.000583283519044962,99.0,38.17140352057085,0.54673288961581,38.091522,37.08859936287317,39.222355,1.3679579999999945,0.01698138915827612,99.0,30.259152265989403,0.3185841685344744,30.245203,29.545424324822893,31.023764964554136,-0.4013679101517411,-0.004528001571569662,99.0,10.16999885521886,0.0010291200213657682,10.16985833333456,10.168103333333177,10.173275000000043,-0.000848333332154283,3.169717584541182e-06,7.9122512545814505,1.008416427324669,1000.0,-0.04572997432532899,6.422339966413571e-05,-0.02277147977476359,0.015127759860142146,0.00022884911838612793,-3.6404507544033025,-0.04499876731813991,-0.03710965856454329,-0.023487507980286648,-0.01212358212457354,2.6465135378380013e-06,0.02498607643996975,2.9204204204204203,3.5,-0.03418281005677275,0.03418572792264496,0.022773487296834143,0.02733423787853265,0.1476136242840098,-1.2471731454063106,True,계산 완료
Batch 2,25,Batch2_025,493.0,True,단수명(<500),5.2C(58%)-4C,True,2단계 정전류,5.2,58.0,4.0,False,False,99.0,1.1022470464646466,0.0024452608617701074,1.1022429,1.0934371,1.1070514,0.007532199999999989,3.860060482376233e-05,99.0,1.0925289454545453,0.0019848227141450914,1.0924608,1.082274,1.0953735,0.0018161999999999345,-2.4584818800234328e-05,99.0,0.01674041588888889,0.00020023204969973432,0.016720142,0.016576298,0.018564517,2.3801000000000377e-05,2.039570191713208e-06,99.0,32.23848796399698,0.13461595942826032,32.24301854287195,31.92786059105509,32.50665115060467,-0.06224723930917264,-0.001847340175959711,99.0,34.442510549892894,0.3027916663793189,34.389709,33.812508,35.15638,0.23114456146924311,0.0013392075228799924,99.0,30.622953011549193,0.22721580785952145,30.628258809859716,30.123915,31.12383800189281,-0.07316799999999901,-0.0022246497808515006,99.0,10.172931649831627,0.0008378403460261398,10.173028333333786,10.171348333333299,10.175423333334038,0.00039999999935425024,2.128447741347045e-06,3.819557538343703,1.0088963358111445,1000.0,-0.05050846489030969,-4.5340619104201576e-05,-0.023610982444417374,0.017099298385116007,0.00029238600526323093,-3.5340434167623695,-0.049623286282053106,-0.04033717737769765,-0.02314056543285481,-0.010332662444186014,-7.277835021520689e-05,0.03000451493351164,2.9144144144144146,3.5,-0.03544449279888991,0.03544449279888991,0.023610982444417374,0.02914742031893308,-0.06308093131581609,-1.35463427565552,True,계산 완료
Batch 2,26,Batch2_026,450.0,True,단수명(<500),5.6C(26%)-4.5C,True,2단계 정전류,5.6,26.0,4.5,False,False,99.0,1.10416721010101,0.002163467579712804,1.1048003,1.0964247,1.1072066,0.002183200000000163,-1.2231956709943128e-05,99.0,1.1566885747474747,0.01523164350803237,1.1582663,1.0108171,1.1662551,-0.0068766000000000105,-9.933004947432546e-05,99.0,0.017700572575757578,0.00018691755806046574,0.017640542,0.017513856,0.018412031,-0.0008291710000000001,-4.6118817934444595e-06,99.0,33.75843376995604,0.8978474942034705,34.238781459464406,32.02557665876116,34.74887628091266,-2.0356353702905494,-0.027773801627063912,99.0,36.91322322353181,1.633499753347447,37.701433146017074,33.727785867696916,38.98082610957073,-3.3418786733968417,-0.04707620057823443,99.0,30.612617674686465,0.3241614078365314,30.559166,30.030421675893816,31.345022,-0.33137527216966944,-0.006359341822232979,98.0,10.19580411564622,0.03354411863981399,10.177515833333747,10.172106666666757,10.258301666666618,-0.0038566666669801464,-0.00035916209029232527,6.300605548845344,0.9547677302723393,1000.0,-0.0733087791289827,-1.461487027885509e-05,-0.03803854165400029,0.024501374697599825,0.0006003173620721849,-3.221619095295821,-0.07229508920107719,-0.061548219787978975,-0.04030803170869013,-0.025131364509590692,-6.657578797752319e-05,0.03641685527838828,2.9594594594594597,3.484984984984985,-0.05709627870005765,0.05709627870005765,0.03803854165400029,0.04523989053781217,0.2306042531852906,-1.1876472544640768,True,계산 완료
Batch 2,27,Batch2_027,474.0,True,단수명(<500),5.2C(50%)-4.25C,True,2단계 정전류,5.2,50.0,4.25,False,False,99.0,1.0985360303030303,0.0027241230846826517,1.0980722,1.0925682,1.1051688,0.010578899999999836,8.3227929499087e-05,99.0,1.0881079232323234,0.0026252735873299607,1.0881597,1.0794888,1.1103308,0.0025884999999998826,3.964450216461358e-06,99.0,0.01758869122222222,8.822370301295152e-05,0.017579954,0.017410973,0.017801434,0.00012275900000000006,2.2818888064318013e-06,99.0,33.30411096115286,0.1746225126918051,33.319305097566286,32.79524712031238,33.59260518916009,-0.05162124674897939,0.00048246444088942,99.0,38.09066395642736,0.5193558884337698,38.042976,37.088142,39.292397,1.450375000000001,0.013860670176365442,99.0,30.520247987388977,0.25880963464623546,30.497509,30.006104329573958,31.134102,-0.5314380000000014,-0.003756305983847179,99.0,10.17464639730628,0.000669044217333586,10.174634999999641,10.172933333334125,10.17856333333378,0.00029666666596206426,-2.6472273788214875e-06,7.570415969038385,1.0095892470137124,1000.0,-0.05449125756065937,-3.926139249814915e-05,-0.02468392780224258,0.01807654553240038,0.00032676149838494417,-3.485769119794705,-0.050777566954008216,-0.04246654581846407,-0.023266407021699465,-0.010058566149116155,-0.00012611282127569188,0.032407979669347914,3.1426426426426426,3.484984984984985,-0.03705587457349385,0.03705587457349385,0.02468392780224258,0.030589720963632265,-0.13941125764050205,-1.3560947854988492,True,계산 완료
Batch 2,28,Batch2_028,437.0,True,단수명(<500),4.8C(80%)-4.8C,True,2단계 정전류,4.8,80.0,4.8,False,False,99.0,1.095054122222222,0.0024796335011265905,1.0951691,1.0878246,1.0996724,0.009143300000000076,5.740212987013656e-05,99.0,1.0818230657575758,0.014212592093905137,1.0826617,0.94288981,1.0858977,-0.0010476000000001484,-3.113829956708961e-05,99.0,0.016274739303030306,0.00014804578726042942,0.016234331,0.016122971,0.017149113,-0.0006546150000000008,-2.6763493135435162e-06,99.0,32.143914131113334,0.1283220263958796,32.157921338288666,31.820860668214337,32.434079059738416,-0.0539584436204521,-0.0012704444258594789,99.0,35.334859521378185,0.2710230905406878,35.33018416819798,34.806871353030516,35.97005389341205,0.7173455937693589,0.004368429878193225,99.0,30.27083144812065,0.2228791450900387,30.285061,29.689555895282943,30.721237,-0.5454085912843993,-0.0006557141927587061,98.0,10.173453112244816,0.0008122535096207133,10.17329416666665,10.171025000000373,10.175423333332098,0.00034833333265815725,6.1142463233476565e-06,5.0640280732575365,1.0124178700871094,1000.0,-0.05649138678277321,-1.6725146193166066e-05,-0.027989332592662373,0.01943173912409744,0.00037759248538697914,-3.422976656199021,-0.05580126221123135,-0.048455704272172426,-0.02883211714760725,-0.013977557040465438,-9.348634639114643e-05,0.03447814723170699,2.9264264264264264,3.5,-0.042015789443883615,0.042015789443883615,0.027989332592662373,0.034067838673509425,0.04589357737924896,-1.392138243417447,True,계산 완료
Batch 2,29,Batch2_029,452.0,True,단수명(<500),5.2C(58%)-4C,True,2단계 정전류,5.2,58.0,4.0,False,False,99.0,1.1100257606060604,0.0037116416563656935,1.1098274,1.1027535,1.1181728,0.012774400000000075,0.0001200828880643241,99.0,1.0980733393939395,0.002551690020671707,1.0981231,1.0891471,1.1188244,0.0030380999999999325,1.2793278911574425e-05,99.0,0.016732251515151515,8.033274312512551e-05,0.016724298,0.016617509,0.016911158,0.00011061700000000035,2.3980479158936808e-06,99.0,31.797490897448796,0.08436347616797168,31.82218124832208,31.565587330841858,31.92153684377415,-0.11165502265671634,-0.0012694156955582936,99.0,34.43823202248059,0.30744833320258164,34.457729,33.587513,35.143738,0.23068852115848415,0.0037617020624292116,99.0,30.217947896804667,0.18918172613436787,30.227608,29.61923518807385,30.685075230595523,0.37638192718709007,-0.000407199408962483,99.0,10.173048585858563,0.0007775419276894855,10.172915000000891,10.171531666667821,10.175125000000117,-0.0005083333329825024,-3.626303855009296e-06,4.2202841256759225,1.0108887874560506,1000.0,-0.05263352953614442,-7.556575465258704e-05,-0.02532223237657199,0.017623540720944107,0.0003105891875427751,-3.5078136659221246,-0.05191573941901571,-0.0412595959506557,-0.02640518349850496,-0.012192459783667564,-0.00018579298089405237,0.02906713616698814,2.9144144144144146,3.5,-0.03801243602069905,0.03801243602069905,0.02532223237657199,0.03084629719898878,0.01932626013590632,-1.343050046827535,True,계산 완료
Batch 2,30,Batch2_030,412.0,True,단수명(<500),5.6C(26%)-4.5C,True,2단계 정전류,5.6,26.0,4.5,False,False,99.0,1.0929829222222223,0.003471648455662709,1.0930492,1.0829761,1.0984639,-0.0020923999999999943,-8.503881385279777e-05,99.0,1.1457783452525254,0.016604906866791305,1.1470196,0.99032068,1.1567706,-0.013541400000000037,-0.00016716015361780098,99.0,0.016883249333333333,0.00024328276881410468,0.016803751,0.01667887,0.017830005,-0.001062254999999998,-6.726884254792708e-06,99.0,33.81182141567536,0.11669098026370327,33.814491724369454,33.16137015674329,34.13452755339803,0.029977017412996076,0.0008736591095678818,99.0,37.34308786098118,0.40881993573005876,37.33594290425341,36.53985982973884,38.2883066025032,1.0039631035303245,0.011340997518427638,99.0,30.366116051248465,0.22736702261985672,30.400885,29.889199981272736,30.97029560803481,0.3385650367148507,0.0016294437786754136,98.0,10.201115306122439,0.03582694413683804,10.17933083333337,10.1739716666673,10.258053333333615,-0.07890666666644464,-0.0001511086457777103,6.976971809732708,0.954123793369517,1000.0,-0.07552303651130998,1.6768799842831208e-05,-0.03965588948997046,0.025557153196441446,0.0006531680795063772,-3.1849750468359517,-0.07452557867491223,-0.06413875462477739,-0.04227995311535093,-0.026752127346654664,-2.2175748572166205e-06,0.037386627278122725,2.945945945945946,3.4894894894894897,-0.059523470828613714,0.05952459076569852,0.03965664830797304,0.04717101316134328,0.2515279053664399,-1.2012605620325187,True,계산 완료
Batch 2,31,Batch2_031,425.0,True,단수명(<500),5.6C(26%)-4.5C,True,2단계 정전류,5.6,26.0,4.5,False,False,99.0,1.0998533494949494,0.0017860116806856774,1.099452,1.0956696,1.1031705,0.0016135999999999928,3.979185899816047e-05,99.0,1.1580804191919192,0.0022513840232483997,1.1581908,1.1511843,1.163353,-0.0079009000000001,-4.233909833022707e-05,99.0,0.016325805828282827,0.00022493536381202,0.016291203,0.015888851,0.017027061,-0.0006819260000000028,-3.656670810142108e-06,99.0,33.3758501254003,0.5118949474632649,33.42111686002277,32.37276634569568,34.28296651768913,-1.0111897976481359,-0.0021552608606502112,99.0,35.656391701768925,0.7005769683817873,35.692306558735936,34.320602,37.238895,0.5519819915962856,0.003169686331830883,99.0,31.051052359069953,0.5159007386221245,31.037132126014534,29.959369058435346,32.18438776889225,-1.0664901147427095,-0.004985361795727623,99.0,10.194512441077386,0.03221928295751325,10.178381666667216,10.166629999999229,10.257450000000729,0.0020133333319485303,8.623459079042264e-06,4.605339342698974,0.9497248958759716,1000.0,-0.06422883358208353,0.0004689860046967753,-0.030624456764042955,0.021088118830245247,0.0004447087557985442,-3.3519243187367103,-0.06271029085407512,-0.0484444777729677,-0.031666464139406436,-0.018228859548807153,0.00037333053660772424,0.03021561822416055,2.984984984984985,3.324324324324324,-0.045969381640089055,0.04614036764040557,0.03073857262302911,0.03717689334970691,0.05936337084394179,-1.1693178938330255,True,계산 완료
Batch 2,32,Batch2_032,809.0,True,"중간수명(500~1,000)",4.8C(80%)-4.8C-newstructure,True,2단계 정전류,4.8,80.0,4.8,True,False,99.0,1.0900473909090909,0.0030514738774422585,1.09124,1.0791935,1.0939444,-0.0007219999999998894,-5.5682572665417575e-05,99.0,1.0794608080808081,0.014681611702576805,1.0825783,0.9390254,1.0841688,-0.002791299999999941,-0.00011965739146566538,99.0,0.014811171424242424,0.00015794924109327222,0.014792889,0.014739397,0.016339961,-5.889600000000099e-05,-2.9040509585628055e-07,99.0,32.16894887045923,0.08792401335926,32.17184286740253,31.8242107823664,32.3700850469932,0.008336545400041473,-0.0006719575367276222,99.0,33.94637920302099,0.2240714866803953,33.9031977046804,33.53408033020773,34.753593,0.04179414970150219,0.0001137762599187524,99.0,30.537043643974386,0.27020577552653274,30.520729,29.949444,31.153275744527733,0.3735433458238546,-0.0012724941046220587,98.0,10.040991343537481,0.0009495846340435455,10.040889166666602,10.03900833333343,10.042926666666608,0.001631666667528009,1.5575103908898273e-05,3.4093355590465944,1.009994814818176,1000.0,-0.02746120651303563,-5.814087009912289e-05,-0.013389939833647101,0.008599717368583275,7.395513881951284e-05,-4.131031637519925,-0.02682620596411938,-0.019813583529645212,-0.013830786128284922,-0.00903165594533617,-7.709361068666301e-05,0.010781927584309042,2.8723723723723724,3.279279279279279,-0.020098372867133237,0.020098372867133237,0.013389939833647101,0.015911369282038006,0.20810811539541815,-0.9709326905741698,True,계산 완료
Batch 2,33,Batch2_033,1140.0,True,"장수명(>1,000)",5.2C(58%)-4C-newstructure,True,2단계 정전류,5.2,58.0,4.0,True,False,99.0,1.0705903191919193,0.015028060800760778,1.0734634,0.9257527,1.0747027,-0.004597399999999974,-0.00012531416326529325,99.0,1.0701498262626263,0.003457452048735198,1.0716943,1.0553116,1.0729175,-0.004663499999999932,-8.750728880642097e-05,99.0,0.014990987444444446,2.716697685299317e-05,0.014988063,0.014933125,0.015095364,-8.753799999999985e-05,3.8146023500456507e-08,99.0,32.74157143407892,0.12018343298592174,32.75244488333857,32.46796923463387,33.057799280764335,0.24315354338241946,0.000945584729794301,99.0,34.30263809635044,0.2875091713670345,34.241764,33.7893025614035,35.019115,-0.24155800000000482,0.0009927294206412021,99.0,31.028129662553557,0.40738075127386336,31.044619,30.171801,31.985844,0.08638387784414192,0.00034566829962798555,99.0,10.03956353535346,0.002006668436174258,10.039278333333398,10.03675499999857,10.056469999999779,0.0021916666667198825,3.959595937977586e-07,3.2745084337968837,1.000413620162811,1000.0,-0.024084742136216253,0.0023936440985986712,-0.011579541007786182,0.007663075354951408,5.872272389566364e-05,-4.231193800168052,-0.02342480324820544,-0.016903904098839073,-0.012477186868230239,-0.005149256498792332,-1.4345984329204338e-05,0.011754647600046741,2.8903903903903903,3.18018018018018,-0.017379419453181732,0.01747418020090425,0.011642651665769381,0.01388343513410027,0.28635015070231196,-0.9750234294201903,True,계산 완료
Batch 2,34,Batch2_034,1186.0,True,"장수명(>1,000)",5.6C(26%)-4.5C-newstructure,True,2단계 정전류,5.6,26.0,4.5,True,False,99.0,1.0671324676767675,0.0020980947717854693,1.0681078,1.0596769,1.0689068,-0.0027188999999998575,-5.4562957328379686e-05,99.0,1.0635619349494951,0.015645272680877342,1.0660373,0.91082746,1.0669271,-0.002885199999999921,-0.0001048445372912708,99.0,0.01495288393939394,4.3006736671348774e-05,0.014947636,0.014872484,0.015221281,-0.00011882799999999964,2.2706116264713699e-07,99.0,35.66789148456313,0.16746971069326516,35.67532696418256,35.31737304766907,36.11605103637264,0.04181282696811195,0.0019776091388616973,99.0,38.96110461672359,0.3037629961281644,38.952343,38.25401579116698,39.697674,0.25516148922622506,0.0023262006258938962,99.0,31.820106759742274,0.4440223784202896,31.857287108760712,30.77528232546755,33.143509,-0.33880921770578354,0.0004548383990085574,98.0,10.040434234693901,0.0009212783765244581,10.040178333333218,10.03911833333356,10.043986666666266,0.0004749999987918585,8.351942434387266e-07,7.140997856981302,1.0035915879239798,1000.0,-0.01914294964399932,0.0013340518865872647,-0.008120054579074073,0.005969317364984292,3.563274980390301e-05,-4.448150649362664,-0.018705624523294696,-0.012271409316292003,-0.007617838838458457,-0.005451555232186878,0.00023110886796108942,0.006819854084105126,2.9384384384384385,3.1786786786786787,-0.012188213737740154,0.012312270499225288,0.008202697022062439,0.010076328866270738,-0.15249698219680757,-0.8858320720177963,True,계산 완료
Batch 2,35,Batch2_035,,False,Target 결측,VarCharge-6C-100cycles,True,가변 충전,6.0,,,False,False,98.0,1.0461600108163265,0.02000537298561485,1.0470236,0.88696426,1.0693158,-0.03934709999999986,-0.000433205671257046,98.0,1.0520070367346939,0.01197417947423166,1.051313,1.0338807,1.0741972,-0.040316499999999866,-0.0004159109271956841,99.0,0.020666520999999993,6.974206569134825e-18,0.020666521,0.020666521,0.020666521,0.0,1.7097298702551423e-19,99.0,36.507257940976096,0.6217201582920021,36.5354372382433,31.09683468176208,37.23124828608998,0.5954229152313673,4.24781040930265e-05,99.0,38.37857902090733,0.4506067347992162,38.32201,37.028484,39.534397,0.6689030000000002,-0.00031628625243205506,99.0,32.81023704619014,0.5734307630367987,32.815086,29.179466,33.847831120124184,0.6990879955779192,-0.0021765464297933373,98.0,8.094846428571415,0.02919708523757036,8.091728333332867,8.046000000000156,8.16168666666684,0.11147333333356002,0.0009728077111412862,5.568341974717187,0.9944352436796692,1000.0,-0.07570840765806064,0.0002125234038513164,-0.044821244304517734,0.024590240452744883,0.0006046799255238108,-3.2184744483688257,-0.07427945748958452,-0.06267478937869995,-0.05040830388620171,-0.040832954292907064,0.00013182654948113337,0.02184183508579289,2.96996996996997,3.5,-0.06726949146085581,0.06730626639762244,0.04484594893580815,0.05111769934771664,0.8617955014453467,-0.5280191417600006,True,계산 완료
Batch 2,36,Batch2_036,,False,Target 결측,VarCharge-8C-100cycles,True,가변 충전,8.0,,,False,False,98.0,1.0332139762244896,0.025121457921875714,1.0323989500000001,0.90709597,1.0722352,-0.06879329999999984,-0.0007772913502851821,98.0,1.0412085642857143,0.02199122404526687,1.03937095,1.010273,1.0799983,-0.06972529999999999,-0.0007656754895386677,99.0,0.02033557,0.0,0.02033557,0.02033557,0.02033557,0.0,2.506725656101012e-19,99.0,38.56623803155033,0.8592774785074351,38.61475929353903,31.062463892285425,39.500687748473354,0.9408158910986444,0.002461469313467033,99.0,41.3959147615797,0.6013795012863079,41.374668,39.015469,42.888380722662205,0.9324527994454996,0.003451930415479307,99.0,33.341076905861655,0.6838297175284572,33.443176,28.966272,34.37171295951531,0.11462190637553249,0.00014044483775180314,98.0,6.762870340136079,0.174116319432069,6.776123333333574,6.474444999999832,7.065583333334264,0.5284266666649877,0.006038071672954729,8.054837855718047,0.992308109535874,1000.0,-0.1360257368450053,6.1084408759602e-06,-0.08442876531435932,0.04547349675259866,0.0020678389069086005,-2.684483297363117,-0.13462968762012992,-0.11882153967274911,-0.09758271524027867,-0.08172506959274906,-0.00016786360006613673,0.037096470080000055,2.9684684684684686,3.4984984984984986,-0.12670728094391154,0.12670734749631335,0.08442881472449687,0.09588528291927212,0.9431640406040281,-0.4847785003483276,True,계산 완료
Batch 2,37,Batch2_037,,False,Target 결측,3.6C(80%)-3.6C(SLOWCYCLE,True,2단계 정전류,3.6,80.0,3.6,False,True,98.0,1.084200792755102,0.00874835122567932,1.0850734,0.99869299,1.0860035,0.001389900000000166,3.2351074600338785e-06,98.0,1.0833190489795919,0.0006294765380927664,1.0833081,1.0804335,1.0842334,0.0012320999999999582,-2.529949186807924e-06,99.0,0.017241923626262628,0.001024658256732115,0.017126784,0.016990282,0.027307276,0.009998608999999999,7.006382634508563e-06,99.0,32.93003403034187,0.31226011145773724,32.96186943864029,30.327728225505197,33.32046117607414,-2.4648708797858845,-0.0018143281723910821,99.0,38.01191656898937,0.47106250973066705,38.00659848211648,35.563614,39.1016536555162,0.13235418755732553,0.0016995926509610086,99.0,30.251547244942092,0.4316497710186937,30.333019,29.14157988838459,30.984355987219363,-0.39717517081557574,-0.0008162876913842131,98.0,13.50426811224504,0.00034870441254780926,13.504224166666972,13.503613333334215,13.505255000000277,-0.00047833333276869894,-1.8143776706324206e-07,7.760369324047273,1.000814523858455,1000.0,-0.028681743378075525,4.525363294785714e-05,-0.0029820466170849703,0.004120138474595078,1.6975541049838655e-05,-4.770176349271593,-0.007411446435486889,-0.003672812844325385,-0.0020099314740049667,-0.001023250508253859,-3.9150422771847623e-05,0.002649562336071526,3.1606606606606604,3.472972972972973,-0.004476958300308103,0.004478864350442381,0.0029833160464743996,0.005084404344193795,-4.137164160229212,19.516484528963108,True,계산 완료
Batch 2,38,Batch2_038,,False,Target 결측,4.8C(80%)-4.8C(SLOWCYCLE,True,2단계 정전류,4.8,80.0,4.8,False,True,98.0,1.0841066612244898,0.002307033279229115,1.0830578499999999,1.0744981,1.0868007,-0.0022782999999999554,-5.2346215787171385e-05,98.0,1.081406236734694,0.0033412613013955755,1.0804918,1.058193,1.0842623,-0.002329400000000037,-5.412408367284277e-05,99.0,0.01658499318181818,0.0009500817615473662,0.016474467,0.016356453,0.025906378,0.009001521000000002,4.130091465677491e-06,89.0,37.172864442235046,18.11539059202234,34.422232789408525,6.319726247448394,73.5537788966189,-36.97437519691775,0.04770070970366404,0.0,,,,,,,,0.0,,,,,,,,98.0,10.168094234693923,0.011795665608900462,10.169826666666388,10.086408333333384,10.17147999999967,-0.003200000000166625,3.6409009106081513e-06,,1.0025006108673047,1000.0,-0.03614952540357205,-0.00016131300857566625,-0.013148209711945616,0.0078080417832118686,6.096551648838238e-05,-4.214915735462348,-0.021533822795322805,-0.018872893989570455,-0.014425173889133003,-0.008765700662836662,-0.0002141623311327665,0.010107193326733793,3.153153153153153,3.4894894894894897,-0.0197358992682736,0.0197358992682736,0.013148209711945616,0.015289864930770152,0.1864693934987631,-0.2890409403255605,True,계산 완료
Batch 2,39,Batch2_039,,False,Target 결측,3.6C(9%)-5C(SLOWCYCLE,True,2단계 정전류,3.6,9.0,5.0,False,True,98.0,1.0712681928571428,0.002507597497760193,1.07089225,1.0637875,1.0742168,-0.003712900000000019,-7.018608151789533e-05,98.0,1.0688427908163265,0.003185810030030108,1.06851035,1.0503762,1.0719606,-0.0034891000000001338,-7.060915083934733e-05,99.0,0.016808221434343434,0.0008671602295369964,0.016687425,0.016586451,0.025266839,0.008042265,1.7960988620904698e-06,99.0,32.886249589388996,0.29338669241748716,32.90036033518576,30.258042998811614,33.186613338460816,-2.417298757595095,0.0018219955637605698,99.0,37.62435433742629,0.4697185442108817,37.61445451194722,36.715382,38.63601253667498,1.2072640205643452,0.013668999981438786,99.0,30.17626444766422,0.2639350483943998,30.214956,29.431343,30.824785,-0.7832510000000035,-6.936850655919226e-05,98.0,10.173386530612175,0.01492856669398959,10.175470833333506,10.090068333333086,10.187816666666185,0.005575000000195729,1.9095797018031176e-05,7.448089889762068,1.0022715203781398,1000.0,-0.06095179783518334,-0.00019085176934269374,-0.03455301965015995,0.02084133379183266,0.0004343611942225858,-3.3621489805036244,-0.06027349511703503,-0.05479690449991012,-0.03870825199896133,-0.024934535422201753,-0.00026030769226996855,0.029862369077708367,2.90990990990991,3.4954954954954953,-0.051862768883312184,0.051862768883312184,0.03455301965015995,0.04034647444291388,0.4850189554710639,-1.06956669893821,True,계산 완료
Batch 2,40,Batch2_040,,False,Target 결측,5.2C(58%)-4C(SLOWCYCLE,True,2단계 정전류,5.2,58.0,4.0,False,True,98.0,1.0855828591836734,0.0014617313741140754,1.08538355,1.0790228,1.0875179,0.0014153000000001192,-1.5967939865736655e-05,98.0,1.0820900265306124,0.010870401403826802,1.0828632,0.9765361,1.085065,0.0014768000000000558,-1.678475858948223e-05,0.0,,,,,,,,99.0,32.46931392128253,0.22705265377856193,32.498051870993656,30.341598272417755,32.605121067074286,-2.011709252695759,0.00018292843683255668,99.0,36.705870270590154,0.4500138280387498,36.739704,35.73872677313257,37.46236706873202,1.5709542268674284,0.012026306943038067,99.0,30.062486544911895,0.2542509946815891,30.109245,29.28211959977842,30.659330176424984,-0.6426130000000008,0.002538841772801622,97.0,10.173126718213089,0.0007407249192281758,10.17314666666595,10.170991666666426,10.175078333334143,-0.000948333334479301,3.7147728124169287e-06,6.643383725678253,1.0033302596084375,1000.0,-0.048163210220580344,-3.467626324198292e-05,-0.02547583082825176,0.01586476406234525,0.0002516907387538814,-3.5991327627900263,-0.04751909244600409,-0.03870812757575834,-0.028124502602635437,-0.016364460525011004,-6.919620194227098e-05,0.022343667050747335,2.8963963963963963,3.481981981981982,-0.03824001874962719,0.03824001874962719,0.02547583082825176,0.03000761577341376,0.36030885930217493,-1.0950510183408946,True,계산 완료
Batch 2,41,Batch2_041,442.0,True,단수명(<500),5.6C(26%)-4.5C,True,2단계 정전류,5.6,26.0,4.5,False,False,99.0,1.1059561515151515,0.001773037623849087,1.1059666,1.100491,1.1100254,0.00383319999999987,2.3998204081643843e-05,99.0,1.162239904242424,0.019384646274508664,1.1638564,0.97348362,1.1698282,-0.007739199999999835,-9.027641063696913e-05,0.0,,,,,,,,99.0,30.193787010451164,0.4817260891493039,30.21190845333967,29.233401142433014,31.340328774425895,-0.8319543876078335,-0.003767453437522722,99.0,32.72284623520075,1.3270285263401487,32.64987436888579,30.02894882195531,34.98487001858617,-1.9468000000000032,-0.007189222251480336,98.0,29.216579697143363,0.3245124871117503,29.26422355929079,28.373512342449366,29.756599845401098,-1.115457790700006,-0.0034210788300345824,98.0,10.189121445578202,0.02842353466969237,10.177100833333679,10.172566666666535,10.256876666666358,0.00014499999912587214,2.189931972649652e-05,3.80138350469519,0.9518760928541792,1000.0,-0.08093104924483763,-4.6344856152906764e-05,-0.037768291495701274,0.0259438455850183,0.0006730831237392736,-3.1719312977577485,-0.07910231607446697,-0.05955754347838424,-0.03757262826171648,-0.022002512820895992,-0.00010439781840121069,0.03755503065748825,3.129129129129129,3.484984984984985,-0.0566929418226577,0.0566929418226577,0.037768291495701274,0.04581325008247936,-0.04405322397257599,-1.147794609736286,True,계산 완료
Batch 2,42,Batch2_042,474.0,True,단수명(<500),5.2C(50%)-4.25C,True,2단계 정전류,5.2,50.0,4.25,False,False,99.0,1.107131119191919,0.003431546416368161,1.1068239,1.0965439,1.1138375,0.010915500000000078,8.583347433519664e-05,99.0,1.0934261797979798,0.0030253768066203952,1.0934455,1.0728074,1.0965075,0.00040069999999992056,-2.9166319109449377e-05,0.0,,,,,,,,99.0,31.709620029469267,0.23878063667822985,31.73106848578076,31.226172748017316,32.25449822547921,-0.08099920402906591,-0.0015151127280631082,99.0,35.574378964676875,0.4245826094980449,35.60678045656034,34.734642,36.76044310987061,0.9089855583692525,0.009010149803799076,99.0,29.68498985507317,0.2595733168009985,29.708812175607903,29.125111,30.179163,-0.5499510000000001,-0.0029265820503029285,99.0,10.175111565656564,0.0009416921861807348,10.175185000000056,10.172896666666686,10.177431666666719,0.0005350000001875799,-5.38662131643638e-06,5.889389109603707,1.0125383992240102,1000.0,-0.054167624970645756,-3.450833605905964e-05,-0.02934071492636848,0.018151956072171665,0.0003294935092460498,-3.4821531349154515,-0.05343948856587693,-0.046164019541460405,-0.03217719028277344,-0.018608899913231225,-0.00014012486377630207,0.02755511962822918,2.90990990990991,3.5,-0.04404147403610194,0.04404147403610194,0.02934071492636848,0.034496979115963555,0.3522600701222339,-1.1696552749695304,True,계산 완료
Batch 2,43,Batch2_043,1029.0,True,"장수명(>1,000)",4.8C(80%)-4.8C-newstructure,True,2단계 정전류,4.8,80.0,4.8,True,False,99.0,1.0986638707070708,0.0032284877935201545,1.1002626,1.0864434,1.1020488,-0.0008110999999999535,-7.295969944339816e-05,99.0,1.0896782777777778,0.004481402605315621,1.0917935,1.0613841,1.0928063,-0.0038418000000000063,-8.939536054420596e-05,0.0,,,,,,,,99.0,33.92914533704784,0.4749041661638935,33.919838924819175,32.97215059357895,34.79963596705934,0.7310966062649058,0.008747506929828943,99.0,36.97438163334141,0.7878849805176248,37.09064266312057,35.35804680436083,38.4212899272313,1.1681477825618458,0.01672811646043898,99.0,30.85978941507649,0.191230476667898,30.853706060963226,30.231243,31.46545,0.07413293903677243,0.00024722951951306984,99.0,10.036751245791278,0.0010507399493892675,10.03683833333295,10.034655000000203,10.039461666666709,-0.001596666667076363,6.180272109265321e-06,6.114592218264918,1.0082518008027552,1000.0,-0.019164842112240565,0.010130506838166742,-0.00777834835139346,0.007316886050041782,5.353682146929603e-05,-4.27134740873748,-0.018643623769309108,-0.013084710068570093,-0.009261300144385864,9.747730503162724e-05,0.004775264205638209,0.01318218737360172,2.861861861861862,3.15015015015015,-0.011673931375824304,0.01319844088938141,0.008793714465857192,0.01067642204689624,0.37420234976273087,-0.7817920466084418,True,계산 완료
Batch 2,44,Batch2_044,841.0,True,"중간수명(500~1,000)",5.2C(58%)-4C-newstructure,True,2단계 정전류,5.2,58.0,4.0,True,False,99.0,1.0976287414141412,0.001290630019939643,1.0979879,1.0919206,1.0993183,0.000905099999999992,-2.4462076685204973e-05,99.0,1.0886524676767677,0.01143714498043259,1.0903454,0.9765746,1.0910618,-0.001134699999999933,-5.8821062461331305e-05,0.0,,,,,,,,99.0,33.95995836968299,0.19400372063838248,33.96915338566803,33.57534535028545,34.293947030774035,0.30910880089624015,0.002603781785612423,99.0,36.8790253111546,0.33436760923501696,36.971889,36.153274358201514,37.579971,0.7704119999999932,0.006036063918968352,99.0,30.99677660050288,0.17184602205876265,30.989841,30.372488119722746,31.56644186702681,0.22808370638277964,-0.00012370474915216156,98.0,10.040506156462564,0.0016746951545686247,10.040326666667049,10.039010000000417,10.05137333333308,-0.00021333333352302475,1.111034618356161e-06,5.8822487106517345,1.0083608007240121,1000.0,-0.020302277620516618,0.00010670026400699112,-0.008750572617170911,0.006575904776824385,4.324252363386176e-05,-4.364088958508095,-0.019938721916265008,-0.014313758567253115,-0.007813718508928869,-0.004196340472614635,4.9149606096797086e-05,0.01011741809463848,2.9084084084084085,3.2177177177177176,-0.013135952668854685,0.013151452226442865,0.00876089532252464,0.010944030438490624,-0.23194799737826732,-1.106403239142095,True,계산 완료
Batch 2,45,Batch2_045,997.0,True,"중간수명(500~1,000)",5.6C(26%)-4.5C-newstructure,True,2단계 정전류,5.6,26.0,4.5,True,False,99.0,1.1012188434343433,0.008355580481589457,1.1029439,1.0218376,1.1051185,-0.003489400000000087,-7.610656895484532e-05,99.0,1.0939472282828284,0.0020705291234437277,1.0950106,1.087052,1.0961035,-0.0027478999999999143,-5.725715151513862e-05,0.0,,,,,,,,99.0,35.271412144027664,0.1227982870567712,35.27689483051215,34.85984591803312,35.54391880499814,-0.42085381330090144,-0.0021461829690374193,99.0,37.86687606904902,0.17010893506330244,37.897650154460536,37.449184,38.42024558425599,-0.677349999999997,-0.0029952389903601545,99.0,32.537959132830416,0.1735878721528312,32.55783888168579,31.853023796346278,33.022869,-0.18828999999999496,2.8110939299713225e-05,99.0,10.040190555555519,0.0025685133939184635,10.040363333333516,10.023244999999102,10.043775000000217,-0.00104666666569031,-1.0259204288266531e-05,5.328916936218611,1.0066474895530029,1000.0,-0.026670418787086536,4.7618008762400016e-05,-0.011157666285585534,0.00817729718182962,6.686818919995865e-05,-4.174780430902203,-0.025781272376014658,-0.01718728026853543,-0.009565811397816426,-0.006071875698723361,2.91518397981683e-05,0.011115404569812068,2.9864864864864864,3.4864864864864864,-0.0167490733175148,0.016757172486676578,0.01116306629285677,0.013830937710482641,-0.3306120082060121,-0.9291173231805274,True,계산 완료
Batch 2,46,Batch2_046,503.0,True,"중간수명(500~1,000)",4.8C(80%)-4.8C,True,2단계 정전류,4.8,80.0,4.8,False,False,99.0,1.102562018181818,0.0023167815676310576,1.1025497,1.0956482,1.1070809,-0.0010977000000000903,1.9638269635137816e-05,99.0,1.0928871761616163,0.014998186671514849,1.094893,0.94582784,1.0969466,-0.00229289999999982,-1.5745129499064266e-05,0.0,,,,,,,,99.0,29.88150861827619,0.3239655549825673,29.84981627296423,29.356555596300282,30.615660685382913,0.4463918335112069,0.0005269223783026634,99.0,31.01220065415558,0.4115536353568362,30.950703,30.32559591994819,31.867259462197975,0.7850989999999989,0.0024553765984786416,98.0,28.936029086174194,0.4487334618467923,28.926315918594174,27.912966565573445,29.839709840952832,0.723871979823457,0.0004708025552966347,98.0,10.169808435374172,0.0010267786740188077,10.169789166667034,10.167883333332915,10.17221333333485,-0.0026483333334912373,-9.905776554923063e-06,2.368454690063961,1.0090577787728026,1000.0,-0.05286240500828243,0.0021619334239458277,-0.02283429863191323,0.01761082451312486,0.0003101411400320794,-3.50844061964437,-0.05152208057161483,-0.03740915901681968,-0.022572841017963197,-0.01130934281076118,0.0005756620829485505,0.0260998162060585,2.9594594594594597,3.1636636636636637,-0.03427646817457392,0.034599618426536236,0.02304951669972013,0.02883116704026117,-0.13412441125201788,-1.2034508123030656,True,계산 완료
Batch 3,0,Batch3_000,1009.0,True,"장수명(>1,000)",5C(67%)-4C-newstructure,True,2단계 정전류,5.0,67.0,4.0,True,False,99.0,1.0703864353535353,0.0006524584907139318,1.0705535,1.0674551,1.0713712,0.001999299999999815,-5.3461954236085565e-06,99.0,1.0700443383838383,0.000676776777884024,1.0701956,1.0669638,1.0709863,0.0021378000000000785,-4.488176870741918e-06,99.0,0.015235852282828284,3.5433281630739045e-05,0.015232213,0.015180224,0.015398955,-0.00012841200000000136,-1.5616889301163938e-07,99.0,32.194853230782606,0.12041109152810786,32.17311748654524,31.998853529279575,32.5298567788915,0.0712512406343393,0.002535310618413656,99.0,33.560153344027476,0.16424355170911484,33.540382,33.257191,33.974361,0.2809755578297555,0.004414463270524162,99.0,30.855734541604228,0.1226436019842802,30.829109,30.642652233872806,31.20658935752329,-0.058156999999997794,0.0016685529676045848,99.0,10.042610084175084,0.0015598126118365214,10.042381666666673,10.04055333333381,10.052676666666473,-0.000986666666237923,-1.1066378066198145e-05,2.704418802423245,1.0003197203867857,1000.0,-0.02331165742747432,4.195191073483144e-05,-0.01010217739369119,0.007545010017569071,5.6927176165217626e-05,-4.244680350914678,-0.022689806741428065,-0.016476606873477462,-0.009329425610395292,-0.004176850397252296,3.3313810039257206e-05,0.012299756476225165,2.873873873873874,3.3873873873873874,-0.015165608551997606,0.01517845456592211,0.010110736452058799,0.01260651565987437,-0.195414865711608,-1.1717402871368614,True,계산 완료
Batch 3,1,Batch3_001,1063.0,True,"장수명(>1,000)",5.3C(54%)-4C-newstructure,True,2단계 정전류,5.3,54.0,4.0,True,False,99.0,1.0677216717171716,0.0007058329505554828,1.0678484,1.0650603,1.0687399,0.001417400000000013,-1.4719340754471105e-05,99.0,1.0673237272727272,0.0007384970926694662,1.0674317,1.064267,1.0683081,0.0017540999999998697,-1.4178430426700533e-05,99.0,0.014984559090909092,4.1031418581347806e-05,0.01497373,0.014931546,0.015162034,-0.00010282300000000015,2.7511594310466097e-07,99.0,34.83231929224147,0.1536439283503411,34.825948205381735,34.591181827223586,35.19805729886823,0.2718717211651196,0.004311537172627614,99.0,37.98835277556221,0.26039615613267403,37.999934361617576,37.43391293151932,38.707848,0.560181,0.008475956027281392,99.0,31.57773904653022,0.13835408496644083,31.567654,31.221146,31.908182,0.13741500000000073,0.0024385839831729504,99.0,10.041381363636303,0.0007647989807925605,10.041276666666574,10.04006333333285,10.043931666666564,0.002126666667269461,1.6888682750166684e-06,6.410613729032,1.0003728671422552,1000.0,-0.022324177554068236,-0.00015211554022655574,-0.009621018929360837,0.007201880330726357,5.186708029810318e-05,-4.285108190251883,-0.02186810454452402,-0.015653185005068626,-0.008422491162794254,-0.004120812279301167,-0.00016965037453827957,0.011532372725767459,2.903903903903904,3.3213213213213213,-0.014443012732072403,0.014443012732072403,0.009621018929360837,0.01201579038003429,-0.28679992286499123,-1.1236104130337805,True,계산 완료
Batch 3,2,Batch3_002,1267.0,True,"장수명(>1,000)",5.6C(19%)-4.6C-newstructure,True,2단계 정전류,5.6,19.0,4.6,True,False,99.0,1.0620735151515153,0.0007432407954856966,1.0622195,1.0606135,1.0632137,-0.00020449999999994084,-2.0391179962882983e-05,99.0,1.0614239838383839,0.0007400583811370855,1.0615766,1.0599174,1.0625472,0.00019159999999995847,-1.9499960420521128e-05,99.0,0.014618566616161614,8.237328281183231e-05,0.014615634,0.014437579,0.01489381,-0.0004166900000000008,-1.444220964749326e-06,99.0,36.79033178065713,0.3823488843634725,36.782882183852564,35.95211235130107,37.602798797535996,1.2723568360295303,0.009205458310561783,99.0,40.5242590441136,0.5051644049000631,40.479649,39.49761471615167,41.645876083931206,2.148261367779533,0.011700505084135083,99.0,32.361787809528934,0.18969498818779054,32.349602,31.90753,32.771271,0.4662761748197113,0.0045455133058446215,99.0,10.043663265993228,0.001001527629085761,10.043701666666312,10.040879999999985,10.050170000000314,0.0002083333335285431,2.628241599219693e-06,8.162471234584665,1.0006119450431805,1000.0,-0.008648038341613706,0.010524237005879011,-0.0026131423354832516,0.004078748817876315,1.6636191919327444e-05,-4.778946052041562,-0.0082241341705593,-0.004976215984829224,-0.0033277633953610053,-4.4718533201443584e-05,0.007111655062927565,0.00493149745162778,3.159159159159159,3.063063063063063,-0.003921718254080235,0.005945505832823994,0.0039609848629265955,0.004842320579319691,1.256428729691488,1.9868579988438677,True,계산 완료
Batch 3,3,Batch3_003,1115.0,True,"장수명(>1,000)",5.6C(36%)-4.3C-newstructure,True,2단계 정전류,5.6,36.0,4.3,True,False,99.0,1.0646530202020204,0.0006100444145723906,1.0647986,1.0628892,1.0655342,0.0007053999999999672,-1.2654854669133096e-05,99.0,1.0640129565656564,0.0006219652359472019,1.0641527,1.0622263,1.0649304,0.0006720999999998423,-1.2276405689535048e-05,99.0,0.014999963767676767,3.023814259656783e-05,0.014999975,0.014885032,0.01506798,5.60549999999993e-05,6.697871243045151e-07,99.0,36.08374244976545,0.1438549943743707,36.06830316612221,35.767692022743546,36.4142385887206,0.013729197589825048,0.002560455813829664,99.0,39.4408972847914,0.2499716035877792,39.449645663816135,38.92644024403764,40.076626,-0.020382000000005007,0.004724102780892598,99.0,32.17067620845048,0.1420287286515297,32.159988,31.780437,32.492836143602545,0.10983553929731471,0.002805055851645883,99.0,10.041502946127975,0.0010274324555585035,10.04134666666602,10.040026666666382,10.048833333334187,-0.0015566666666320117,-7.175716347640011e-06,7.270221076340922,1.000601565171875,1000.0,-0.026836614735112785,7.254636391688842e-05,-0.010705414352713173,0.00874809258444761,7.652912386606728e-05,-4.116173252932287,-0.026453315805375348,-0.01757923243045073,-0.00845623955650543,-0.004158592270868622,6.106816527726048e-05,0.013420640159582109,2.93993993993994,3.478978978978979,-0.016071407231785503,0.01609455795896238,0.010720837897382686,0.01382239093664618,-0.48027029804574406,-1.0194973062739443,True,계산 완료
Batch 3,4,Batch3_004,1048.0,True,"장수명(>1,000)",5.6C(19%)-4.6C-newstructure,True,2단계 정전류,5.6,19.0,4.6,True,False,99.0,1.0745377696969698,0.0004883712387389834,1.0746464,1.0724765,1.075265,0.0013821000000000527,-5.233104514519339e-06,99.0,1.0741515727272728,0.000493450623383933,1.0742841,1.0718852,1.0749348,0.0015988999999998477,-4.891442176861538e-06,99.0,0.015129103909090906,3.1230259826953034e-05,0.015128483,0.015085269,0.015246842,-6.733400000000049e-05,4.576504638228955e-08,99.0,32.11715379681872,0.11871400864281616,32.10085793038442,31.86178263702605,32.45180501433001,0.09457412353197014,0.002378682194932197,99.0,32.98110366119803,0.13157105834698002,32.96263391373208,32.60164967465904,33.39357830787951,0.005100698815951432,0.002359616344157611,99.0,31.173947334843884,0.1307611737293963,31.160994,30.86325642415428,31.485430784467283,0.03864814179235054,0.0022085885338302092,99.0,10.045573973063998,0.0010550067356471184,10.045795000000119,10.041718333333847,10.046983333333628,0.002208333333449275,-4.828220983344075e-06,1.8071563263541333,1.0003595404871368,1000.0,-0.024810275761238065,-4.890704243583474e-05,-0.01010643886890673,0.008146750563285355,6.636954474039026e-05,-4.178031154832222,-0.024193703872308837,-0.016835112201341595,-0.008063284442482721,-0.003715782089178221,-5.760323405052072e-05,0.013119330112163374,2.9834834834834836,3.406906906906907,-0.015172486320835205,0.015172486320835205,0.01010643886890673,0.012978570098689555,-0.4365144978334361,-1.1076539445166191,True,계산 완료
Batch 3,5,Batch3_005,828.0,True,"중간수명(500~1,000)",5.6C(36%)-4.3C-newstructure,True,2단계 정전류,5.6,36.0,4.3,True,False,99.0,1.0531571414141414,0.0006473749251210896,1.0533998,1.0514506,1.0540558,0.00040090000000003734,-1.602090043288399e-05,99.0,1.052654377777778,0.0006798202144618427,1.0529329,1.0502399,1.0535078,0.0010989999999999611,-1.532084848483424e-05,99.0,0.01518261805050505,4.585984275504911e-05,0.015176915,0.015130546,0.015374157,-0.00016723399999999874,-2.4550564007403305e-07,99.0,35.56013985266867,0.390751291150708,35.45367843309752,35.01898500010497,36.48104245332522,0.9239847359480748,0.006820399183760496,99.0,39.69079276471186,0.2803682423603375,39.71212,39.128651,40.19554382518285,0.6066019999999952,0.008030186657648628,99.0,32.25708891393413,0.2638388013635576,32.268848,31.605618939619383,32.812687,0.4108774250529308,0.007867169237595993,99.0,10.042010656565727,0.0006947048598589429,10.042009999999815,10.039908333333248,10.043693333333552,0.0016933333329998135,-4.160379292295397e-07,7.433703850777719,1.000477640219104,1000.0,-0.025445098246365427,0.00021307872928851695,-0.011445765437692483,0.008770114603017262,7.691491015005661e-05,-4.113989457306141,-0.025150463752638786,-0.01931602910684077,-0.01078391682626878,-0.004003217243117196,0.00020066365073096828,0.015312811863723574,2.8843843843843846,3.34984984984985,-0.017183308011456237,0.01728105142845896,0.011511014676139613,0.014416779865648998,-0.16322704290280782,-1.2851521427273795,True,계산 완료
Batch 3,6,Batch3_006,667.0,True,"중간수명(500~1,000)",3.7C(31%)-5.9C-newstructure,True,2단계 정전류,3.7,31.0,5.9,True,False,99.0,1.053759712121212,0.005816926229692818,1.0537841,1.04378,1.0630716,-0.01883239999999997,-0.00020239778849721237,99.0,1.0534578171717173,0.005841063005715913,1.0533875,1.0434068,1.0627916,-0.018815999999999944,-0.0002032054112554024,99.0,0.013730660939393938,8.242027386966992e-05,0.013750632,0.013527169,0.013858472,0.00032014799999999927,2.6704043661101586e-06,99.0,34.1072055276095,0.20543429206827654,34.10632121690864,33.63793138090202,34.692612457270776,0.05442596645803377,0.0018376703831058843,99.0,36.98765147763979,0.25923181107044585,37.03875,36.33948354054216,37.461433,0.6202077636077448,0.00831207127023009,99.0,31.41879966190876,0.1552985081129068,31.400715,30.943061172088374,31.777714,0.07940555970849772,0.003535311819100751,99.0,10.080923367003404,0.017224369184995966,10.077968333333168,10.058943333333202,10.119386666666832,0.05449333333332618,0.0005664779014650623,5.568851815731026,1.0002867115756875,1000.0,-0.05320164659124538,0.00025720584764030684,-0.028517561100453784,0.017272816506029073,0.0002983501900509504,-3.525273679715821,-0.05261175357143781,-0.04203841668499045,-0.030929139240199244,-0.022530669384864532,0.00023394775553373814,0.019507747300125916,2.9294294294294296,3.3543543543543546,-0.042802657355872645,0.04290121144416589,0.028583375430279123,0.03333621350692088,0.483884760625972,-0.8654053648248254,True,계산 완료
Batch 3,7,Batch3_007,1836.0,True,"장수명(>1,000)",4.8C(80%)-4.8C-newstructure,True,2단계 정전류,4.8,80.0,4.8,True,False,99.0,1.0701774252525253,0.0006324969512459371,1.0703373,1.0675218,1.070919,0.0009525000000001338,-2.3574483611497995e-06,99.0,1.0700308262626264,0.0007653811190945947,1.0702132,1.066785,1.0708741,0.0028540999999999705,-2.8666295609049983e-06,99.0,0.015428265515151515,3.3108294788516936e-05,0.015425878,0.015372629,0.015535541,-3.5402999999999823e-05,2.541466048238507e-07,99.0,32.79694473003086,0.11882534149040659,32.77304781483688,32.62100410108906,33.15155088982042,-0.0006730263025218619,0.0017516854935782124,99.0,34.27477909930834,0.1339747105975379,34.252528221181315,33.90802559849696,34.60008198094648,-0.044541220624317646,0.0024054101753195013,99.0,31.247996106583226,0.1281001082743101,31.21727,31.00022334239158,31.624374800630196,0.181909000000001,0.0010797135391958802,99.0,11.040740218855252,0.005985310597648025,11.038663333333291,11.035356666666242,11.056544999999945,0.0011983333327716394,-6.724036280458868e-06,3.026782992725108,1.0001372628264218,1000.0,-0.017059021835070354,0.00016612471977571507,-0.007037779014879844,0.0056996234143197495,3.248570706506192e-05,-4.488307662825104,-0.01657419334083505,-0.012156589416619568,-0.005756381183797399,-0.002493980337940127,0.0001520945910498936,0.00966260907867944,2.8933933933933935,3.4744744744744747,-0.010565730308487467,0.010637990959671002,0.007086030472687243,0.00905447705945959,-0.3412950887984842,-1.2007655064954617,True,계산 완료
Batch 3,8,Batch3_008,828.0,True,"중간수명(500~1,000)",5C(67%)-4C-newstructure,True,2단계 정전류,5.0,67.0,4.0,True,False,99.0,1.068006090909091,0.0006720693559464083,1.0682427,1.0647362,1.0687144,0.0022898000000000085,-3.3089511440868757e-06,99.0,1.0680348515151514,0.0007167705464070529,1.0682882,1.0644197,1.0687246,0.0026988999999999486,-2.6554768088912442e-06,99.0,0.015253319353535355,3.807876829900947e-05,0.01524828,0.01520093,0.015438134,-0.00017268099999999918,-5.310785157698171e-07,99.0,33.05552416009523,0.1274647332285884,33.04390415335477,32.839802816488366,33.40101791366311,0.1750914048224388,0.002907529599088491,99.0,35.07929651965403,0.1993418374637332,35.07421004789892,34.676776096410094,35.5458971642776,0.5460073144959949,0.005887062036165467,99.0,31.260917689703437,0.13469673888847983,31.243293281331503,30.969942,31.881806545605173,0.19478400000000207,0.0018615102578466488,99.0,10.043270673400722,0.0010315580514673088,10.043123333332671,10.041443333333397,10.049093333333197,-0.0008500000001117058,-4.73252937492612e-06,3.8183788299505887,0.999973100484903,1000.0,-0.026848970612832312,3.896464001430355e-06,-0.011806368426415048,0.00900151018395605,8.102718559186449e-05,-4.091369240308494,-0.02647583477555492,-0.020122091887342708,-0.010666217454271099,-0.003955195306378112,-2.217214465813292e-05,0.016166896580964596,2.9129129129129128,3.5,-0.017724722534337586,0.017724752531398498,0.011806392300921615,0.014843735844676123,-0.21539521628736535,-1.2795482925833033,True,계산 완료
Batch 3,9,Batch3_009,1039.0,True,"장수명(>1,000)",5.3C(54%)-4C-newstructure,True,2단계 정전류,5.3,54.0,4.0,True,False,99.0,1.0728593262626263,0.0005937099552272031,1.0729898,1.0694826,1.0733707,0.002963000000000049,6.68053184918111e-07,99.0,1.0726067080808084,0.0006506437717285387,1.0727581,1.0688168,1.0731655,0.0033661000000000385,1.643434755729697e-06,99.0,0.0157985837979798,3.756646334463858e-05,0.015791984,0.015742281,0.015903223,-2.9396000000000977e-05,4.882702906619216e-07,99.0,33.08832983925303,0.11850469552729916,33.07601025115482,32.87884640065013,33.518088130947284,0.14193863217262503,0.002261255124615263,99.0,35.09617884754773,0.1944193240485211,35.090446,34.60389607627136,35.6854391223452,0.7390439999999998,0.005661304579395388,99.0,31.30390667786535,0.13466006692539562,31.288576675352843,31.020124803456543,31.89802381238892,-0.02302575885066105,0.0014638393587448222,99.0,10.04115065656567,0.0028892780506399826,10.041699999999643,10.024794999999964,10.043338333333184,-0.0010399999999197718,-2.2548958971222413e-06,3.792272169682375,1.0002355517335513,1000.0,-0.0295752747869662,-0.00017198221252223697,-0.01447801181075607,0.010211011830874906,0.00010426476261026731,-3.9818624370687656,-0.029370873162434447,-0.024281818827965818,-0.013543478688522792,-0.005858084149757248,-0.00023759059841964674,0.01842373467820857,2.96996996996997,3.4984984984984986,-0.021734897618897873,0.021734897618897873,0.01447801181075607,0.017713647954050834,-0.05593254179307571,-1.34795260757913,True,계산 완료
Batch 3,10,Batch3_010,1078.0,True,"장수명(>1,000)",4.8C(80%)-4.8C-newstructure,True,2단계 정전류,4.8,80.0,4.8,True,False,99.0,1.06437858989899,0.0006076820119536643,1.0644875,1.0617746,1.0650008,0.0006163000000001251,-2.8759653679527743e-06,99.0,1.064068297979798,0.0008000200489808819,1.064301,1.0593048,1.0647596,0.0023577999999999655,9.761001855422883e-07,99.0,0.01537307471717172,3.740292950685419e-05,0.015364289,0.015318613,0.015551002,-0.00014386399999999876,-9.643763760036795e-08,99.0,32.5348014795901,0.11404508820007885,32.50303224685033,32.33873469239691,32.84450815447289,0.059569246995486935,0.0021514000487868647,99.0,34.79216549532189,0.1514918498595333,34.77507297212849,34.48403893556191,35.20887742320281,0.3362156752037748,0.004051349418013915,99.0,30.68763079160192,0.13671352446379698,30.655577,30.42616190989248,31.09201004712511,-0.16889809010752188,0.002099815307745462,99.0,11.039443922558931,0.005560763904287707,11.038110000000112,11.03672000000006,11.070910000000003,0.0004433333334112888,-4.2556524427018925e-05,4.1045347037199615,1.0002918564436247,1000.0,-0.019093025885229542,-6.962870536587714e-05,-0.008335183582489896,0.006230735190056073,3.8822061008603085e-05,-4.410921401065763,-0.018599929365077362,-0.01393285032803282,-0.007350157259642054,-0.0035834791624154705,-0.0001328165621664749,0.01034937116561735,2.8828828828828827,3.5,-0.012512864934325301,0.012512864934325301,0.008335183582489896,0.010404735667060627,-0.2453246270429603,-1.1918321246496775,True,계산 완료
Batch 3,11,Batch3_011,817.0,True,"중간수명(500~1,000)",5.6C(19%)-4.6C-newstructure,True,2단계 정전류,5.6,19.0,4.6,True,False,99.0,1.0698276717171717,0.000735737434592881,1.0700663,1.0680679,1.0707607,0.0002318999999999516,-1.7682165739013836e-05,99.0,1.0696771989898992,0.0007438295605870019,1.0699179,1.0675462,1.0705811,0.0006281999999999677,-1.789079406307632e-05,99.0,0.015524714272727273,2.3762938924359073e-05,0.015525201,0.015485173,0.015608084,-4.955999999999884e-05,4.653178726050602e-08,99.0,34.20373702283128,0.14100520149331439,34.19225857907117,33.95410396945013,34.68794069183384,0.26650024192040433,0.003492141433902903,99.0,37.60932852326845,0.3068391222269642,37.655368824098645,36.911451941649055,38.22832463770115,1.064548000000002,0.010029672035907407,99.0,31.369808007256257,0.13871444624010004,31.347477,31.117903,32.059606046171425,0.17029756784566175,0.0018369921892131425,99.0,10.042466936026983,0.0011323210442407466,10.04273000000006,10.040066666666341,10.048581666667209,0.0023416666665667663,1.1526757371311546e-05,6.239520516012194,1.0001406843814546,1000.0,-0.034087374997818,0.0001621390525086798,-0.015620691175653465,0.011422381827001437,0.00013047080660181267,-3.884486649365402,-0.03331849620360548,-0.02643087366261715,-0.014167954816120876,-0.006542007596834376,0.0001333826625931982,0.019888866065782773,2.9864864864864864,3.5,-0.023450205441640663,0.023489432000141273,0.015646978202667382,0.01934803164666496,-0.14040327561176416,-1.2659331408130916,True,계산 완료
Batch 3,12,Batch3_012,932.0,True,"중간수명(500~1,000)",5.6C(36%)-4.3C-newstructure,True,2단계 정전류,5.6,36.0,4.3,True,False,99.0,1.0763353797979798,0.0005043662948528863,1.0765018,1.0741653,1.076943,0.0013689999999999536,-6.679463203455612e-06,99.0,1.0761313929292928,0.0005121074295880668,1.0762404,1.0736545,1.0767494,0.0016477000000001407,-7.036951144077656e-06,99.0,0.016047835363636364,3.333850984833067e-05,0.016046006,0.01599754,0.016139418,-4.0385999999999894e-05,3.854761657392228e-07,99.0,33.2205731520236,0.13081159932749542,33.212990713439474,32.99061165504812,33.5821573886437,0.20675939580434033,0.002823497526791973,99.0,35.542101100869175,0.2403737277379405,35.568484208664884,34.852203,36.11585579982815,0.6472768204616699,0.0071266700681023,99.0,31.22756097269707,0.13719773130087454,31.201876,30.951786787726437,31.674147,0.27177291617040567,0.001838386044289828,99.0,10.042442037037002,0.000714295537871447,10.042369999999938,10.040389999999995,10.04386999999988,-0.0016683333339937434,-4.031210061103065e-06,4.314540128172108,1.000189567198228,1000.0,-0.03173492178819726,-0.00010094321934228439,-0.01531489306361951,0.010637076129160946,0.00011314738857756562,-3.946355461197863,-0.03135271190690555,-0.02493679440415436,-0.01528779459133811,-0.006664709824400039,-0.0001507468050558511,0.018272084579754322,2.903903903903904,3.5,-0.022990700273739888,0.022990700273739888,0.01531489306361951,0.018643502641378554,0.009021445389613702,-1.283786871273126,True,계산 완료
Batch 3,13,Batch3_013,816.0,True,"중간수명(500~1,000)",5.6C(19%)-4.6C-newstructure,True,2단계 정전류,5.6,19.0,4.6,True,False,99.0,1.0687136323232325,0.0008052083454341315,1.0689275,1.065558,1.0696447,0.0017480000000000828,-1.2185193568325955e-05,99.0,1.068625397979798,0.0008602611051160477,1.0688709,1.0649482,1.0706925,0.0022805000000001296,-1.1188958565237386e-05,99.0,0.015128562717171716,3.926822837505042e-05,0.015115934,0.01506449,0.015250437,-0.00014514099999999967,-9.002399257883764e-07,99.0,34.11768528185422,0.1558544536623694,34.15014439944665,33.74517892312127,34.49678394824356,0.3943990862692104,0.003495777501022274,99.0,37.233278981795394,0.2662758926575915,37.2482678242083,36.526283,37.80334001741199,0.9557220266441107,0.00781022850046465,99.0,31.323500893525303,0.13796551054521547,31.305563,31.008408624872537,31.64259420392393,0.27054332788164714,0.0028447735067184663,99.0,10.042358249158227,0.000975509209802714,10.04230333333253,10.039300000000123,10.044450000000264,0.0014516666664956546,1.1980560708559888e-05,5.909778088270107,1.0000826245105545,1000.0,-0.027646083960900736,-0.00013977091851407556,-0.01176548019743392,0.008973957599512212,8.053191499784299e-05,-4.094031968144729,-0.026993732794651948,-0.019363902030189478,-0.010785077357057027,-0.003924973441245538,-0.0001642974605650782,0.01543892858894394,2.891891891891892,3.4984984984984986,-0.017663213236501656,0.017663213236501656,0.01176548019743392,0.014794522883792328,-0.2586568826446907,-1.197926125427378,True,계산 완료
Batch 3,14,Batch3_014,858.0,True,"중간수명(500~1,000)",5.6C(36%)-4.3C-newstructure,True,2단계 정전류,5.6,36.0,4.3,True,False,99.0,1.077015806060606,0.0007718267956037002,1.0772191,1.0727056,1.0777442,0.0036863000000000312,4.6361076066830866e-06,99.0,1.0765029424242425,0.0008185145204714684,1.0767019,1.0720137,1.0772499,0.0038745999999998393,5.014112554123492e-06,99.0,0.015551921989898992,3.286357151255956e-05,0.015552465,0.015496999,0.015668793,-7.740999999999998e-05,7.0341496600596404e-09,99.0,33.11953606667905,0.12339955651380835,33.117643042164225,32.880465299003,33.463742583404866,0.034857158723241355,0.0024253202603874134,99.0,35.48777029470216,0.23012647377208287,35.47502345780511,34.827866,36.101499457512425,0.31566210522649385,0.0066259760311121645,99.0,31.071885501118356,0.1296280472174219,31.067097,30.790092,31.409456,0.1590750000000014,0.0009652804126466032,99.0,10.041858265993287,0.000814425945796209,10.04188833333319,10.040386666666988,10.043568333333436,-0.000588333333627844,-7.67060399792405e-06,4.415884793583803,1.0004764613644452,1000.0,-0.029282360362737236,8.776909781326705e-05,-0.013203557332650977,0.010008832203130926,0.00010017672207043067,-3.99923317883243,-0.029009637725873633,-0.02242865141919065,-0.011786627065372923,-0.00457996221858975,5.711390373701126e-05,0.017848689200600898,2.933933933933934,3.4714714714714714,-0.019822297751180336,0.019838315736103007,0.013214247691073173,0.016565339464827203,-0.19233148034124217,-1.320435758817018,True,계산 완료
Batch 3,15,Batch3_015,876.0,True,"중간수명(500~1,000)",5.9C(15%)-4.6C-newstructure,True,2단계 정전류,5.9,15.0,4.6,True,False,99.0,1.070546722222222,0.000644199376944936,1.0708133,1.0682734,1.0712774,0.0009406999999999055,-1.1564622139746904e-05,99.0,1.070577596969697,0.0006251731416428168,1.0708232,1.0681897,1.0712733,0.001215500000000036,-1.1341179962885035e-05,99.0,0.015306011222222221,2.9111596538694713e-05,0.01530268,0.01525728,0.015417448,-9.027200000000062e-05,-2.386809523808757e-07,99.0,33.51055049283859,0.1491484746176326,33.519794073997424,33.14640581987665,33.88537955970563,0.21575899379418928,0.0037009227487278347,99.0,36.80771071001127,0.2963862604842396,36.870831,36.092068,37.344582,0.7633452923582738,0.009573378920091377,99.0,30.87654298210456,0.14669310487970577,30.869744046847266,30.48859917220236,31.269295,-0.24475499999999784,0.002106240446237302,99.0,10.04163658249164,0.0008521962547085466,10.041688333333392,10.039749999999913,10.04381999999993,0.0001383333328703884,-4.3480725597078485e-06,5.9311677279067165,0.9999711655876256,1000.0,-0.02948434500233621,9.829510697057864e-05,-0.013340330831580071,0.009997123216880795,9.9942472613497e-05,-4.000249905810006,-0.0290836473886244,-0.022521270575615593,-0.012357622996527207,-0.004939045564811728,9.068789246604907e-05,0.017582225010803865,2.8993993993993996,3.385885885885886,-0.02002734871920335,0.020062733544952086,0.013363938562854305,0.01666754201545295,-0.15405496645107553,-1.284685919739136,True,계산 완료
Batch 3,16,Batch3_016,1638.0,True,"장수명(>1,000)",4.8C(80%)-4.8C-newstructure,True,2단계 정전류,4.8,80.0,4.8,True,False,99.0,1.0635088555555554,0.0007077409654153116,1.0636877,1.061009,1.0643399,0.0015488999999999642,-9.691301175004965e-06,99.0,1.0634576202020203,0.0007852701358910891,1.0637228,1.0593414,1.0643042,0.0031420999999998145,-7.838174397019123e-06,99.0,0.015311050717171716,3.3268704545925636e-05,0.015309919,0.015253145,0.015453937,-0.00012093599999999857,-4.4548703772403635e-07,99.0,34.94134876933804,0.14012854931382787,34.92888018020305,34.69647601781169,35.2875777718451,0.16781596110165964,0.0036049041817700026,99.0,37.832425406113444,0.17996840708928807,37.83217519071075,37.44658685738523,38.21816186151848,0.27104282013421255,0.0052442304183713505,99.0,31.981891168783747,0.13358234510181774,31.959229,31.641069440702125,32.29623135431891,0.0020261259519074315,0.002698626875306441,99.0,11.040587407407404,0.0038089157566741543,11.040201666666933,11.024205000000075,11.058390000000024,-0.015016666667118983,-1.4378128221376754e-05,5.850534237329697,1.0000482789146643,1000.0,-0.013451995639618852,0.0045702543034450704,-0.005323302354980101,0.004497389546954566,2.0226512737056195e-05,-4.694078966227433,-0.012920515167304714,-0.00873109831897037,-0.005034257136831588,-0.0010886668833405,0.000519631958646354,0.007642431435629871,2.87987987987988,3.1636636636636637,-0.007990754526485408,0.008485339494636753,0.00565275994909071,0.0069673405390332285,-0.05335203961247092,-0.8870677650406327,True,계산 완료
Batch 3,17,Batch3_017,1315.0,True,"장수명(>1,000)",5.3C(54%)-4C-newstructure,True,2단계 정전류,5.3,54.0,4.0,True,False,99.0,1.067047807070707,0.0013914454244544443,1.0672884,1.0580338,1.069051,7.0999999999266095e-06,-5.833125541112191e-06,99.0,1.0662541797979799,0.0013875601777705606,1.0664502,1.0575746,1.0684006,0.0006712999999998193,-5.9554706245999265e-06,99.0,0.015443586646464644,0.0003270377539604504,0.015411194,0.01535425,0.018645791,-0.00016227499999999992,-1.6918838342607632e-06,99.0,35.07228784758459,0.24831504517128847,35.06723082368072,33.94106596021177,35.68559637339159,0.7891557632592878,0.006467943204971052,99.0,37.40160198756502,0.2689051803878321,37.376862,36.96913756563764,38.138309,0.8952943954618249,0.008154192260344372,99.0,32.455675181202416,0.2564722228525909,32.456776,31.041136885840285,33.058457419082785,0.6862300000000019,0.005299609700490801,99.0,10.042102811447801,0.002326230182550349,10.042456666666356,10.026789999999648,10.044129999999617,-0.0011483333333064394,3.784786639453414e-06,4.945926806362601,1.0007449468585223,1000.0,-0.017882391550413823,0.00671793865907247,-0.007236216829825155,0.006030602674896194,3.636816862246513e-05,-4.43927855604913,-0.017341000451444454,-0.011645139929834236,-0.0070742692321409395,-0.0023885328093728453,0.0009596836969661964,0.009256607120461391,2.9114114114114114,3.174174174174174,-0.01086200142403105,0.011601390417868191,0.007728819990955394,0.009417782884633064,0.016723100424733874,-0.8133079308654185,True,계산 완료
Batch 3,18,Batch3_018,1146.0,True,"장수명(>1,000)",5.6C(19%)-4.6C-newstructure,True,2단계 정전류,5.6,19.0,4.6,True,False,99.0,1.0688689090909091,0.0009466437939751168,1.0691222,1.0665783,1.0701538,-0.0010221999999999731,-2.9274941249211295e-05,99.0,1.0687508737373737,0.000936892761552875,1.0689859,1.0669243,1.0700667,-0.0009703000000000905,-2.8872029684591337e-05,99.0,0.015015526535353539,2.46530346612013e-05,0.015010243,0.014978203,0.015098186,-3.7439999999999696e-05,1.9280044526923546e-07,99.0,35.2914180269327,0.16982586753745513,35.280443423631,34.99382175855546,35.697249257813795,0.3194604246993791,0.004950233811147816,99.0,37.97024186611959,0.24926435037183597,37.975203924830794,37.582333,38.518787,0.537350658403092,0.007664463113914128,99.0,32.39435838372084,0.1584974709409668,32.389339,32.020798,32.787655,0.11168506006781342,0.003769307120524344,99.0,10.04310829966328,0.0006994351049162812,10.043134999999893,10.041461666666631,10.044616666667086,-0.001865000000057293,8.624963924829584e-06,5.575883482398758,1.0001104493179995,1000.0,-0.02345576998165999,-9.146801283102697e-05,-0.010342257243667845,0.007467775530930655,5.576767138036663e-05,-4.253617481623881,-0.022964617989853976,-0.016403931451759002,-0.009230871330896617,-0.005378685009555073,-0.00010504582861646653,0.011025246442203929,2.9129129129129128,3.340840840840841,-0.015525016267565885,0.015525016267565885,0.010342257243667845,0.012754379193170724,-0.22930580229698266,-1.056404025068999,True,계산 완료
Batch 3,19,Batch3_019,1155.0,True,"장수명(>1,000)",5.6C(36%)-4.3C-newstructure,True,2단계 정전류,5.6,36.0,4.3,True,False,99.0,1.0727208262626262,0.0009325075486465627,1.072965,1.0708553,1.0738997,-0.0010694999999998345,-2.9691358070484624e-05,99.0,1.0724153505050507,0.0009585468140733205,1.0726446,1.0705425,1.0737392,-0.0006715999999999944,-2.9662023500296268e-05,99.0,0.01546349318181818,4.0745993600313703e-05,0.015459507,0.015178323,0.015555796,-4.249000000000093e-05,2.1412432900439946e-07,99.0,35.09835953689969,0.15881977450929988,35.08984138211982,34.803046859558,35.48162735438807,0.24732869460479634,0.004470165219171727,99.0,37.876070766588285,0.24138737808203795,37.91301,37.320927,38.401493,0.5326839662088787,0.0076980139928614355,99.0,32.12087731134603,0.15030247252301987,32.107502,31.769892,32.47387884602809,0.08173461664080861,0.003412387771679294,99.0,10.043189629629584,0.0008586159482978832,10.043324999999944,10.04121499999989,10.046208333333682,0.00029833333367967896,5.192104719133463e-06,5.755193455242254,1.0002848802023665,1000.0,-0.025293657704202555,5.381143367196202e-06,-0.011545479663150093,0.00820816954615991,6.737404729850698e-05,-4.171507356449005,-0.0249076523601093,-0.01837496846801795,-0.01076694688040658,-0.00598183402902458,-3.0995750527477654e-06,0.01239313443899337,2.906906906906907,3.346846846846847,-0.017331393798336196,0.017331621030456046,0.011545630999741914,0.01416350147044935,-0.12105979400234727,-1.1114371280512236,True,계산 완료
Batch 3,20,Batch3_020,813.0,True,"중간수명(500~1,000)",5C(67%)-4C-newstructure,True,2단계 정전류,5.0,67.0,4.0,True,False,99.0,1.067449897979798,0.0005548609507703324,1.0676023,1.0650502,1.0681109,0.001389899999999944,-7.154074211498553e-06,99.0,1.0669259595959595,0.0005939502933780871,1.0670872,1.0641267,1.0676279,0.0018441000000000152,-7.092065553481377e-06,99.0,0.015263322232323233,3.8677094806486774e-05,0.015252846,0.015206913,0.015409848,-7.635700000000085e-05,4.538381818182954e-07,99.0,33.10212248197412,0.1292090890771398,33.08547252807539,32.879139986385674,33.509004120340535,0.14042248336780006,0.0029214131100047573,99.0,35.739254750947524,0.22259155416194415,35.79166,35.311409,36.232254,0.6041780538883899,0.006880191593548348,99.0,30.852143628467964,0.13975921954277515,30.839525667430177,30.598567437403773,31.413151,0.02977599999999825,0.0023265129316698556,99.0,10.043380471380493,0.0014573953648008785,10.043170000000584,10.042081666666975,10.0532249999999,0.0009550000000064784,4.983755928636245e-06,4.887111122479565,1.0004910949451744,1000.0,-0.028071993572476917,-2.8411211548175675e-05,-0.011919383387319954,0.009269256693737016,8.591911965438846e-05,-4.065910176440854,-0.02752774187545397,-0.019854120120272642,-0.010031781773043646,-0.004236027737241965,-0.00011141607954694644,0.015618092383030677,2.975975975975976,3.5,-0.01789433483441831,0.01789433483441831,0.011919383387319954,0.015096519495190041,-0.34004032061592676,-1.1827117470496011,True,계산 완료
Batch 3,21,Batch3_021,772.0,True,"중간수명(500~1,000)",3.7C(31%)-5.9C-newstructure,True,2단계 정전류,3.7,31.0,5.9,True,False,99.0,1.0619781898989897,0.004597956502521592,1.0622308,1.0538316,1.0686967,-0.014024700000000001,-0.0001594917019171253,99.0,1.0617610636363635,0.00462794524290395,1.0619987,1.0536977,1.0684478,-0.014034199999999997,-0.0001605697179962784,99.0,0.014093014131313133,6.381754362700453e-05,0.01410858,0.01394002,0.014178332,0.00023393700000000003,2.031001199752806e-06,99.0,34.900399416468076,0.22103556999427446,34.91758897324508,34.48911505519451,35.39033568219107,0.5192784054578183,0.007020306514687924,99.0,37.9177756860133,0.1575759984033008,37.90755540884585,37.52780819751312,38.317612,0.24176424816749176,0.004150794856031357,99.0,32.05768382629157,0.17778948882165552,32.055440745958926,31.554761921167493,32.496986,0.2472084933547194,0.004421980891586034,99.0,10.079161515151517,0.013296616648286233,10.075993333333463,10.061818333333456,10.11326500000044,0.03339999999952781,0.0004402196248200877,5.8600918597217335,1.0002046298500418,1000.0,-0.04327614857800555,5.415349908882445e-05,-0.02353870422305198,0.014062220807502565,0.0001977460540389581,-3.7038921717589903,-0.0428454127478997,-0.03459069348926763,-0.025174936442026397,-0.0186451018939634,3.462991311949338e-05,0.01594559159530423,2.9684684684684686,3.3483483483483485,-0.035329602994295564,0.03533857028751136,0.023544676440333704,0.027415668959287577,0.5069004120345085,-0.8443092008291799,True,계산 완료
Batch 3,22,Batch3_022,1002.0,True,"장수명(>1,000)",5.9C(60%)-3.1C-newstructure,True,2단계 정전류,5.9,60.0,3.1,True,False,99.0,1.0581549232323233,0.0006720843655782787,1.0583824,1.0562643,1.0591089,0.000640299999999927,-1.5988764378464394e-05,99.0,1.0579978393939393,0.000744747017561652,1.0582645,1.0554129,1.0590837,0.0009722000000000897,-1.657195299937028e-05,99.0,0.015685687353535354,4.324229921139736e-05,0.015678201,0.015614755,0.015852775,-0.00012298300000000012,-2.793561657388793e-07,99.0,34.61069656408486,0.18123399635500106,34.597043747589076,34.26839457193657,35.049037047032144,0.35070467649619985,0.005335999445788265,99.0,37.5322343873043,0.19146458322105858,37.517666,37.092411,37.97354076473168,0.419750163167123,0.0055285914750327955,99.0,31.640105505547105,0.1261480836739945,31.616829087878916,31.405123,31.963675,0.1471999646222777,0.002341335193557666,99.0,10.04255023569017,0.00252040287840472,10.042931666666602,10.02550999999997,10.044803333333887,-0.0010666666671266256,-6.86242012293754e-06,5.892128881757195,1.000148534911292,1000.0,-0.028409329718630083,-5.9000428325676763e-05,-0.013722550516362944,0.009479950231172719,8.986945638551169e-05,-4.046387880487945,-0.027867107054124606,-0.022203585425945582,-0.014078860013848615,-0.006283004337969744,-0.00011185177512135806,0.015920581087975838,2.8753753753753752,3.5,-0.020599918827826302,0.020599918827826302,0.013722550516362944,0.016675970124801105,0.05300164717890253,-1.2693173273755014,True,계산 완료
Batch 3,23,Batch3_023,,False,Target 결측,4.8C(80%)-4.8C-newstructure,True,2단계 정전류,4.8,80.0,4.8,True,False,99.0,1.0681112222222222,0.0005980094640496638,1.0682908,1.0659287,1.0690683,0.0007672999999999153,-5.3318787878686915e-06,99.0,1.0683314595959597,0.0006109577661543757,1.0685257,1.066106,1.0695003,0.0010463999999998919,-4.408077922064761e-06,99.0,0.01526148087878788,2.988744328762284e-05,0.015266636,0.015194215,0.015350789,-7.400299999999957e-05,-1.486416079157965e-07,99.0,34.929390162261846,0.13216020018743863,34.92553122413779,34.661729457036444,35.21610991806165,0.2086757537279027,0.0023852526538123997,99.0,38.202055623468546,0.15478679541692308,38.197899,37.869362,38.5191,0.2304150000000007,0.00423708412957897,99.0,31.788498415999587,0.15047083853004609,31.766119,31.40458622747475,32.29364594992562,0.11301999999999879,0.002588317068472266,99.0,11.038375218855206,0.0037287947057339176,11.037766666666721,11.034686666666433,11.05499833333403,0.0038200000002674983,8.987652031320775e-06,6.413557207468956,0.9997939297526738,1000.0,-0.01560831972082899,0.005290784439245244,-0.006808658684372332,0.005349611931627546,2.86183478190118e-05,-4.543355427161794,-0.015245655227916094,-0.011302032018917385,-0.00697022139187109,-0.0029036633542827567,0.0005044445189811454,0.008398368664634628,2.84984984984985,3.168168168168168,-0.010220764362267067,0.010659602254367873,0.007100924720511469,0.008657226030979645,0.10151364266145284,-1.037064779154986,True,계산 완료
Batch 3,24,Batch3_024,825.0,True,"중간수명(500~1,000)",5C(67%)-4C-newstructure,True,2단계 정전류,5.0,67.0,4.0,True,False,99.0,1.050441208080808,0.0007341883081136376,1.050573,1.0462732,1.0511289,0.003810800000000114,9.650588744599694e-06,99.0,1.050458807070707,0.0007865724219355106,1.0506011,1.0460804,1.0511409,0.004044700000000123,1.1193802102661965e-05,99.0,0.015554037858585858,4.5193031038074596e-05,0.015544878,0.01550305,0.015751192,-0.0001505590000000015,-6.55122448978517e-08,99.0,34.68760501613314,0.1365476093437865,34.66968715351998,34.46042874080388,35.03293434728408,0.1263621741178227,0.003341564622398722,99.0,37.236331842653044,0.2363976595469202,37.26010052311683,36.798317,37.871063,0.5048490000000001,0.0074139867120956455,99.0,32.089467104218414,0.1332486411421844,32.069786,31.712324162858778,32.388145,-0.02765543508447621,0.0022324985439003573,99.0,10.041832441077416,0.0007887637904255531,10.04188833333319,10.040130000000257,10.045090000000103,-0.0007983333334173892,-4.828571429754789e-06,5.1468647384346315,0.9999833005096924,1000.0,-0.0247723986145858,-8.601278481263643e-05,-0.010345482795288031,0.008367385120450026,7.001313375392851e-05,-4.154820476899473,-0.024305964578265022,-0.01798644841887198,-0.008880465621220746,-0.002593995841312924,-0.00010532788785578485,0.015392452577559057,2.8828828828828827,3.496996996996997,-0.015532180380045814,0.015532180380045814,0.010345482795288031,0.013303087419384092,-0.3362533968010519,-1.2621601760714558,True,계산 완료
Batch 3,25,Batch3_025,989.0,True,"중간수명(500~1,000)",5.3C(54%)-4C-newstructure,True,2단계 정전류,5.3,54.0,4.0,True,False,99.0,1.0648225050505051,0.0007014587880273204,1.0650194,1.0611302,1.0654705,0.003236100000000075,6.950843537426073e-06,99.0,1.0646712262626261,0.0007506933226087618,1.064876,1.0606843,1.0653877,0.0034799000000000913,9.1434508348891e-06,99.0,0.015641851515151513,3.41669469365732e-05,0.01563515,0.015591009,0.015752004,-4.924599999999932e-05,4.92289894867215e-07,99.0,35.58186389191699,0.13478339862297034,35.56070366976667,35.35936612064928,35.920397850007554,0.19429319862756245,0.003421167969357015,99.0,38.88624032121534,0.2970038825316085,38.929489,38.329975,39.595110804534556,0.6201819999999998,0.009636067016033114,99.0,32.23615396340196,0.12155567968554856,32.213909,31.926973,32.55385898165315,0.10380599999999873,0.002066974957662268,99.0,10.042413013468028,0.001933843582598703,10.04240666666689,10.025970000000477,10.046241666666658,0.0010650000001390936,6.361616161767211e-06,6.650086357813377,1.0001421492289233,1000.0,-0.026576249209760316,-9.83920753643615e-05,-0.010925821646167616,0.008451560088115914,7.142886792303388e-05,-4.146126226879157,-0.025920121996250996,-0.017788456975286915,-0.009441883022289321,-0.0040035235523944515,-0.00012924935436056496,0.013784933422892463,2.9054054054054053,3.4774774774774775,-0.01640241838191782,0.01640241838191782,0.010925821646167616,0.013810540094398036,-0.3669015617423362,-1.0726964855606762,True,계산 완료
Batch 3,26,Batch3_026,1028.0,True,"장수명(>1,000)",5.6C(19%)-4.6C-newstructure,True,2단계 정전류,5.6,19.0,4.6,True,False,99.0,1.075112296969697,0.0006104648834866028,1.0752844,1.0720186,1.0758095,0.0024163999999999852,-4.2884230054447913e-07,99.0,1.0749619606060605,0.0006496160471681816,1.0751452,1.0715084,1.0756066,0.0027690000000000214,8.478132343960145e-07,99.0,0.015593572727272726,3.126976934279167e-05,0.015588301,0.015538619,0.015693368,-4.2369000000000434e-05,3.1560672850969577e-07,99.0,35.745916536891265,0.14453269036666577,35.727245788497406,35.47844957267843,36.078890558275106,0.2721351706703814,0.0038869247615956793,99.0,39.14135891629517,0.2655793918726752,39.15223596818562,38.74163302662544,39.786995,0.6558879999999974,0.008376467368228925,99.0,32.32542000468721,0.15618176154831584,32.322991672959446,31.812666,32.67315383349513,-0.01685764564296477,0.00269022228600812,99.0,10.042290858585826,0.0008334635056422586,10.042310000000482,10.040856666666999,10.044626666666591,0.002345000000302022,4.582972582465596e-06,6.815938911607954,1.0001398922325258,1000.0,-0.02417913926788795,5.3156508515146174e-05,-0.01013959278346487,0.00777076094757936,6.038472570442448e-05,-4.219072894934902,-0.023661222363905367,-0.016425813872416595,-0.008628836626457859,-0.004468322643152001,3.957450931115742e-05,0.011957491229264594,2.9834834834834836,3.340840840840841,-0.015221512770542537,0.015235199802954326,0.010148708347051123,0.012772457977743084,-0.34266969763520005,-1.059780489595083,True,계산 완료
Batch 3,27,Batch3_027,850.0,True,"중간수명(500~1,000)",5.6C(36%)-4.3C-newstructure,True,2단계 정전류,5.6,36.0,4.3,True,False,99.0,1.0637090626262626,0.0006461001112776804,1.0639206,1.0604171,1.0644526,0.002340299999999962,-4.03537043907588e-06,99.0,1.0635588383838384,0.0007193489144751233,1.0638065,1.059994,1.0643082,0.0026370000000000005,-3.351386518229643e-06,99.0,0.014919440515151516,3.674441705208027e-05,0.014912465,0.014868693,0.015073455,-9.954799999999965e-05,2.901566357453809e-07,99.0,35.30844806776433,0.13702756494752327,35.295789900273746,35.04402991082508,35.65408523837473,0.17601666855138376,0.0034526816835247914,99.0,38.44588898200405,0.26213742596192113,38.491252741515034,37.853088,38.98098,0.45747481387647326,0.008455485687668235,99.0,32.16991985770075,0.1406697136926123,32.151758112461906,31.88298,32.520495190003395,0.2926169999999999,0.002679382709275883,99.0,10.045002356902378,0.0006580042667287828,10.044954999999996,10.043146666667115,10.046764999999626,-0.0017999999996387572,-2.186064727767835e-06,6.275969124303304,1.0001413208447771,1000.0,-0.026600290807078597,0.00016253057717974684,-0.01070991087322853,0.008612933626036393,7.41826256465084e-05,-4.129697793306024,-0.025809144064930078,-0.017812378836062875,-0.009305823738735786,-0.0034019712916534273,0.00015392334211294654,0.014410407544409448,2.8993993993993996,3.3753753753753752,-0.016078849168955477,0.016145104809615944,0.010754138401352918,0.013740838181616165,-0.36169731378092834,-1.1137153682223848,True,계산 완료
Batch 3,28,Batch3_028,541.0,True,"중간수명(500~1,000)",3.7C(31%)-5.9C-newstructure,True,2단계 정전류,3.7,31.0,5.9,True,False,99.0,1.0445220202020202,0.005707489343209764,1.0448675,1.0340093,1.0526985,-0.01785750000000008,-0.0001980220853432199,99.0,1.0445340656565656,0.005703013935419064,1.0449495,1.0340019,1.0527159,-0.017790699999999937,-0.00019775450587506608,99.0,0.01342088496969697,0.00012072072872166939,0.013436742,0.013169404,0.013605327,0.00043592300000000125,4.107525417439801e-06,99.0,35.69688828820833,0.21352016978753638,35.70887859265695,35.30096986246136,36.18769104859217,0.42012411959462526,0.006662588899280954,99.0,39.55791836716047,0.12524985798713031,39.54772083267917,39.233108764548945,39.85648636436463,0.006721664164935248,0.0024129271146312026,99.0,32.29372696775114,0.16870461542358295,32.285625,31.972694,32.742519,0.2623099999999994,0.003976593594845183,99.0,10.088611986532047,0.025966548450251876,10.083603333333546,10.041436666666657,10.14409666666664,0.08372166666667802,0.0008848403215847238,7.264191399409321,0.9999884599341604,1000.0,-0.05783112055064066,3.0258096297149095e-05,-0.03025611921470947,0.01880997894311775,0.00035381530784053307,-3.4512233800155228,-0.05713724957602981,-0.046317115707536036,-0.031215939253591396,-0.022019096455519804,1.7137953492362623e-05,0.02429801925201623,2.9804804804804803,3.3783783783783785,-0.04541333311498515,0.0454185241324436,0.0302595764323368,0.03562154183169791,0.30009271424386497,-0.9791964721764304,True,계산 완료
Batch 3,29,Batch3_029,858.0,True,"중간수명(500~1,000)",5.9C(15%)-4.6C-newstructure,True,2단계 정전류,5.9,15.0,4.6,True,False,99.0,1.0705002696969699,0.0008073721228693948,1.0707309,1.0663688,1.0712008,0.0032661000000000495,4.077620284497126e-06,99.0,1.0703968484848485,0.0008619829195196458,1.0706502,1.0659409,1.0711167,0.0035840000000000316,5.453217068655103e-06,99.0,0.014824126747474747,4.245813442466994e-05,0.014814113,0.014745088,0.014962286,-0.00016551100000000013,-1.132276190476093e-06,99.0,31.262889334066085,0.11721964578485307,31.245662330516843,31.002613538642414,31.561119005290006,0.021279365358381597,0.0013341576251575185,99.0,31.680285422399457,0.12662817472411197,31.67163095783756,31.461443,31.999889,0.04549947799981169,0.001102729358620545,99.0,30.83403920515218,0.14736765455143874,30.829386,30.393116,31.231075,-0.11173112188368961,0.0021775318992639206,99.0,10.041979612794579,0.0017783824695267706,10.041565000000022,10.039976666666917,10.056044999999964,-2.8333333467855937e-05,6.66872799592438e-08,0.8462462172472786,1.0000966622348293,1000.0,-0.028921475161164945,0.0002434664412601078,-0.011300575148553208,0.009298849221357382,8.646859684153877e-05,-4.063141583404622,-0.02737666651000854,-0.01941644978724902,-0.009729745638280121,-0.0031630172715106375,0.00023183204382398655,0.01625343251573838,2.8978978978978978,3.313813813813814,-0.01696596214231079,0.017080895989505948,0.01137731839524486,0.014631648127698928,-0.3489725395465391,-1.1796538473590181,True,계산 완료
Batch 3,30,Batch3_030,935.0,True,"중간수명(500~1,000)",5.3C(54%)-4C-newstructure,True,2단계 정전류,5.3,54.0,4.0,True,False,99.0,1.0717059313131312,0.0005663031609764621,1.0719142,1.0687393,1.0723398,0.002271499999999982,-3.4165367965277937e-06,99.0,1.0713755282828281,0.0006172689368633522,1.0715793,1.0680537,1.0720278,0.0026631999999999767,-2.610619666036507e-06,99.0,0.015572678929292929,3.864527273655465e-05,0.015566248,0.015509814,0.015732529,-0.00011412599999999912,1.090679901053836e-07,99.0,32.24311941023021,0.11459641663022936,32.21872935332666,32.042556612181926,32.569275339554544,0.07119175559476787,0.0022207800150031032,99.0,33.95640656351435,0.17880837712093128,33.933659,33.63328143973401,34.756857996430846,0.32264119448377926,0.00395641639649403,99.0,30.734525348486088,0.12054795811771735,30.7198951618384,30.474829,31.02437389354293,-0.03952999999999918,0.001947104603837696,99.0,10.04344259259257,0.0017079819818232897,10.043569999999212,10.027135000000028,10.044550000000163,0.0003383333341240302,1.1389198103993812e-06,3.2218812150282696,1.0003084200554235,1000.0,-0.026737169755743473,6.694454111319092e-05,-0.011137570899382837,0.008914653809355246,7.947105254065199e-05,-4.099791029541823,-0.026447283664839383,-0.018664704138917687,-0.009074662053369709,-0.004202995060543502,6.048030910107567e-05,0.014461709078374185,2.936936936936937,3.3483483483483485,-0.01672049438607099,0.016744082941277858,0.01115328087715061,0.014263136647557254,-0.38789398956686016,-1.1365902927369753,True,계산 완료
Batch 3,31,Batch3_031,731.0,True,"중간수명(500~1,000)",5.9C(60%)-3.1C-newstructure,True,2단계 정전류,5.9,60.0,3.1,True,False,99.0,1.0707996878787878,0.0006479798904464651,1.0709858,1.0681812,1.0716417,0.0016336999999999602,-8.999562152120187e-06,99.0,1.0707608828282826,0.0006951679832286624,1.0709852,1.0676646,1.071691,0.0020763999999999783,-7.617333333323877e-06,99.0,0.015875272090909092,4.547280390678258e-05,0.015866611,0.015812302,0.015983483,-2.983200000000047e-05,9.1429390228827e-07,99.0,34.00003070157337,0.130386531439219,33.99144536550202,33.716604467019614,34.3547561918923,0.13733633722069527,0.0028224067012984555,99.0,36.77304266866142,0.17485290114906726,36.738033,36.32536182537691,37.242977,0.1725500000000011,0.0046231983274502095,99.0,31.313092535645406,0.1456778688117048,31.308150558241977,30.816336554657795,31.701565315845485,-0.08025989760305663,0.0018597824322656763,99.0,10.045700723905673,0.0022459595638876775,10.045905000000493,10.029231666666844,10.048216666666365,0.0009516666672428897,4.191754276572813e-06,5.459950133016016,1.0000362912270282,1000.0,-0.035619409739265695,8.180347755336339e-05,-0.01635054856148944,0.012034158942020574,0.00014482098144181374,-3.8391685106628604,-0.03535965476594467,-0.027078798407301652,-0.01558455420564786,-0.006202485568139238,3.718656993617591e-05,0.020876312839162414,2.906906906906907,3.5,-0.024546071220685025,0.024557435907541197,0.016358199246413203,0.02029819200623534,-0.12103444358866325,-1.2920937389916802,True,계산 완료
Batch 3,32,Batch3_032,,False,Target 결측,4.8C(80%)-4.8C-newstructure,True,2단계 정전류,4.8,80.0,4.8,True,False,99.0,1.074329306060606,0.0005744737055168395,1.0745502,1.0725862,1.0750592,0.0008046000000001552,-1.0736820037099118e-05,99.0,1.0746017202020204,0.0006388224187119075,1.0748407,1.0724629,1.0753641,0.001262699999999839,-1.0822682745814793e-05,99.0,0.015372072949494947,5.169517940328901e-05,0.015362737,0.015263474,0.015545605,-0.00017144699999999992,-1.4005707359305367e-06,99.0,35.436174962805026,0.21154107292155044,35.4421503912907,35.05435710351588,35.89903071725052,0.4871778490575025,0.006549222426935743,99.0,38.1223484949636,0.23495694578420911,38.11301195399593,37.65030605260015,38.663817380662245,0.5441880022694647,0.007426433875440208,99.0,32.229792601449525,0.1792737539201225,32.227169,31.879961732473685,32.70293,0.23200600000000549,0.004811451286986629,99.0,11.039484747474773,0.004660616372862325,11.038458333333256,11.021603333334012,11.055375000000156,0.0011466666672887982,-3.735724582598594e-07,5.892555893514077,0.9997466254728626,1000.0,-0.01012140041626175,0.013679013186735062,-0.0032569008987653743,0.00460830133645745,2.123644120759552e-05,-4.672918239899017,-0.009710896212047232,-0.00628593765808369,-0.00398316408576993,6.266511745581986e-05,0.005260529049117008,0.00634860277553951,2.8453453453453452,3.1621621621621623,-0.004888139033383686,0.006963023232521773,0.004638779073009866,0.005641153094072756,1.090811088023523,1.80793704362274,True,계산 완료
Batch 3,33,Batch3_033,1284.0,True,"장수명(>1,000)",5C(67%)-4C-newstructure,True,2단계 정전류,5.0,67.0,4.0,True,False,99.0,1.062159194949495,0.0006018904487705112,1.0624362,1.060272,1.0629164,0.0006477999999998652,-1.2591045145325148e-05,99.0,1.062158602020202,0.0006165880831491843,1.0623978,1.0601134,1.0628856,0.0007971999999998314,-1.2969280148415471e-05,99.0,0.015340797171717173,3.744112198847582e-05,0.015335715,0.015279103,0.015512635,-0.00015399299999999984,-2.9632445268997504e-07,99.0,33.10710984192206,0.13138054147336028,33.07998489148884,32.86878091519006,33.432665965833635,0.15418467036207062,0.0032102352684933643,99.0,34.284327507895505,0.13560727331547903,34.25626779633584,34.03369277678369,34.695709,0.0410836375092245,0.002976429266507546,99.0,31.679991708191025,0.13602935497758317,31.658596,31.415869,32.01797948147333,0.19452599999999975,0.0030148524348089945,99.0,10.043259696969717,0.0005797344455966612,10.043294999999732,10.04203833333304,10.045731666666688,-0.00038166666636207935,-1.8525664806583782e-06,2.6043357997044776,1.000000567015111,1000.0,-0.019885925647910252,0.00011027979071102575,-0.00784867836178756,0.006342611189003009,4.022871669486616e-05,-4.3954638105040384,-0.01933403788600204,-0.012837123854071597,-0.006515554795554823,-0.0032283271107415024,8.1974900578408e-05,0.009608796743330095,2.9024024024024024,3.2672672672672673,-0.011782497137403635,0.01181928383971465,0.007873178305526697,0.010089114926739787,-0.42066643192061515,-1.0079638350521714,True,계산 완료
Batch 3,34,Batch3_034,1158.0,True,"장수명(>1,000)",5.3C(54%)-4C-newstructure,True,2단계 정전류,5.3,54.0,4.0,True,False,99.0,1.063246013131313,0.0007925772290505659,1.0634384,1.061535,1.0642781,1.430000000013365e-05,-2.1157972789101247e-05,99.0,1.0632219666666667,0.0008296124772741654,1.0634083,1.0609888,1.0643144,0.00046259999999986867,-2.1022834879395306e-05,99.0,0.015302312080808081,3.6430062228508406e-05,0.015295491,0.015220164,0.015438841,-0.00010690799999999931,2.1168791589379255e-07,99.0,35.77943527518051,0.16172851507021607,35.77371585948215,35.479451378429054,36.130207661708205,0.30685541479855516,0.004726884088897882,99.0,38.98815031750086,0.26013722408924933,39.028423,38.486091801591414,39.49040963165045,0.45320899672321246,0.008442993719729286,99.0,32.239079738028686,0.1317730816084535,32.221397,31.956257,32.630889190178536,0.22357900000000086,0.0028132604680265495,99.0,10.043539814814821,0.0023875473530660138,10.043899999999848,10.027009999999912,10.045091666666606,-0.0009283333340128763,-9.72133580580914e-06,6.7490705794721775,1.0000226455764434,1000.0,-0.02150989276991433,3.2994643437143575e-05,-0.00955200556777299,0.007036999231377891,4.951935818241303e-05,-4.305224984047362,-0.02103012733833538,-0.015553936639286725,-0.008706508198039281,-0.0044091681677359,7.825089693739554e-06,0.011144768471550826,2.9054054054054053,3.3063063063063063,-0.014339405609997337,0.014342399591732606,0.00955399955960868,0.011862151962902717,-0.18435690972565105,-1.1555909813188079,True,계산 완료
Batch 3,35,Batch3_035,1093.0,True,"장수명(>1,000)",5.6C(19%)-4.6C-newstructure,True,2단계 정전류,5.6,19.0,4.6,True,False,99.0,1.0644993393939395,0.0006889583869454528,1.0647125,1.0632327,1.0654298,-0.00014730000000007237,-1.953093877550406e-05,99.0,1.0643435606060607,0.0007168034417080597,1.0645416,1.0630448,1.0653293,1.3900000000122148e-05,-2.0220006184284702e-05,99.0,0.01537437201010101,3.200186358619911e-05,0.015367848,0.015308049,0.01549053,-7.601500000000046e-05,1.175658627105151e-08,99.0,35.532941501822236,0.16673288402213668,35.535286440181864,35.20802981303255,35.929607880527264,0.32727905244044564,0.004906236990922319,99.0,38.53730929443863,0.23537546418838276,38.54007,38.119133,39.086731,0.5124756068024254,0.007577410967210602,99.0,32.24024694280969,0.17055317513866605,32.241825,31.761244,32.644882,0.15672037541516204,0.004265602474538223,99.0,10.043588619528593,0.00045669391649433473,10.043591666666423,10.042409999999897,10.044661666666313,-0.0009416666667672047,2.2225932793890723e-06,6.297062351628934,1.0001463801067367,1000.0,-0.02302807515263361,9.043865599416001e-05,-0.009826425701495065,0.007634632048037832,5.828760650892634e-05,-4.2344237704996575,-0.022687171463608952,-0.01634468970303904,-0.008527349593105304,-0.003916535223329409,5.6582180055002397e-05,0.01242815447970963,2.90990990990991,3.2537537537537538,-0.014751800328312779,0.014768640827839099,0.009837641474179594,0.012441380991249331,-0.29678152634462523,-1.1525795298029018,True,계산 완료
Batch 3,36,Batch3_036,923.0,True,"중간수명(500~1,000)",5.6C(36%)-4.3C-newstructure,True,2단계 정전류,5.6,36.0,4.3,True,False,99.0,1.0593632474747476,0.0008542720214315269,1.0595342,1.0575287,1.0606048,0.00023799999999996047,-2.197191960419553e-05,99.0,1.0592286191919191,0.0008722885362919065,1.0594124,1.0571625,1.0605196,0.0004599000000000686,-2.122242671613564e-05,99.0,0.0151344318989899,3.579709085674449e-05,0.015132029,0.015083324,0.015275053,-8.82880000000006e-05,-3.1053803325707573e-10,99.0,35.87907157748097,0.1506403638487159,35.86413922237587,35.593412343286666,36.24313701402739,0.2595872335043268,0.004273907033322366,99.0,39.38680749559564,0.25485873582785673,39.416981,38.930885,39.893036,0.48915887276397996,0.008280839666136103,99.0,32.17568860041181,0.12862245356239926,32.16691215376316,31.939495,32.526413,0.15573899999999696,0.002549641566388827,99.0,10.043494949494974,0.000502544458536382,10.04348499999954,10.04232333333348,10.044748333333215,0.0005866666671252574,2.169387756758841e-06,7.211118895183827,1.000127116373479,1000.0,-0.022981813517992444,0.0001576289456491891,-0.009908357469924613,0.007472884941210471,5.5844009344570225e-05,-4.253023401130269,-0.022526576869081317,-0.01619924416942925,-0.008831818840679073,-0.0044596961769639565,0.00014110328758351213,0.011739547992465293,2.9114114114114114,3.2882882882882885,-0.014874629404683402,0.014939589034384481,0.009951677584541883,0.012408211518467781,-0.25149853489775076,-1.0963063130947044,True,계산 완료
Batch 3,37,Batch3_037,1390.0,True,"장수명(>1,000)",4.8C(80%)-4.8C-newstructure,True,2단계 정전류,4.8,80.0,4.8,True,False,99.0,1.049442304040404,0.0019058023829454747,1.0494395,1.0410731,1.0586847,0.0018122000000000416,-2.0516487322038378e-06,99.0,1.0502066717171716,0.0067265435320966955,1.0491339,1.0370865,1.1030053,0.002725899999999948,-9.52403586888579e-06,99.0,0.014715773414141417,0.0003012129572428108,0.014754607,0.01243343,0.015105647,-0.00013295699999999952,7.5484729746458e-07,99.0,35.01461049108638,0.46193916729837425,35.084601469110574,32.50627536307353,35.75186084255455,-0.26200203211719497,0.004441916814839509,99.0,37.82132622347397,0.1471362025472132,37.80948251653669,37.539604,38.20889912669421,0.14852499999999935,0.003927216481842154,99.0,31.973894538119445,0.24572719299046805,31.984638,31.092140415529904,33.125771,0.132567902461588,0.003747300495810285,99.0,11.038428198653161,0.00045829298996894965,11.038366666666843,11.037473333333036,11.03980833333335,-0.00032833333364834516,-2.487466502983739e-06,5.847431685354521,0.9993029128166028,1000.0,-0.008439822988718593,0.013240420704929368,-0.001076797766325731,0.0028235100063438686,7.972208755923954e-06,-5.098421283147427,-0.005049816401298796,-0.0026201653425850235,-0.0009924864950162648,7.331331029959524e-05,0.00414968882831252,0.0026934786528846188,2.8843843843843846,3.006006006006006,-0.0016177684896814084,0.0032671143874126105,0.0021765420090845886,0.0030205512703366105,1.1339730831189871,3.442159860673197,True,계산 완료
Batch 3,38,Batch3_038,1935.0,True,"장수명(>1,000)",5C(67%)-4C-newstructure,True,2단계 정전류,5.0,67.0,4.0,True,False,99.0,1.0719827515151514,0.0004599846346953916,1.0721067,1.0701473,1.0726566,0.0009221999999999841,-8.787589363008528e-06,99.0,1.071834697979798,0.0004984281243047135,1.0719382,1.0697832,1.072524,0.0010968999999998452,-9.43691403832555e-06,99.0,0.01583589924242424,3.85952743144805e-05,0.015833518,0.015742945,0.015988033,-0.00011589700000000022,-2.3402310451437964e-07,99.0,34.745836319764145,0.17469186712898427,34.74602722470309,34.345505149638996,35.13555686929482,0.3281059082033977,0.004915742014914957,99.0,37.739090670595026,0.2546958884776806,37.770985,37.184914,38.268311,0.5462878093353751,0.00818513560002944,99.0,31.511033631406466,0.15327273209496226,31.50251633130119,30.966864,31.843166,0.10112499999999969,0.0032651168595783896,99.0,10.043707962962927,0.0011508921796950628,10.043544999999964,10.042595000000437,10.05276833333337,-0.005276666667246133,-5.367841682862239e-06,6.22805703918856,1.000138148606839,1000.0,-0.020147005721674938,0.002919863667119077,-0.008693083372975452,0.006748243328173672,4.553878801624049e-05,-4.341618522481463,-0.019600090669463333,-0.014350293336084452,-0.008507267800689777,-0.0038264164557656466,0.0004425683460207937,0.010523876880318805,2.8528528528528527,3.165165165165165,-0.013049911664175585,0.013377990639102423,0.008911695339998004,0.011002860889683486,-0.05424611894567922,-1.1767683743249504,True,계산 완료
Batch 3,39,Batch3_039,1156.0,True,"장수명(>1,000)",5.3C(54%)-4C-newstructure,True,2단계 정전류,5.3,54.0,4.0,True,False,99.0,1.0505830505050504,0.0007780722204785113,1.0508008,1.0474036,1.0515106,0.0021002000000001075,-6.583238095227178e-06,99.0,1.0503887606060607,0.0008187876179011242,1.0506778,1.0468264,1.0513157,0.0024990999999998653,-5.7410327767421026e-06,99.0,0.015563160080808082,4.4284890325209795e-05,0.015556182,0.015480768,0.015740704,-0.00015527400000000038,4.7391515151692576e-08,99.0,33.887021839840784,0.13687611743558784,33.86692809974586,33.569883888758476,34.23797454747976,0.18916528056662685,0.0031826789405737486,99.0,36.074946023996944,0.17327492946247325,36.07218472411868,35.634205,36.491322,0.24831117351151732,0.00436665406100702,99.0,31.395684343874585,0.15319603848048607,31.385269,30.99731619825322,31.762675532694455,0.02441170064380671,0.002814473798954785,99.0,10.043092710437712,0.002873446692550718,10.043549999999717,10.026743333333677,10.044561666666414,-3.6666665740980875e-05,-1.1211111109957116e-05,4.679261680122357,1.0001850009945197,1000.0,-0.017457917694832736,0.005697707341902919,-0.006428438589560583,0.005927884287400129,3.513981212480534e-05,-4.4542005524332575,-0.016816042293277128,-0.011207732002476517,-0.005650997980697792,-0.001168489185124827,0.0005631665510185567,0.01003924281735169,2.855855855855856,3.1666666666666665,-0.009651023169383703,0.010163247306891377,0.006769579865140696,0.008742396411306926,-0.2929782536006268,-1.0020225651970813,True,계산 완료
Batch 3,40,Batch3_040,796.0,True,"중간수명(500~1,000)",5.6C(19%)-4.6C-newstructure,True,2단계 정전류,5.6,19.0,4.6,True,False,99.0,1.062999387878788,0.0008155671570181545,1.0632297,1.0593235,1.0638335,0.002433899999999989,-7.692147186138772e-06,99.0,1.0627042929292927,0.0008758777422901655,1.0629675,1.0585489,1.0635898,0.002968300000000035,-6.104556586263966e-06,99.0,0.015390749383838383,6.615784567071345e-05,0.015393349,0.015254971,0.015561919,-0.00023430500000000062,-2.119920581323297e-06,99.0,34.05341123035083,0.2530495415192674,34.03152142327656,33.662682568368645,34.63881062704304,0.5721850731935589,0.008010307112337772,99.0,37.527810173662246,0.3908424360322958,37.53833377387797,36.918242398420354,38.358112,1.1471057225072343,0.01290955305939606,99.0,30.94064865564031,0.15310024264519156,30.908640866071824,30.658075,31.645513791081168,0.12434317441443099,0.00284835463166591,99.0,10.043764865319858,0.0014355178274664852,10.043501666666513,10.041983333332853,10.05444666666687,-0.0005349999994592736,-6.529004329508398e-06,6.587161518021938,1.0002777323871923,1000.0,-0.022053794482172262,7.870441953502887e-05,-0.009078861478925766,0.007123002855039226,5.073716967289697e-05,-4.294673754603611,-0.021453956039514506,-0.01496536042220642,-0.007930970935473791,-0.0031160808728433187,7.008972800165394e-05,0.011849279549363101,2.8978978978978978,3.346846846846847,-0.013630047001809972,0.013657551078030818,0.009097182735125102,0.011537424247064255,-0.315904948455991,-1.1382019473309302,True,계산 완료
Batch 3,41,Batch3_041,786.0,True,"중간수명(500~1,000)",5.6C(36%)-4.3C-newstructure,True,2단계 정전류,5.6,36.0,4.3,True,False,99.0,1.0543741434343434,0.0006872741398439975,1.0545512,1.0505219,1.0548838,0.0036312000000000566,9.732244897973014e-06,99.0,1.054001121212121,0.0007591962882794542,1.0541985,1.0497104,1.0545224,0.004015899999999961,1.1016523191106023e-05,99.0,0.018306992535353537,0.00014581866166097604,0.018311786,0.017006677,0.01854171,-0.00017313199999999945,-8.3118972170679e-07,99.0,33.640262798950594,0.13800168955331452,33.623107492407975,33.3944242723719,33.99743721880324,0.1639320860201181,0.0035844335737144615,99.0,36.62919119540175,0.2506225306694305,36.653023,36.107761,37.245838,0.4976729999999989,0.007830152634629044,99.0,30.825456412280786,0.12150411049859121,30.811066433318842,30.47063701600857,31.154322417193953,0.15446199999999877,0.0021965888955434443,99.0,10.043162962962906,0.0007486585341303727,10.043064999999963,10.041863333332973,10.047905000000416,0.0013016666668903554,2.4637188201763077e-06,5.803734783120972,1.0003539606317446,1000.0,-0.024192993699098664,2.005198008902913e-05,-0.009748050525024678,0.007770743440748655,6.038445362193824e-05,-4.219074851790469,-0.023635478355355632,-0.0158865157369652,-0.008450345321444286,-0.003550952832604759,1.2254661790568392e-05,0.012335562904360442,2.888888888888889,3.3228228228228227,-0.014634283670282586,0.014637780463406105,0.00975037938924494,0.012463890171481381,-0.35767028612567203,-1.0624409011807083,True,계산 완료
Batch 3,42,Batch3_042,1642.0,True,"장수명(>1,000)",4.8C(80%)-4.8C-newstructure,True,2단계 정전류,4.8,80.0,4.8,True,False,99.0,1.0695203565656566,0.00047260800021764606,1.0696383,1.0669198,1.0699885,0.0020447999999999578,1.8104885590771407e-06,99.0,1.0694715696969697,0.0005046292946220312,1.0695565,1.0664531,1.0699875,0.0025284000000000972,2.165186147196434e-06,99.0,0.016131830323232323,0.0001635020322857423,0.016202541,0.015753616,0.016376682,-0.0005620929999999996,-4.888674495980027e-06,99.0,33.03326599301577,0.3988056146922538,32.864131481685966,32.59817227792929,34.04851615450846,0.9310145705672639,0.011666531827419372,99.0,35.57262282220451,0.5857992616860627,35.30603,34.933067,37.087307,1.228779000000003,0.01706272388425395,99.0,30.694617546719012,0.14757834597960262,30.67498,30.329844727413835,31.103407,0.38762408541508364,0.00270540717050859,99.0,11.03849814814812,0.0013742806382516185,11.038346666666621,11.037019999999513,11.049676666666832,-0.00015666666658908923,6.9363017933703745e-06,4.878005275485504,1.0000456330669125,1000.0,-0.005609789046358671,0.02170209846647253,0.0007845194706261452,0.006716142672169424,4.510657239293505e-05,-4.345760163659635,-0.0052989912229591705,-0.002714897592565213,-0.001074907024283922,0.0002012195520380844,0.019239237814649025,0.0029161171446032974,2.8213213213213213,3.0870870870870872,0.0011782286674736292,0.006021268129342236,0.004010436875421514,0.006758471470705018,1.9895572581683252,2.940921517189741,True,계산 완료
Batch 3,43,Batch3_043,1046.0,True,"장수명(>1,000)",5C(67%)-4C-newstructure,True,2단계 정전류,5.0,67.0,4.0,True,False,99.0,1.0728844272727274,0.00047074603032308483,1.0730258,1.0701852,1.073334,0.0022332999999998826,3.0410142238829537e-06,99.0,1.0726782111111113,0.0005129071666588178,1.0728214,1.0696611,1.0731519,0.002593899999999927,3.773844155857431e-06,99.0,0.015828501373737373,0.00013996807786315375,0.01586833,0.015550403,0.016024416,-0.00014502799999999844,-3.034018701298576e-06,99.0,33.89526904792961,0.49362245847147784,33.69879575084625,33.12399877078902,35.08478558900868,0.8575400019597836,0.01349390929861813,99.0,36.95614928561784,0.7645003647642167,36.686323184335926,35.89484320170466,38.634735,1.5367700000000042,0.0219915664578922,99.0,30.878729493006865,0.19289054262673527,30.869220071187193,30.366573,31.421835,-0.06560699999999997,0.0036565992215104,99.0,10.043652104377044,0.000508453514614266,10.043633333332643,10.04253833333302,10.044923333333282,-0.0007233333325231683,3.275407132419791e-06,6.077419792610973,1.0001922637674856,1000.0,-0.01297639899175873,0.01636229106242293,-0.003266056933426803,0.006947735009786275,4.8271021766209893e-05,-4.316313499254323,-0.012634250183506562,-0.008304660622481697,-0.0037996215782284404,0.0001400111851348965,0.013217747762663747,0.008444671807616592,2.810810810810811,3.0735735735735736,-0.004903033988222467,0.009048487778422867,0.006027034341898461,0.007673974109731474,0.9707647813843869,0.8570863264868622,True,계산 완료
Batch 3,44,Batch3_044,940.0,True,"중간수명(500~1,000)",5.3C(54%)-4C-newstructure,True,2단계 정전류,5.3,54.0,4.0,True,False,99.0,1.07331738989899,0.000689991490703951,1.0735258,1.06972,1.0739049,0.003208399999999889,4.689736549177065e-06,99.0,1.0730522959595958,0.0007371496812971998,1.0732759,1.069182,1.0736365,0.003487899999999877,5.511572047010383e-06,99.0,0.015572503777777776,3.794241723001091e-05,0.01557065,0.01551657,0.015722955,-0.00010574500000000084,-3.460204081615033e-08,99.0,33.35164903826186,0.135382143313712,33.33060419549598,33.043061784916794,33.7350708671305,0.12215639764900743,0.003128362140349352,99.0,36.336163666791506,0.2435313629855299,36.371323,35.899349,36.881859,0.5814049999999966,0.007717909147142847,99.0,30.638344666380572,0.14392577306907153,30.643085463215993,30.183569,31.011507,-0.18088571474332582,0.001276265515705587,99.0,10.043212407407367,0.0017960066913183799,10.043413333332865,10.026366666666581,10.044543333333179,-0.016316666666778445,-7.0657390235987445e-06,5.697819000410933,1.0002470773201089,1000.0,-0.02598513188750473,-5.684970389612063e-05,-0.011231061096491921,0.00859942661490303,7.395013810510257e-05,-4.131061004729677,-0.025482239302404796,-0.01899778088496329,-0.010122415331975776,-0.0037386338773708477,-6.435873402341271e-05,0.015259147007592441,2.894894894894895,3.46996996996997,-0.01686102664609057,0.01686102664609057,0.011231061096491921,0.014142592454006859,-0.24498399509976893,-1.238586153658911,True,계산 완료
Batch 3,45,Batch3_045,1801.0,True,"장수명(>1,000)",4.8C(80%)-4.8C-newstructure,True,2단계 정전류,4.8,80.0,4.8,True,False,99.0,1.0714658575757574,0.0004595824842337534,1.0714893,1.0695485,1.0721447,0.001576599999999928,-1.258453926921298e-07,99.0,1.0713107808080806,0.0005138032710703661,1.0714282,1.0691922,1.0719951,0.001738199999999912,-6.776388373401716e-07,99.0,0.015618692474747477,3.5108293446729945e-05,0.015619206,0.015557319,0.015742011,-7.953999999999947e-05,-1.1651281385265911e-07,99.0,32.72596355233115,0.1254609439316227,32.71034965693371,32.522653078288265,33.0481678928074,0.14140159737210212,0.0027032666629774518,99.0,34.6817726725469,0.1634987594089891,34.68392877340343,34.26325514018598,35.085537,0.371825276957928,0.004511182023159193,99.0,30.852621310491138,0.13182585618487,30.835682,30.620083,31.233777368442517,-0.10825589358514165,0.0018064553334348839,99.0,11.038587558922575,0.003607425843933535,11.03800666666648,11.035215000000123,11.056529999999718,-0.0017116666669600988,1.0742259328114174e-05,3.829151362055768,1.000144843063734,1000.0,-0.016477960740300612,-5.285843256575478e-05,-0.007131752461986142,0.00549277558394396,3.017058361557091e-05,-4.520416274417103,-0.01626563423378009,-0.011993492534689537,-0.0059178306010457815,-0.002961820703899609,-0.00011207951528681106,0.009031671830789928,2.978978978978979,3.5,-0.010706287142372203,0.010706287142372203,0.007131752461986142,0.009000128121921417,-0.3286362058286305,-1.177011420035427,True,계산 완료
