batch,cell_index,global_cell_id,cycle_life,target_available,life_group,charging_policy,policy_parse_success,policy_type,c_rate_stage1,switch_soc_pct,c_rate_stage2,policy_new_structure,policy_slow_cycle,qd_n,qd_mean,qd_std,qd_median,qd_min,qd_max,qd_delta,qd_slope,qc_n,qc_mean,qc_std,qc_median,qc_min,qc_max,qc_delta,qc_slope,ir_n,ir_mean,ir_std,ir_median,ir_min,ir_max,ir_delta,ir_slope,tavg_n,tavg_mean,tavg_std,tavg_median,tavg_min,tavg_max,tavg_delta,tavg_slope,tmax_n,tmax_mean,tmax_std,tmax_median,tmax_min,tmax_max,tmax_delta,tmax_slope,tmin_n,tmin_mean,tmin_std,tmin_median,tmin_min,tmin_max,tmin_delta,tmin_slope,chargetime_n,chargetime_mean,chargetime_std,chargetime_median,chargetime_min,chargetime_max,chargetime_delta,chargetime_slope,temperature_range_mean,coulombic_efficiency_mean,delta_q_n,delta_q_min,delta_q_max,delta_q_mean,delta_q_std,delta_q_var,delta_q_log10_var,delta_q_q05,delta_q_q25,delta_q_q50,delta_q_q75,delta_q_q95,delta_q_iqr,delta_q_min_voltage,delta_q_max_voltage,delta_q_area,delta_q_abs_area,delta_q_l1,delta_q_l2,delta_q_skew,delta_q_kurtosis,delta_q_available,delta_q_reason,qd_cycle2,qd_cycle100,qd_max_minus_cycle2,qd_max_cycle,qd_linear_slope_2_100,qd_linear_intercept_2_100,qd_slope_95_100,charge_time_mean_2_6,ir_min_2_100,ir_cycle100_minus_cycle2,tavg_mean_2_100,tmax_mean_2_100,dq20_10_log10_var,dq20_10_iqr,dq20_10_min,dq20_10_abs_area,dq20_10_l2,dq30_10_log10_var,dq30_10_iqr,dq30_10_min,dq30_10_abs_area,dq30_10_l2,dq40_10_log10_var,dq40_10_iqr,dq40_10_min,dq40_10_abs_area,dq40_10_l2,dq50_10_log10_var,dq50_10_iqr,dq50_10_min,dq50_10_abs_area,dq50_10_l2,dq60_10_log10_var,dq60_10_iqr,dq60_10_min,dq60_10_abs_area,dq60_10_l2,dq70_10_log10_var,dq70_10_iqr,dq70_10_min,dq70_10_abs_area,dq70_10_l2,dq80_10_log10_var,dq80_10_iqr,dq80_10_min,dq80_10_abs_area,dq80_10_l2,dq90_10_log10_var,dq90_10_iqr,dq90_10_min,dq90_10_abs_area,dq90_10_l2,dq100_10_log10_var,dq100_10_iqr,dq100_10_min,dq100_10_abs_area,dq100_10_l2,split
Batch 1,0,Batch1_000,1190.0,True,"장수명(>1,000)",3.6C(80%)-3.6C,True,2단계 정전류,3.6,80.0,3.6,False,False,99.0,1.0805965747474746,0.0465623705364551,1.0763736,1.0706892,1.5390544,0.0052234000000002,-0.0002068070129869,99.0,1.0804340131313133,0.0473652622689978,1.0760859,1.0710218,1.5467919,0.0046838,-0.0002085974978354,99.0,0.016643322040404,0.0002391749192042,0.016619267,0.016443744,0.018950272,-7.520000000000096e-05,-6.107912059368519e-07,99.0,31.603747328822767,0.2126670865505207,31.566971697416967,30.28257943076922,32.28574128255086,-0.2922954209944848,-0.0011927638318629,99.0,35.376748303030304,0.1642164479447194,35.35358,35.118328,35.994705,-0.2272190000000051,-0.0004083136920217,99.0,29.345268878787877,0.2005766671084965,29.308577,29.012251,30.073803,-0.3112610000000018,-0.0021699178231289,99.0,13.384230505050484,0.042616296805027,13.358211666666708,13.34010333333281,13.461158333333394,-0.0004883333326688,-7.997672644818922e-05,6.031479424242425,1.0001735572997474,1000.0,-0.0084596429342688,0.0007679306774941,-0.0028734152246919,0.0031101886660313,9.673273538309652e-06,-5.014426486290442,-0.0078673109492893,-0.0060736959366771,-0.0014445604320567,-3.229829127893895e-05,0.000379499557067,0.0060413976453981,3.0645645645645647,2.0,-0.0043150549187595,0.0044368100322722,0.0029553268326952,0.0042332157183709,-0.5328580924588826,-1.3490537176384805,True,계산 완료,1.0706892,1.0759126,0.46836520000000004,12.0,-0.00020680701298699973,1.091143732409812,1.4831428571447747e-05,13.374893999999992,0.016443744,-7.520000000000096e-05,31.603747328822767,35.376748303030304,-6.107599680799066,0.0008373625982283917,-2.919120203273215e-06,0.002124820997040862,0.0016688492556187929,-6.019197122210645,0.0017683731041064881,-0.0025754876713545427,0.0017767917691410904,0.0014066520858546905,-5.774438295889576,0.0019084115017773129,-0.0032853410712856412,0.0016172433383876432,0.0014016088660710113,-6.036788976769521,0.0018316930166097814,-0.0005280329183623422,0.0016558969258530843,0.0014186424226988114,-5.970797921419937,0.0017069936493278363,-0.0010143227639048957,0.001615072941904069,0.0013941778778591015,-5.2968466192103465,0.003720610488137363,-0.0060357108591581055,0.0027472735617879787,0.002537898861070433,-5.472545686060438,0.0032040615725872634,-0.004561777582994919,0.002296285164057876,0.002056175536413012,-5.10902646486515,0.005325665990688509,-0.007905543958927397,0.003708924171013829,0.0035665549059156346,-5.014426486290442,0.00604139764539819,-0.008459642934268818,0.004436810032272287,0.004233215718370921,development
Batch 1,1,Batch1_001,1179.0,True,"장수명(>1,000)",3.6C(80%)-3.6C,True,2단계 정전류,3.6,80.0,3.6,False,False,99.0,1.0812468797979795,0.0011909795450513,1.0816207,1.0753012,1.0845895,0.0053285,5.535292517018203e-06,99.0,1.0810921000000002,0.0016585888899043,1.0814048,1.0750588,1.0928036,0.0053862999999998,4.809332096488456e-06,98.0,0.016921770387755,5.181546998220659e-05,0.0169226499999999,0.016764179,0.017038831,-4.199100000000164e-05,8.622394481932251e-07,99.0,31.33031430692745,0.1933909243866982,31.258835086995443,31.13248260036663,31.981176979797976,-0.47898683915232,-0.0030963630288848,99.0,34.16065478787879,0.2156453029894552,34.137924,33.771145,34.712265,-0.1564440000000004,-0.0019858072727268,99.0,29.561504050505047,0.2298993069002864,29.487072,29.230637,30.28406,-0.4259819999999976,-0.0025080156462583,99.0,13.374696464646446,0.0414906057150237,13.341623333333215,13.341041666666811,13.42640666666666,-0.0842333333336373,-0.0004598014223874,4.599150737373737,1.00014408165689,1000.0,-0.0110038165966219,-8.800451256757524e-05,-0.0040996146213451,0.0031134181102417,9.693372329181196e-06,-5.0135250605856,-0.009777952683908,-0.007106537226738,-0.0031770531950235,-0.0015893644384464,-0.0001547290297984,0.0055171727882916,3.1366366366366365,3.478978978978979,-0.0061545629206738,0.0061545629206738,0.0040996146213451,0.0051468941120251,-0.4300202024473874,-1.0282560836861825,True,계산 완료,1.0753012,1.0806297,0.009288300000000138,12.0,5.535292517018203e-06,1.0809645798796121,-5.664571428562013e-05,13.409150000000002,0.016764179,-4.199100000000164e-05,31.33031430692745,34.16065478787879,-5.026727911597796,0.0015283415517456465,-0.014655520418931395,0.0026148190757721125,0.003074762619398485,-5.662217240939342,0.0012398743827115488,-0.006517131644198593,0.001500231598213655,0.001477999059810604,-5.746425336608616,0.0010605483634179994,-0.005464432158247434,0.0012790923696099736,0.0013457112995177445,-5.727344320610321,0.001092959774427827,-0.00669877917049197,0.0012714178289531608,0.0013685782872284037,-5.62189701674355,0.0021465024418901744,-0.005299144130040789,0.002067861239191068,0.001970589903058063,-5.712235266688269,0.0013781385735978885,-0.007130234184012013,0.001639755232081293,0.0017196028507143035,-5.115803679260009,0.004626630193162812,-0.010648593311334775,0.004364758007630658,0.004012766113077086,-5.381652132134703,0.00387677955067231,-0.006259565613201734,0.003981661518844477,0.003344037757316344,-5.0135250605856,0.005517172788291641,-0.011003816596621918,0.0061545629206738745,0.005146894112025161,development
Batch 1,2,Batch1_002,1177.0,True,"장수명(>1,000)",3.6C(80%)-3.6C,True,2단계 정전류,3.6,80.0,3.6,False,False,99.0,1.0853711969696969,0.0010255172720119,1.0856748,1.0799223,1.0880535,0.0050181,1.0295625231922212e-05,99.0,1.0851456515151514,0.0016619167568831,1.0854056,1.0797698,1.0978745,0.0049015999999999,9.216586270883094e-06,98.0,0.0167689786020408,5.915965700407669e-05,0.0167688699999999,0.016613184,0.016878299,-1.3807000000001096e-05,1.162834476498017e-06,99.0,31.47958411321121,0.2034968903241499,31.406702352569752,31.268309674127153,32.12018401831506,-0.4734556725399628,-0.0030937701244275,99.0,34.54464383838384,0.2249075677778975,34.52742,34.141102,35.127342,-0.1905929999999998,-0.0014805758441554,99.0,29.64075872727273,0.2498129519155309,29.561157,29.269444,30.321005,-0.4955010000000008,-0.0027195127149039,99.0,13.378886329966337,0.0421573550647322,13.341569999999772,13.341089999999774,13.426306666666642,0.0001250000001178,-5.114603174483194e-05,4.903885111111111,1.0002090739767184,1000.0,-0.0172163918496444,1.252405183928737e-05,-0.0044867342828869,0.0042826973517069,1.8341496606317323e-05,-4.736565206528272,-0.0137198636092243,-0.0074982995333887,-0.002964961161513,-0.0011601861837316,-4.799066160596765e-05,0.0063381133496571,3.153153153153153,3.481981981981982,-0.0067362372616711,0.0067367360733053,0.0044870752718771,0.0062011240622119,-1.0818176821405654,0.3564103836951258,True,계산 완료,1.0799223,1.0849404,0.008131200000000005,12.0,1.0295625231922212e-05,1.0848461200828692,-5.559999999997804e-05,13.358242333333328,0.016613184,-1.3807000000001096e-05,31.47958411321121,34.54464383838384,-4.841573056238384,0.0012108743986365689,-0.019540417994772297,0.00269726160332156,0.003869552356057656,-5.331792979485867,0.0012852603528055407,-0.010422018116745507,0.0018209663112575495,0.0022053969152207777,-5.34660891572049,0.0013506627521020081,-0.00920922268865279,0.0018170493984466548,0.0021796822017570994,-5.397850495995058,0.0011453661095218027,-0.011159907806468694,0.0015363518465297925,0.0020065543305535774,-5.15405355533958,0.0030613044416733215,-0.010306226596552615,0.0029275440587569947,0.0031287897421906127,-5.36232980404129,0.0013539098265851728,-0.011827756485423474,0.0018521660546669458,0.0023480696530038805,-4.797371367161579,0.005043466312134565,-0.016183378706811913,0.005123069771282107,0.005248277657128434,-5.094779418733223,0.0052796508977012,-0.009316190010921654,0.004572608165223459,0.004159914586590991,-4.736565206528272,0.006338113349657143,-0.017216391849644463,0.006736736073305353,0.00620112406221198,development
Batch 1,3,Batch1_003,1226.0,True,"장수명(>1,000)",4C(80%)-4C,True,2단계 정전류,4.0,80.0,4.0,False,False,99.0,1.08494896969697,0.0010963475152406,1.0853621,1.0797229,1.086253,0.0050269,1.71363475572103e-05,99.0,1.0845464424242426,0.0011227265039499,1.0849675,1.0793147,1.0858829,0.0050036999999998,1.717180581324473e-05,98.0,0.0163109127346938,5.935147684794354e-05,0.016314978,0.016098134,0.016408285,3.858100000000281e-05,8.373194277782419e-07,99.0,29.942198807956427,0.2383622296344355,29.84754823539978,29.753553673617425,30.92172582060721,-0.4144949296356373,-0.002254112710416,99.0,30.662263141414144,0.2684264078811923,30.585636,30.336483,31.691414,-0.4462930000000007,-0.0007081010142235,99.0,29.38564177777777,0.2698138970129169,29.337318,29.023619,30.475714,-0.2314429999999987,-0.0028839630303027,99.0,12.053277171717166,0.0422933667165767,12.092243333333318,12.007673333333514,12.093001666667018,0.0840116666666901,-0.0001245850340127,1.276621363636364,1.0003711746728992,1000.0,-0.0189605397732695,0.0001820400912558,-0.0074557847000184,0.0060104996506879,3.6126106050920296e-05,-4.4421788354813705,-0.0181654216103506,-0.0125247107546282,-0.0058600513046059,-0.0026919645019327,6.0553703973208667e-05,0.0098327462526955,2.957957957957958,3.5,-0.0111936880044179,0.011211524461609,0.0074678458205989,0.0095748997612454,-0.4397103034070463,-1.0948886272634752,True,계산 완료,1.0797229,1.0847498,0.006530099999999983,68.0,1.71363475572103e-05,1.0840750159715522,-3.6771428570958755e-06,12.025139666666673,0.016098134,3.858100000000281e-05,29.942198807956427,30.662263141414144,-5.5451917207187815,0.0017966458500114713,-0.005707173137863619,0.001864252424956424,0.0019530051954563163,-5.098320007120443,0.0039861603852132926,-0.009380757305445186,0.0033511108946287734,0.0034804603989712773,-5.315256736973142,0.003101174579108459,-0.007229879512622328,0.0027881383986183336,0.002814571930510893,-4.893179342128577,0.005276519374925059,-0.011588734810337953,0.004798024776174073,0.004779376371984161,-4.912011165877679,0.006277852855834487,-0.011301031270260026,0.005309848862939694,0.004963264959322545,-4.821161751114475,0.0056877757162908105,-0.012533005300210731,0.006067376113754234,0.0055875258223913845,-4.513323709477418,0.008978554276009881,-0.017451325624237568,0.009361249108093373,0.008336972029064128,-4.5305782039124525,0.009889795218360819,-0.016265433802985396,0.009777723536690498,0.008465399947413356,-4.44217883548137,0.009832746252695534,-0.018960539773269502,0.011211524461609024,0.009574899761245443,development
Batch 1,4,Batch1_004,1227.0,True,"장수명(>1,000)",4C(80%)-4C,True,2단계 정전류,4.0,80.0,4.0,False,False,99.0,1.082843531313131,0.0010950287531073,1.0832496,1.0780181,1.0843166,0.004229,1.8994317872615252e-05,99.0,1.082700305050505,0.0010926879875039,1.0830988,1.0775421,1.0842149,0.0039835000000001,1.8383106988258537e-05,98.0,0.0166688861632653,6.63298300048169e-05,0.0166772445,0.016368635,0.016787428,-5.331399999999875e-05,2.768146189733007e-07,99.0,31.44888383416564,0.278951346502791,31.367527119565263,31.09803893321298,32.74071235299629,-0.2921154186427301,-0.0004871836229021,99.0,34.38251588888889,0.3027314433034155,34.341938,32.985813,35.651741,-0.1041600000000002,0.001871515905999,99.0,29.487975303030296,0.3128556866324052,29.430073,29.092649,30.841711,-0.2201190000000004,-0.0021918908843534,99.0,12.053313636363642,0.0422906649989468,12.09220499999986,12.007773333333413,12.09293499999961,-7.833333332563086e-05,0.0001093479282629,4.894540585858586,1.0001322865779052,1000.0,-0.0139579950936773,4.553514587814266e-05,-0.0057500081219601,0.0047461933417121,2.252635123691307e-05,-4.647309129254444,-0.013616862079769,-0.0101777060363202,-0.0043967164803775,-0.001528314585509,-1.1575340370531414e-05,0.0086493914508112,2.8783783783783785,3.4954954954954953,-0.0086329888166048,0.0086350417510844,0.005751417009648,0.0074542885836466,-0.3630929933106578,-1.3344997340040674,True,계산 완료,1.0784167,1.0826457,0.005899899999999958,68.0,1.8994317872615252e-05,1.0818748211016282,-2.5985714285644646e-05,12.041850666666674,0.016368635,-5.331399999999875e-05,31.44888383416564,34.38251588888889,-6.159808529061167,0.0010302727721858695,-0.0017992781329629892,0.0008766502680782474,0.0008334369712118455,-5.629447923804211,0.0019536984709038197,-0.00468280723158665,0.0018159732344264347,0.0017826763754946282,-5.738619236609007,0.002022331944267631,-0.003722246426581699,0.001684110415258514,0.0016020357028647429,-5.292599234520732,0.0037056244492352404,-0.00626431181329401,0.0029405110679847388,0.002896423073151756,-5.16380800746977,0.005559458373746242,-0.0067213790035177134,0.0037134268974073374,0.003537265847013821,-5.176472439745674,0.004228098394701971,-0.007880884392234,0.0038525173592292034,0.003629136137988853,-4.8176732357209,0.006993739973657764,-0.011248977075471012,0.006274736458431058,0.005705441791155535,-4.682922885742607,0.009032854602702561,-0.01275630761499258,0.007801755489716367,0.006902443666869856,-4.647309129254444,0.008649391450811228,-0.013957995093677344,0.008635041751084406,0.007454288583646612,development
Batch 1,5,Batch1_005,1074.0,True,"장수명(>1,000)",4.4C(80%)-4.4C,True,2단계 정전류,4.4,80.0,4.4,False,False,99.0,1.0803274434343435,0.0010474769149627,1.0805809,1.075169,1.0820704,0.0036528,1.1228400742129884e-05,99.0,1.0801648737373737,0.0009852392726669,1.0804118,1.0759794,1.081865,0.0034255999999999,1.0317516388386285e-05,99.0,0.0162703885757575,9.448637333457256e-05,0.016273551,0.015922785,0.016835118,-0.000111867,-1.8453287569562565e-07,99.0,30.92149771366389,0.3691986678928377,30.81931738391227,30.71392109177817,32.68150425207759,-0.1716203955432753,0.0009423509569224,99.0,33.02000678787879,0.3708390062292906,32.907345,32.694057,34.654667,0.0430259999999975,0.0040017184415587,99.0,29.24238684848485,0.3980403959263319,29.130405,28.914812,31.058582,-0.3201319999999974,-0.0002925241682124,98.0,10.955934948979651,0.0422940986817389,10.917401666666972,10.916876666666695,11.002080000000811,-0.0843599999998332,-1.8997573456595623e-05,3.777619939393939,1.000150537739909,1000.0,-0.0251787789493372,0.0002371112659216,-0.0110739129797385,0.0081428844906605,6.630656782824051e-05,-4.178443444980709,-0.0244232321837896,-0.0182845443415791,-0.0101027382933679,-0.0045023515542081,9.872737388991796e-05,0.013782192787371,2.8723723723723724,3.5,-0.0166247616706266,0.0166553287507946,0.0110945077663963,0.013743064066766,-0.149574603674778,-1.227662237838569,True,계산 완료,1.0761266,1.0797794,0.005943800000000055,70.0,1.1228400742129884e-05,1.0797547949964954,-2.197428571422156e-05,10.967849666666668,0.015922785,-0.0001118670000000016,30.92149771366389,33.02000678787879,-5.604680109323011,0.002329633107473644,-0.005392674942419268,0.0021905237769776834,0.0021430236113849518,-5.534098399290673,0.003005146380449575,-0.005116900072690278,0.0026422670482454157,0.002441329376655537,-5.076555989063082,0.004995751357534842,-0.008528060170984064,0.004783171204538574,0.0042969133497214465,-4.849131862692651,0.00632719261721626,-0.011624883722753832,0.0062363292600118095,0.00558649410357633,-4.580208729554145,0.008858931799011982,-0.01531646328712466,0.00916656649304615,0.007963740082859815,-4.026634288937203,0.0015165482444991548,-0.0019145183571740443,0.0072042284837510314,0.010587631262229918,-4.356935684421459,0.01162289673405209,-0.020018021739076852,0.012864883406641964,0.010817605489086664,-4.2566175891727305,0.012726076890877708,-0.02287987113469825,0.015008148357215704,0.01245113535768685,-4.178443444980709,0.013782192787371,-0.025178778949337288,0.016655328750794604,0.013743064066766009,development
Batch 1,6,Batch1_006,636.0,True,"중간수명(500~1,000)",4.8C(80%)-4.8C,True,2단계 정전류,4.8,80.0,4.8,False,False,99.0,1.0809117848484848,0.0011514053246823,1.0812788,1.0758358,1.082139,0.0034068,-4.808646876924093e-06,99.0,1.080420604040404,0.0012815332579406,1.0807908,1.0752068,1.0844336,0.0035480000000001,-5.253666048227248e-06,98.0,0.0166757100612244,6.804885384656581e-05,0.016664638,0.016541764,0.017001977,-0.000333346,-1.0857584646641585e-06,99.0,32.27384521945563,0.1626025246558638,32.22769727735856,32.083406914953294,32.95084463475838,-0.2586887394011157,-0.0010014394108996,99.0,35.79263145454546,0.2353753546019756,35.802235,35.349377,36.496124,0.116897999999999,0.0044057524551642,99.0,29.74772723232324,0.1689972531864583,29.695097,29.495056,30.358706,-0.4027290000000008,-0.002101356747062,99.0,10.04485760942758,0.04386117648401,10.0083150000001,10.007953333332749,10.179916666666651,-0.0874249999996052,-0.0002719285714291,6.044904222222221,1.0004550293286911,1000.0,-0.0378860393134797,6.203428184438494e-05,-0.0159650562482748,0.0130550429746281,0.0001704341470693,-3.768443385905541,-0.0371205911335999,-0.0285781437815524,-0.0124616291477451,-0.0054864285198875,3.532611458818739e-05,0.0230917152616649,2.933933933933934,3.5,-0.0239680823343373,0.0239767839984967,0.0159709135908868,0.0206190866415779,-0.408548928534953,-1.2382587204379378,True,계산 완료,1.0758358,1.0792426,0.006303200000000064,28.0,-4.808646876924093e-06,1.0811570258392085,-6.464000000001671e-05,10.07647899999999,0.016541764,-0.0003333460000000017,32.27384521945563,35.79263145454546,-5.0759020756596405,0.0037612248173880796,-0.009605591358990417,0.0034387364417272303,0.003677171717578334,-4.8966392075027025,0.00518574134085812,-0.010560866758713039,0.004206841707846599,0.004404519862325539,-4.540813925564165,0.008539483800019815,-0.015643615553200096,0.00709255571390431,0.007139281801702414,-4.35633608837348,0.011003688443554843,-0.019138225393611763,0.009588266566806152,0.00920629162828509,-4.177603414161463,0.013830226488976978,-0.023434921697884303,0.012545653145091823,0.01166806426759538,-4.49810248899308,0.009050253578663951,-0.017425729446636562,0.008894465098316387,0.008080937607518043,-3.9642175352084528,0.018133914024218767,-0.030361925578870186,0.017745131679538315,0.015748155192658788,-3.8490910502481,0.02084364154903412,-0.03465548771314353,0.021118718789842374,0.01840924472326001,-3.7684433859055404,0.023091715261664925,-0.03788603931347978,0.02397678399849678,0.020619086641577956,development
Batch 1,7,Batch1_007,870.0,True,"중간수명(500~1,000)",4.8C(80%)-4.8C,True,2단계 정전류,4.8,80.0,4.8,False,False,99.0,1.0969264323232324,0.0008160083405221,1.09716,1.0938644,1.0979686,0.0018981,-6.4281880024581415e-06,99.0,1.096663804040404,0.0011173326859104,1.0968311,1.0914063,1.1028069,0.0017804999999999,-8.565363017919851e-06,98.0,0.0162139184081632,4.131874623546634e-05,0.016208507,0.016083084,0.016311171,-3.842100000000029e-05,7.911135720991667e-07,99.0,31.99008450921703,0.1498531388432168,31.948692868224295,31.829572527566512,32.67728035459658,-0.2056716474574003,-0.0004777659306103,99.0,35.32269474747474,0.2085610524447556,35.308605,34.959915,36.053928,0.167704999999998,0.0042557847990109,99.0,29.58006356565657,0.1501519865699461,29.542273,29.368095,30.249355,-0.3211130000000004,-0.0013149885343225,99.0,10.044094528619514,0.0418767311105525,10.009005000000371,10.007523333333666,10.094543333333425,0.001015000000704,-0.0002191811585246,5.742631181818182,1.000240150375943,1000.0,-0.0382333865070744,-0.0001400559993348,-0.0166457272456197,0.0124014999890281,0.0001537972019778,-3.813051562729157,-0.0370069016164789,-0.0274132521083256,-0.0137832532095589,-0.0081271083797247,-0.0001891041716205,0.0192861437286009,3.06006006006006,3.4744744744744747,-0.0249879131401536,0.0249879131401536,0.0166457272456197,0.0207538825358402,-0.3339177053609083,-1.1201347364663354,True,계산 완료,1.0938644,1.0957625,0.004104200000000002,28.0,-6.4281880024581415e-06,1.0972542699113579,-2.096285714285392e-05,10.02508166666667,0.016083084,-3.842100000000029e-05,31.990084509217034,35.32269474747474,-5.109877502316429,0.0032354267083615773,-0.010061433045664203,0.004620751573817717,0.0041511417217368314,-4.904095254115783,0.004817352405036113,-0.012079201472815937,0.0053101757189388905,0.004996213115685108,-4.551890008628366,0.007141202354831733,-0.0173908502613217,0.00861929275236218,0.007810097636926466,-4.379135403709356,0.009225859286756455,-0.020637869337760684,0.010888631156150087,0.009712637745571767,-4.203430975175545,0.011544210662938259,-0.02515606366965817,0.01411519284640417,0.012285952107790094,-4.561473751116541,0.007250065076487955,-0.016612392271029286,0.009979930091560042,0.008421161212649167,-4.000921276747178,0.015297351010670701,-0.030990992740285717,0.019140142177847687,0.01619423084902244,-3.885240117152069,0.01758190201610832,-0.03520900864269849,0.022417905043662936,0.01879174914765387,-3.8130515627291564,0.019286143728600637,-0.03823338650707442,0.024987913140153684,0.02075388253584024,development
Batch 1,8,Batch1_008,879.0,True,"중간수명(500~1,000)",5.4C(40%)-3.6C,True,2단계 정전류,5.4,40.0,3.6,False,False,99.0,1.0947719373737377,0.0008728084188628,1.0950732,1.0899748,1.0959139,0.0041610999999999,5.429254174399952e-06,99.0,1.094458098989899,0.0008480813643213,1.0947462,1.0898467,1.0956333,0.003962,4.623489177500631e-06,99.0,0.0167117057070707,6.242931213932121e-05,0.016721431,0.016538974,0.016830463,2.1805999999999215e-05,1.3837452813854894e-06,99.0,32.076506270161325,0.1418811305657941,32.04942305234662,31.931617436594266,32.792923807934905,0.0273556967665413,0.0001647344905032,99.0,34.45206194949494,0.1853082008342204,34.444057,34.106937,35.160984,0.0737000000000023,0.0026724976252322,99.0,30.31709192929293,0.1981781057362009,30.293056,30.008883,31.088207,-0.1997909999999976,-0.001646693543599,99.0,11.24361163299663,0.04152927768848,11.20847000000067,11.207536666666662,11.29953999999998,0.0831950000003427,0.0001059493918795,4.1349700202020205,1.0002867366443509,1000.0,-0.030807702259195,8.354872197383133e-06,-0.0128189672320227,0.009991252887757,9.98251342671127e-05,-4.000760092646564,-0.02976205917231,-0.0220645096978875,-0.0106727835990823,-0.0045761629969534,-7.753156439479655e-06,0.0174883467009341,2.941441441441442,3.4534534534534536,-0.0192445884013124,0.0192448994181434,0.0128191743692322,0.0162496532279467,-0.3296087803259137,-1.202586455449319,True,계산 완료,1.0899748,1.0941359,0.005939099999999975,55.0,5.429254174399952e-06,1.094495045410843,-2.3717142857081006e-05,11.208483666666663,0.016538974,2.1805999999999215e-05,32.076506270161325,34.45206194949494,-5.394244844226135,0.002296273287274096,-0.006602515082200111,0.0022213190037242408,0.0024403240389797003,-5.003815853424618,0.004901037318257634,-0.009588631930758984,0.0038695415048482997,0.003998975669378436,-4.948536516171781,0.0059134494962066395,-0.009381387407466302,0.004693089990948287,0.0045583613527012115,-4.604464045944256,0.008224350339043757,-0.015015709696523327,0.007857774536358369,0.007226926574413422,-4.477224424443579,0.009586337244758934,-0.017638888261091834,0.00943397436624774,0.008519787690709647,-4.167638107823907,0.013994514359646215,-0.024452335645685164,0.013928291601199513,0.012404102084278255,-4.060240644407054,0.016360851999553984,-0.02747096665328086,0.016619031790845916,0.01447406504233682,-3.9934357557102014,0.017856901392695912,-0.029856612112203362,0.018682708195182102,0.016008914229152946,-4.000760092646564,0.017488346700934132,-0.030807702259195047,0.01924489941814346,0.01624965322794674,holdout
Batch 1,9,Batch1_009,1054.0,True,"장수명(>1,000)",5.4C(40%)-3.6C,True,2단계 정전류,5.4,40.0,3.6,False,False,99.0,1.0876998484848484,0.0009772024093552,1.0879639,1.0829742,1.0889499,0.0046569999999999,1.8204385899829277e-05,99.0,1.0874001565656566,0.001063596684835,1.0877025,1.0818604,1.0887136,0.0055445999999999,1.952946815090241e-05,99.0,0.0168353652323232,6.66512456127502e-05,0.016842652,0.016611163,0.016978227,-3.366599999999817e-05,9.212573654918722e-07,99.0,32.64153361126789,0.1686023414032403,32.60532403173157,32.479827336371926,33.48871183242256,0.0480814532908269,0.0008416797575476,99.0,35.98493365656566,0.2305245565187061,35.965672,35.563446,36.799232,0.3416410000000027,0.0051723886703774,99.0,30.276260303030305,0.2110247155373065,30.23963,29.999718,31.194479,-0.2108949999999971,-0.0013946649969077,99.0,11.24185760942762,0.0410521925589972,11.208363333333304,11.207688333333255,11.2965616666667,0.0003433333333298,0.0002608338693066,5.708673353535354,1.0002756840232487,1000.0,-0.0287244756962299,-3.762094120557906e-05,-0.0115106005684801,0.0093438405130663,8.730735553362071e-05,-4.05894916102121,-0.0272955162073161,-0.0198493304847936,-0.0088728266257665,-0.0038376142328867,-6.006213624917257e-05,0.0160117162519068,2.968468468468469,3.5,-0.0172807148635264,0.0172807148635264,0.0115106005684801,0.0148227518911024,-0.42823364658698,-1.1820789770425482,True,계산 완료,1.0829742,1.0876312,0.005975700000000028,55.0,1.8204385899829277e-05,1.0867714248039575,-9.377142857142721e-06,11.207955999999994,0.016611163,-3.366599999999817e-05,32.64153361126789,35.98493365656566,-5.527658970341631,0.0016003066344849048,-0.006066536208481299,0.0016659701008551171,0.00187206015396585,-5.210299187585897,0.0033951226137265422,-0.008158424629457484,0.0027726513844579313,0.002939109389585919,-5.17937105939909,0.0037957906346470457,-0.007819947723149867,0.003238427229703843,0.0032934919757358926,-4.723839394873929,0.006550187501043747,-0.013352129848410388,0.005780112702816871,0.005803912806618072,-4.564979152727221,0.008290743185679506,-0.015419197094335146,0.007728590999578703,0.007327915886812446,-4.21535592592859,0.01255164679974019,-0.023915584645141097,0.012163716391326577,0.011246329533987232,-4.101445884762136,0.014887018578447833,-0.027068163068673767,0.014898411944662685,0.013325360239875222,-4.030285594099528,0.01635264891832138,-0.02885885881062511,0.016820278370667886,0.014788212402747464,-4.05894916102121,0.01601171625190681,-0.028724475696229934,0.017280714863526454,0.014822751891102466,development
Batch 1,10,Batch1_010,906.0,True,"중간수명(500~1,000)",5.4C(50%)-3C,True,2단계 정전류,5.4,50.0,3.0,False,False,99.0,1.0817046181818184,0.0015792204108333,1.0822605,1.0752757,1.0849713,0.0063648,2.529188002474443e-05,99.0,1.0809541363636364,0.0015181570147785,1.0814998,1.0746185,1.0822256,0.0063029000000001,2.626134075448949e-05,98.0,0.0165639684285714,6.570418520241626e-05,0.016564669,0.016397769,0.016678397,8.308200000000168e-05,1.6342954558642354e-06,99.0,33.208150668462316,0.1846208092173064,33.15098668425846,32.826765841818094,33.961540016934116,-0.2517544146576398,-0.000633193979055,99.0,36.87145022222223,0.2249366349508487,36.846054,36.455139,37.614693,0.2005199999999973,0.0046636575633893,99.0,30.29658949494949,0.2225854508362278,30.235731,29.986389,31.066025,-0.3446290000000012,-0.0028268928756954,99.0,11.688040235690274,0.0415291968108414,11.652169999999993,11.651226666666664,11.73608833333322,-0.0001083333338698,-0.0001607463615735,6.574860727272727,1.000694310614683,1000.0,-0.0269929319225264,0.0001213150375022,-0.0106680078437342,0.0097483403290558,9.503013917109751e-05,-4.022138630142972,-0.0263811575120616,-0.0203312387218355,-0.0073212431038773,-0.0016472412228462,2.9909377222072153e-05,0.0186839974989893,2.9564564564564564,3.5,-0.0160177534679039,0.016028961493709,0.0106755937039579,0.0144478891325307,-0.5108381969108907,-1.2878931051207343,True,계산 완료,1.0752757,1.0816405,0.009695600000000137,12.0,2.5291880024744434e-05,1.0804147323005564,-1.2534285714309719e-05,11.718235333333343,0.016397769,8.308200000000168e-05,33.208150668462316,36.87145022222223,-5.747750751545962,0.0020595110939122096,-0.005107361322215703,0.0021263073293427697,0.0016703020130592917,-5.35122629507053,0.0033958509848500407,-0.006383405884944404,0.0024960012460890106,0.002110813284677211,-4.785559775289471,0.005722704056352251,-0.012793958416884244,0.004568411285196352,0.004595514871290561,-4.80177976159193,0.006607538673215601,-0.01008694364258933,0.004860737378915154,0.004777289208979051,-4.567549235335957,0.009072327989653193,-0.014472563336149047,0.006735482788907634,0.006688474657768862,-4.486685523985386,0.010237334816583113,-0.015485317525477438,0.007680133585146527,0.007517059152965566,-4.218793946454398,0.01426873154753795,-0.022912275429928797,0.011395316618709746,0.01083611577638777,-4.132230234471759,0.016537672344248876,-0.023620613838102655,0.013503514949268911,0.012423900820485348,-4.022138630142971,0.01868399749898928,-0.026992931922526497,0.01602896149370903,0.01444788913253079,development
Batch 1,11,Batch1_011,788.0,True,"중간수명(500~1,000)",5.4C(50%)-3C,True,2단계 정전류,5.4,50.0,3.0,False,False,99.0,1.060083885858586,0.0014342920160654,1.0605559,1.0537786,1.063239,0.0061933,2.180940259741822e-05,99.0,1.0594954424242424,0.0014028763808755,1.0599971,1.0528742,1.0607792,0.0064942999999999,2.314378107607677e-05,98.0,0.0162007278265306,0.0001088130523552,0.0161848515,0.015962802,0.016587827,-0.0003035779999999,-2.694371290311062e-07,99.0,32.75932260623101,0.2147428274616289,32.700295984432266,32.393739916211324,33.72736964040779,-0.2393200075545465,-0.0004738269335262,99.0,36.23175358585859,0.2292063763806121,36.227871,35.837601,37.128967,-0.0043599999999983,0.003118681558442,99.0,30.14975682828283,0.2271889641256156,30.095085,29.87781,31.120598,-0.2481079999999984,-0.0019145837353119,99.0,11.684114427609464,0.0407113051583239,11.652381666667257,11.65155833333362,11.736013333333297,-0.0006250000000367,0.0002203498247787,6.081996757575757,1.0005554709703448,1000.0,-0.0236915130336226,0.0005818342431713,-0.0083782051025299,0.0084482934507989,7.137366223081323e-05,-4.14646201264337,-0.0228079801999572,-0.0166815756706789,-0.0049510261016981,-0.0004405823787666,1.361463822407573e-05,0.0162409932919123,2.9654654654654653,2.0,-0.0125803217054296,0.0126264512287808,0.008409509199325,0.0118952347311283,-0.5957418719475038,-1.2055809321269422,True,계산 완료,1.0537786,1.0599719,0.009460400000000035,12.0,2.180940259741822e-05,1.0589716063261179,-9.51714285708656e-06,11.668875999999987,0.015962802,-0.0003035779999999988,32.75932260623101,36.23175358585859,-6.125329552908807,0.00043408310343148737,-7.489700173911318e-05,0.0024086623417613096,0.0018179564590764918,-5.729990426920028,0.002113685772897795,-0.0027201114803381277,0.001800327165992324,0.0015195371488029507,-5.107005236923812,0.00420528108545562,-0.007578129844338699,0.0032209934958999714,0.00296435189416923,-4.980613201235337,0.004926251565273591,-0.008368466579916967,0.0037425598912614343,0.0035630718838449943,-4.735184573843923,0.006767000246023891,-0.01099132965629157,0.005124483277213422,0.005071672089186464,-4.687829388286053,0.006663218140960457,-0.012135406044413655,0.0053728064514935595,0.005400192238436574,-4.3737780193005396,0.011860744950575389,-0.01734076491292702,0.008725379834417669,0.00857205188950608,-4.27887867584535,0.013784767748310334,-0.020147963995841733,0.010354514883465477,0.009941821916621098,-4.14646201264337,0.01624099329191237,-0.023691513033622602,0.012626451228780818,0.01189523473112834,development
Batch 1,12,Batch1_012,902.0,True,"중간수명(500~1,000)",5.4C(50%)-3.6C,True,2단계 정전류,5.4,50.0,3.6,False,False,99.0,1.082155223232323,0.0008676591348281,1.0823082,1.077566,1.0833936,0.0043470999999999,1.2573115646275925e-05,99.0,1.0817864303030305,0.0008533204206491,1.0819519,1.0773059,1.0830293,0.004202,1.215873964131978e-05,99.0,0.0164390562323232,5.4880352616792105e-05,0.016434561,0.016234221,0.016551878,-2.065599999999737e-05,8.569435992580161e-07,99.0,33.4580219141428,0.1945041454733063,33.423684964684114,33.252135290806805,34.404097530442826,0.1093271127094368,0.0013373515293634,99.0,37.448847525252525,0.2794643610867388,37.353298,37.017033,38.354816,0.5824699999999936,0.0069777773283863,99.0,30.39357482828283,0.2257594137976669,30.353195,30.105951,31.436415,0.0008769999999991,-0.0016968381694494,99.0,10.68385405723906,0.0405206602304022,10.65295333333294,10.652026666666886,10.736731666666676,-0.0001883333330621,-5.904893836292307e-05,7.055272696969697,1.0003409015873006,1000.0,-0.0274388695876881,-8.11255733985716e-06,-0.0112379583337073,0.0086620748339085,7.503154042823215e-05,-4.124756131426697,-0.0264801017081047,-0.0187355015442616,-0.0096361041753756,-0.0042882236319651,-4.916498827327978e-05,0.0144472779122964,2.9384384384384385,3.5,-0.0168711220426184,0.0168711220426184,0.0112379583337073,0.0141861980952595,-0.331549215742169,-1.1269864367438225,True,계산 완료,1.077566,1.0819131,0.005827599999999933,56.0,1.2573115646275923e-05,1.0815139943343635,-1.8022857142836147e-05,10.686071666666665,0.016234221,-2.065599999999737e-05,33.4580219141428,37.448847525252525,-6.037843481163753,0.0012767195820779231,-0.002765382077124179,0.0011047407712857739,0.0010656912224006419,-5.294834468430067,0.0028943501310252128,-0.006557535737860554,0.0025907967833338334,0.0027122292614010796,-4.964147036155203,0.004850813085667316,-0.010410926716567404,0.004321590865047584,0.004355590228559479,-4.683272696192441,0.00726584873825914,-0.01403334589072247,0.006552782886489196,0.00630565749850629,-4.487149789712296,0.01006314258495887,-0.017647846823427238,0.009210695419779227,0.008377080691468761,-4.343385703928402,0.012205003457438302,-0.020621190047984017,0.011536958252799257,0.010215556100358885,-4.237507760239838,0.013372981056661667,-0.023897451938999503,0.013987578389502403,0.012025970814882627,-4.150453321187694,0.0150651609740734,-0.02604464929652328,0.015863726969338438,0.013502088584750417,-4.124756131426697,0.014447277912296497,-0.027438869587688153,0.016871122042618425,0.014186198095259572,development
Batch 1,13,Batch1_013,897.0,True,"중간수명(500~1,000)",5.4C(50%)-3.6C,True,2단계 정전류,5.4,50.0,3.6,False,False,99.0,1.0842732373737374,0.0008261310229366,1.0844252,1.0797893,1.0857729,0.0038567999999998,4.45867656154544e-06,99.0,1.084070097979798,0.000804590713291,1.0842335,1.0798372,1.08559,0.0035769999999999,3.2923191094693253e-06,99.0,0.0170365509494949,7.799949017263714e-05,0.017032826,0.016706679,0.017159661,-1.3330999999998372e-05,1.0355082498455494e-06,99.0,32.09216634315908,0.2683114197436291,32.03598200646357,31.890484755868577,33.404808020183474,0.0107544574480726,0.0010452261677631,99.0,34.67959250505051,0.2970681192069088,34.606346,34.294426,35.892479,0.3383099999999999,0.0050034389486707,99.0,30.020152525252527,0.2852919349726444,29.970757,29.757441,31.399296,-0.1090969999999984,-0.0008799971923313,99.0,10.685353013468022,0.0408763783423437,10.65265833333348,10.652028333333268,10.736171666666632,-0.0833700000003485,-0.0001507945578229,4.65943997979798,1.000187372582671,1000.0,-0.0291370752398165,-0.0001697103218756,-0.0131487343816584,0.0094670359665865,8.962476999264367e-05,-4.04757194102298,-0.0285571170504256,-0.0220835541170659,-0.0120612640221311,-0.005562908798755,-0.0001876225553013,0.0165206453183108,2.8903903903903903,3.4534534534534536,-0.0197388997704721,0.0197388997704721,0.0131487343816584,0.0161995173095391,-0.1354407440967312,-1.2552082808461884,True,계산 완료,1.0797893,1.0836461,0.005983599999999978,56.0,4.45867656154544e-06,1.0840458448690988,-2.8900000000024653e-05,10.719170666666663,0.016706679,-1.3330999999998372e-05,32.09216634315908,34.67959250505051,-6.350233066741983,0.0010069953148015807,-0.001847842368461472,0.0008639756599232403,0.000798464718683017,-5.471540291128623,0.003076470954129729,-0.005342742751928364,0.002534554241218839,0.0024457413015028543,-5.019576251267444,0.005396539545558132,-0.009281213122847798,0.00493411146389075,0.004511119816647419,-4.739863877760218,0.007449675292376889,-0.012899033383390823,0.007484964301014867,0.006560549246374628,-4.51650612675319,0.00999490913804596,-0.016749099576184978,0.010334852653715913,0.008820610688373474,-4.354279318823094,0.01187257971601445,-0.0202786807019113,0.01281543880122845,0.010819323444458812,-4.226140316936889,0.01350364410332702,-0.023578588645345788,0.015204689731739496,0.01272499496277027,-4.122578572206656,0.015304978265156838,-0.026468971877282033,0.017668593043565266,0.01462375000144492,-4.04757194102298,0.016520645318310878,-0.029137075239816568,0.019738899770472183,0.01619951730953915,development
Batch 1,14,Batch1_014,880.0,True,"중간수명(500~1,000)",5.4C(60%)-3C,True,2단계 정전류,5.4,60.0,3.0,False,False,99.0,1.0761029171717171,0.001227002833192,1.0765082,1.0708272,1.0778438,0.0052355000000001,2.623412492270825e-05,99.0,1.075364595959596,0.0011815731656998,1.075745,1.0702432,1.0771068,0.0052286999999999,2.5453680890544174e-05,99.0,0.0169750018383838,0.0001637752392677,0.016964767,0.016649306,0.018374495,-6.811500000000054e-05,-7.3095114407757165e-09,99.0,33.07746279993842,0.2771522762845352,33.01143538440852,32.3546779338768,34.344297407096164,-0.14110187141533,-3.183437471218335e-05,99.0,36.63094507070707,0.290126156720896,36.59877,36.27322,37.818813,0.3192820000000012,0.0052481932591223,99.0,30.081030757575764,0.2769813044665315,30.002686,29.769632,31.358892,-0.2705120000000001,-0.0006043761533699,98.0,10.79467411564626,0.0405446284333453,10.763338333333255,10.762656666666349,10.847364999999993,0.0835033333333736,0.0003664807477239,6.549914313131313,1.0006866176306357,1000.0,-0.0282939556930506,-9.331125516033449e-06,-0.0119462182234678,0.009488167346136,9.002531958828176e-05,-4.0456353233921245,-0.0275926203016439,-0.0209861667602927,-0.0101086504167703,-0.0032368105295213,-3.5036986907315156e-05,0.0177493562307714,2.9024024024024024,3.468468468468469,-0.0179353402395427,0.0179353402395427,0.0119462182234678,0.0152527841429494,-0.2828771299541191,-1.3138531884610862,True,계산 완료,1.0709661,1.0762016,0.006877699999999987,70.0,2.623412492270825e-05,1.0747649768006595,-1.7191428571399447e-05,10.764334,0.016649306,-6.811500000000054e-05,33.07746279993842,36.63094507070707,-5.788392447981643,0.0021158727675843784,-0.004453677015351265,0.0016815352104801768,0.0016758127287552552,-5.494072290937311,0.0029991087105357053,-0.004973448118120061,0.0023268269033588163,0.002269460481995743,-5.038402611747857,0.005560752748988817,-0.008361455066489998,0.004490700611756019,0.004241673051232416,-4.863279390688032,0.0068129260072892495,-0.010945507880669392,0.005754392260499196,0.005326205988389991,-4.608762365935528,0.008924467339602006,-0.014830820892781649,0.008322529144448773,0.007437735246215992,-4.201679188593318,0.0026209488818416064,-0.005328955803347024,0.0063584794461529655,0.00823285826832347,-4.282884847744094,0.01311794463071339,-0.021717113805875488,0.012936155264196572,0.011239255649842784,-4.140982466593615,0.01582741047078985,-0.025303786263350725,0.01565781198851158,0.01345273900357482,-4.0456353233921245,0.017749356230771354,-0.0282939556930506,0.0179353402395427,0.015252784142949437,holdout
Batch 1,15,Batch1_015,719.0,True,"중간수명(500~1,000)",5.4C(60%)-3C,True,2단계 정전류,5.4,60.0,3.0,False,False,99.0,1.0676568858585858,0.001400799907925,1.0680863,1.0611236,1.0693387,0.0066261,2.9049360544229132e-05,99.0,1.066969591919192,0.0013822127420262,1.0673892,1.0602639,1.0686306,0.0067804999999998,2.900692269636022e-05,99.0,0.0168399864343434,0.0001772071830888,0.016799783,0.016542939,0.018155931,-0.000253296,5.750906988251571e-07,99.0,33.147720104395674,0.3265037653790929,33.09224619604321,32.27850164113982,34.67798627056669,-0.0140375994037071,0.0022039629607721,99.0,37.05618863636363,0.3610814344328588,37.010559,36.583126,38.47617,0.565616999999996,0.008090947915894,99.0,29.95430322222223,0.334235136702291,29.880424,29.44138,31.53245,-0.1647670000000012,0.0011846179344467,98.0,10.795610034013558,0.0407562673280324,10.76351999999994,10.76270333333329,10.847505000000092,-0.0833550000001501,-2.978194494695276e-05,7.101885414141415,1.0006442316549828,1000.0,-0.028944554696785,-0.0001293783762438,-0.0110130893131804,0.0098003752373368,9.604735479260463e-05,-4.017514586871918,-0.0280667095980788,-0.0205821673007513,-0.0079092351166573,-0.0017411692235138,-0.0001610734450869,0.0188409980772375,2.9174174174174174,3.4804804804804803,-0.0165353191391385,0.0165353191391385,0.0110130893131804,0.0147390448692546,-0.482722936996922,-1.250706764536174,True,계산 완료,1.0611236,1.0677497,0.008215100000000142,70.0,2.9049360544229132e-05,1.0661753684708306,-2.4202857142859497e-05,10.797705666666673,0.016542939,-0.0002532960000000001,33.147720104395674,37.056188636363636,-5.402260102052246,0.002203100715797629,-0.006556265962319285,0.002085190895142175,0.002266119258408324,-5.239941186628737,0.003792977306524531,-0.00637287591768565,0.002752659698773239,0.0026896798181914755,-4.850760226790176,0.005768920323558191,-0.010146835892241302,0.004566007872134842,0.004613043203533088,-4.769548911667245,0.006166120966392724,-0.011568380636691522,0.005061386953364024,0.00509678146050115,-4.504148407418859,0.009485308027575247,-0.015864023364238644,0.007516346468325586,0.007417320275807881,-4.479764292281044,0.0035925285524021616,-0.008024659317908855,0.0052561558417202215,0.005785878894961502,-4.140771557856364,0.015621619844231147,-0.024214540842749877,0.01288137262430785,0.01207578791412222,-4.019515400960922,0.018273125307037633,-0.02819844741500588,0.01576844208301799,0.014345993530997966,-4.017514586871918,0.018840998077237586,-0.02894455469678503,0.01653531913913857,0.014739044869254635,development
Batch 1,16,Batch1_016,862.0,True,"중간수명(500~1,000)",5.4C(60%)-3.6C,True,2단계 정전류,5.4,60.0,3.6,False,False,99.0,1.0864695565656566,0.001203283189577,1.0868037,1.0811664,1.0885919,0.0051541999999999,2.316027458256776e-05,99.0,1.0858408646464648,0.0012663907521798,1.0861852,1.0804018,1.0879163,0.0051342999999999,2.3000472479912396e-05,98.0,0.0166975241428571,9.150855504527552e-05,0.0167001744999999,0.016328048,0.01683085,-1.481900000000272e-05,1.0256717065466508e-06,99.0,32.41716254671688,0.3760861192544488,32.351221774255514,32.107081208982486,34.17480236509432,0.0115271800961451,0.0028603764372187,99.0,35.85141423232323,0.4213543522505565,35.770386,35.334137,37.566532,0.532390999999997,0.0085779106864567,99.0,29.8397305959596,0.3826990526363684,29.76465,29.542667,31.665558,-0.0292260000000013,0.001622125974026,99.0,10.12547436026938,0.0398003128746187,10.09699833333337,10.096373333333334,10.18095666666656,0.0003749999995612,-9.454957743671888e-07,6.011683636363636,1.0005792950619652,1000.0,-0.0276066748423711,-9.636798054776952e-05,-0.0124038061637924,0.0089229902443517,7.961975490079586e-05,-4.09897915821512,-0.0271517403187654,-0.0204271000344649,-0.0116815561197989,-0.0051546851699778,-0.0001305984269642,0.015272414864487,2.8933933933933935,3.481981981981982,-0.0186208438237401,0.0186208438237401,0.0124038061637924,0.0152772557252548,-0.1231346086482899,-1.2282369894171317,True,계산 완료,1.0811664,1.0863206,0.007425499999999863,71.0,2.316027458256776e-05,1.0852883825619457,-2.599714285714584e-05,10.11310766666668,0.016328048,-1.4819000000002719e-05,32.41716254671688,35.85141423232323,-5.797352251410623,0.0018061994944144621,-0.0039816875785909644,0.0021754478087551354,0.001904922025844509,-5.380513117523001,0.0034488422791130735,-0.006066666740980331,0.0028345477151552013,0.002735918522009781,-5.010925084415951,0.005378966804065993,-0.00963679913322213,0.005150084740226786,0.004637728468434989,-4.7320458147404105,0.007344554618434029,-0.013257285736505864,0.0074835011620003385,0.006584850880658997,-4.5172825359471585,0.009690883435116461,-0.016912374011706532,0.010217711960884375,0.008756666790152965,-4.025318189060006,0.0019787866240148066,-0.0036455061874833827,0.007187801862222944,0.010270340329079945,-4.273693242597107,0.01252871988052201,-0.022624546772878507,0.014239726914267425,0.011965088771555036,-4.189795922644782,0.013796102706380431,-0.025079800892840454,0.016298776573940087,0.013505614102713732,-4.09897915821512,0.01527241486448705,-0.027606674842371115,0.018620843823740192,0.01527725572525483,development
Batch 1,17,Batch1_017,857.0,True,"중간수명(500~1,000)",5.4C(60%)-3.6C,True,2단계 정전류,5.4,60.0,3.6,False,False,99.0,1.0771062363636363,0.0010541182453571,1.0774002,1.072052,1.0792258,0.0049243000000001,1.788623129253169e-05,99.0,1.0768656303030304,0.0010053104549884,1.0771316,1.0720162,1.0790228,0.0046835,1.5934707483007417e-05,99.0,0.0166762275353535,0.0001060814931002,0.016683105,0.016238289,0.016800802,2.2162999999998656e-05,1.529045318491201e-06,99.0,32.088753858534446,0.4150848258371003,31.9939716042831,31.837954337394542,34.06085739811329,0.1670877839539599,0.0019483041379487,99.0,35.43276257575758,0.4304307224838878,35.385391,34.941006,37.208405,0.6591180000000065,0.007824397068646,99.0,29.510072111111107,0.4527673885270333,29.409575,29.182228,31.60013,0.1059270000000012,0.0008730587136674,99.0,10.13811205387206,0.0417896419649235,10.103795000000051,10.096515000000364,10.18090333333336,0.083080000000125,0.000205275757576,5.922690464646465,1.0002233972905987,1000.0,-0.0310679671089385,-1.5841950119365806e-05,-0.0133431157573995,0.0103547002247428,0.0001072198167442,-3.96972493533788,-0.0303870296917753,-0.0230695979740873,-0.0115242580329846,-0.0044667842529601,-3.2649947454561345e-05,0.0186028137211272,2.906906906906907,3.46996996996997,-0.0200318452574122,0.0200318452574122,0.0133431157573995,0.0168864245784271,-0.2563726655190609,-1.2911550356460983,True,계산 완료,1.072052,1.0769763,0.007173799999999897,56.0,1.788623129253169e-05,1.0761940385677176,-2.3642857142878418e-05,10.146880666666664,0.016238289,2.2162999999998656e-05,32.088753858534446,35.43276257575758,-6.158351710134937,0.001213326236269574,-0.0019479670581671327,0.0009541733573294564,0.0008559026727385731,-5.480220807654029,0.0026886015778971066,-0.00459423788448432,0.0021244889077955877,0.002061507030935539,-5.1149922537804695,0.004854710129076112,-0.007902967381292147,0.0036750709761618483,0.003630728786627805,-4.766205225432082,0.007531142653734193,-0.012012813946411183,0.006336539802711344,0.005894269814762123,-4.50810426697441,0.010366917977988374,-0.016404573695020797,0.009236760242564089,0.008297935793552431,-4.31981228889388,0.012793596985179345,-0.020383347130008334,0.012026180399891164,0.010570865186328908,-4.175057958494655,0.014961831885858645,-0.024513086749213597,0.01485775428801353,0.012823989961613958,-4.056703550993066,0.01678922322599849,-0.02819936485213459,0.01768366956144035,0.01504709277230046,-3.96972493533788,0.018602813721127237,-0.031067967108938555,0.020031845257412216,0.016886424578427133,holdout
Batch 1,18,Batch1_018,691.0,True,"중간수명(500~1,000)",5.4C(70%)-3C,True,2단계 정전류,5.4,70.0,3.0,False,False,98.0,1.068100106122449,0.0017050418772144,1.06847965,1.0638232,1.0701458,-0.0016430999999998,-4.7540759400362176e-05,98.0,1.2221774714285714,0.2669737819428238,1.068391,1.0641898,1.9679104,-0.0016387999999998,-0.004297464393696,99.0,0.0180047544141414,0.0019890600760254,0.019886132,0.015845969,0.019886132,-0.003994543,-5.9918908076685106e-05,99.0,31.831057275618026,0.6363414987519014,31.71161644383056,30.064620276555193,33.08456544528303,1.0983231830532605,0.0152834690984758,99.0,35.415118353535355,0.2245791476908244,35.434071,34.995213,36.084282,0.5895119999999991,0.0061605471614103,99.0,29.92691219191919,0.174858111661688,29.905628,29.688587,30.754562,0.144407000000001,0.0017214545578235,99.0,9.925956313131316,0.0410549570554472,9.957751666666688,9.872441666666662,9.974201666666582,0.0001583333325783,-0.0001024144094003,5.488206161616161,0.9065261908292478,1000.0,-0.0441332154082728,-7.0900211378374265e-06,-0.0207023868033387,0.0149684552500773,0.0002240546525735,-3.6496460314414816,-0.0435197622560766,-0.0347919688418689,-0.0203033307469172,-0.0090718920263289,-3.1195951627007666e-05,0.02572007681554,2.9054054054054053,3.4804804804804803,-0.0310780915724623,0.0310780915724623,0.0207023868033387,0.025542502173359,-0.0521571596856165,-1.347261161794319,True,계산 완료,1.0661705,1.0645274,0.003975300000000015,19.0,-4.7540759400362176e-05,1.0705300210595552,7.748857142866136e-05,9.958173666666676,0.015845969,-0.003994543,31.831057275618022,35.415118353535355,-5.801236789685911,0.002138067424681156,-0.0034904783856891664,0.0017629545526239264,0.0016588939650841546,-5.1014146294365235,0.004809294753686244,-0.008076853200787548,0.004346606701563899,0.003936250736218258,-4.734788038940714,0.007652812505797274,-0.012795362801712784,0.007293620537662429,0.006450804427231844,-4.385745991180228,0.011452739138979925,-0.018949029290156516,0.011700019879182764,0.010090693793758316,-4.186513500425576,0.014598222859847992,-0.02390714925082138,0.015264054859623857,0.012976703580438141,-4.021602473145198,0.01742259555210099,-0.02902970249516057,0.019235262205924347,0.01610041141550199,-3.8696052325335084,0.020581462588376842,-0.034330630754654035,0.02310449962832272,0.01927850343524311,-3.7509682615160327,0.023146221641755338,-0.0393844285087136,0.027090371287565952,0.022425190869952476,-3.6496460314414816,0.025720076815540005,-0.04413321540827286,0.031078091572462316,0.025542502173359006,development
Batch 1,19,Batch1_019,788.0,True,"중간수명(500~1,000)",5.4C(70%)-3C,True,2단계 정전류,5.4,70.0,3.0,False,False,99.0,1.0883684717171715,0.0007718216160143,1.0885627,1.0851147,1.0893054,0.0019703999999998,-1.0355845392692226e-05,99.0,1.0882763343434343,0.0007318675025286,1.0885329,1.0851481,1.089165,0.0017872999999999,-1.1539939393926683e-05,99.0,0.016324869080808,4.448867431928355e-05,0.016325571,0.016205151,0.016449727,-6.60869999999994e-05,8.964648608535739e-07,99.0,33.044085397077396,0.1478113236847595,33.02017593106701,32.847582607618996,33.744434010289936,0.1718466857042102,0.001570829431579,99.0,36.83902758585858,0.2710514007337257,36.838898,36.365547,37.49086,0.8037489999999963,0.0082536053803343,99.0,30.129123131313136,0.1643008813415967,30.104942,29.91865,30.935583,0.024801,0.0005733002350034,99.0,9.930255336700304,0.0394706104685032,9.957913333333272,9.874111666666671,9.958483333333184,-0.0001500000004241,0.0002294095444228,6.7099044545454545,1.0000846572615043,1000.0,-0.0458926934265084,2.1077895370541288e-05,-0.0201062748217697,0.0154975784038063,0.0002401749363821,-3.619472313854576,-0.0447889846907423,-0.0345965552672263,-0.0176208750017931,-0.007719128006307,-2.3378554560948295e-05,0.0268774272609192,2.96996996996997,3.478978978978979,-0.0301842491656092,0.0301848059798557,0.0201066456600579,0.025381037186338,-0.27383458615882,-1.2757908026656486,True,계산 완료,1.0851147,1.0870851,0.004190699999999881,57.0,-1.0355845392692226e-05,1.0888966198321992,0.00014614285714286315,9.924738333333329,0.016205151,-6.60869999999994e-05,33.044085397077396,36.83902758585858,-5.5253653475096955,0.0027204620517440707,-0.005440140323850651,0.0024289945304134947,0.0023658182999878857,-4.936349679798088,0.005017438951156888,-0.010328553072992519,0.005100014628399676,0.004796201803859868,-4.597728753273337,0.008019393767642602,-0.015189057585292987,0.008374222121892556,0.007505984914454809,-4.260182412004396,0.012107018348277432,-0.022252753360623045,0.01289299972516572,0.011341566591556192,-4.097052298544331,0.01513828187239677,-0.02665115913481375,0.01591882239508927,0.013868146040713852,-3.953300713072064,0.018229288902244907,-0.03149129795562999,0.019529356264152045,0.016746997002122132,-3.8093983925839954,0.021611295246779724,-0.037018776458776825,0.023413373569653673,0.019954157725534733,-3.7067641020599096,0.024191068458691525,-0.041683684575608004,0.02693567236196677,0.022763362792615364,-3.6194723138545757,0.02687742726091924,-0.04589269342650848,0.030184805979855782,0.02538103718633804,development
Batch 1,20,Batch1_020,534.0,True,"중간수명(500~1,000)",5.4C(80%)-5.4C,True,2단계 정전류,5.4,80.0,5.4,False,False,99.0,1.0698410858585858,0.0041844104195436,1.0707365,1.0612478,1.0757242,-0.0113821999999998,-0.0001397761818181,99.0,1.0691817929292928,0.0041300751038101,1.0700507,1.0606098,1.0749991,-0.0113143,-0.0001388729115646,98.0,0.0152103660918367,0.0001244331666954,0.0151654865,0.015036267,0.015740737,-0.000580528,-3.3914779598434947e-06,99.0,32.15292201754506,0.1648237263291412,32.11258446685879,31.951432247422705,32.73997725703559,-0.2692740466774452,-0.0011897298219275,99.0,34.92834715151515,0.1957162692823029,34.929241,34.514664,35.504932,-0.0072250000000053,0.0005895058750778,99.0,29.96077201010101,0.1983608561425414,29.905926,29.662241,30.597918,-0.3325619999999993,-0.0023451113296225,99.0,9.027207626262616,0.0409984038066133,9.006340000000394,8.985969999999845,9.10201333333389,0.0301633333335598,0.0002585867450007,4.967575141414142,1.0006167284335166,1000.0,-0.0635804268966032,1.8427258121377196e-05,-0.0327959830071476,0.0207299641371154,0.000429731413126,-3.366802897461221,-0.062541026202544,-0.0518316378618825,-0.0338596718508174,-0.0219115299387772,-3.618004518038882e-05,0.0299201079231053,2.9624624624624625,3.4804804804804803,-0.0492272987692136,0.0492280168070179,0.0327964648448622,0.0387927594161344,0.2420359710608586,-1.0720799172814055,True,계산 완료,1.07263,1.0612478,0.003094200000000047,10.0,-0.0001397761818181655,1.0769696711313128,-0.0002468085714285598,9.021115000000016,0.015036267,-0.000580528000000002,32.15292201754506,34.92834715151515,-5.289033301833249,0.0025122317650089765,-0.007930555303858888,0.004897075670618733,0.00397227273168867,-4.640192136051794,0.007030951183312394,-0.015252403617860621,0.009921934321092825,0.008158762732736882,-4.25932459332491,0.011210984258998219,-0.023226514257374542,0.015388155030396776,0.012652018426885021,-4.014323402290979,0.01451750258772333,-0.030830135017133053,0.021058965667775206,0.017131129233624306,-3.8711871718868287,0.0166976244148737,-0.036253493370133394,0.025799738129418784,0.020731739230685494,-3.8367420596446853,0.015820647661673293,-0.038162336991162116,0.028243355500440975,0.02235008372139675,-3.560176207394457,0.025058934542378564,-0.05062661945973901,0.03811012887049087,0.03032541604525525,-3.4438676876038365,0.028066323649591274,-0.05802413198196377,0.04407779119260199,0.03495383634937798,-3.366802897461221,0.02992010792310531,-0.06358042689660326,0.04922801680701795,0.0387927594161344,development
Batch 1,21,Batch1_021,559.0,True,"중간수명(500~1,000)",5.4C(80%)-5.4C,True,2단계 정전류,5.4,80.0,5.4,False,False,99.0,1.082226497979798,0.0026137864433469,1.0831832,1.0767291,1.0859262,-0.0057096999999999,-8.178444155842871e-05,99.0,1.081284341414141,0.0026283281398284,1.0818428,1.0757223,1.085077,-0.0058951,-8.371420531847901e-05,98.0,0.0150902362346938,8.166463131560336e-05,0.0151120665,0.014894895,0.015348774,-0.000203807,4.11816160827853e-07,99.0,33.13697371135653,0.168822962825258,33.086142940839714,32.8737447244996,33.6444178320755,-0.3473939898408673,-0.0026169904643187,99.0,36.94892544444444,0.3652490733977607,36.827511,36.321133,37.615559,-0.5186460000000039,-0.0079423968336419,99.0,30.249985080808077,0.2093096464497319,30.183165,29.948643,30.855131,-0.4000569999999968,-0.0033254373531227,99.0,8.987271380471347,0.0619947217502286,8.985736666666586,8.896579999999995,9.080738333333285,0.0146816666666378,0.0013106030921457,6.698940363636364,1.000871665869238,1000.0,-0.0647202627657549,-3.84488197064381e-05,-0.0306575771127106,0.0211372376402782,0.0004467828150615,-3.3499035388535217,-0.06401997610911,-0.0493712134844882,-0.0288642802284139,-0.0171759359482049,-0.0001014918624198,0.0321952775362833,2.9894894894894897,3.4954954954954953,-0.046019844577504,0.046019844577504,0.0306575771127106,0.0372320166881722,-0.0903021619545271,-1.1427943017089603,True,계산 완료,1.0824388,1.0767291,0.0034874000000000294,12.0,-8.178444155842871e-05,1.0863975044992782,-0.0001675428571428896,8.964706333333336,0.014894895,-0.0002038070000000003,33.13697371135653,36.94892544444444,-5.1459217360628,0.0036102521704426405,-0.008722186779729468,0.005281974889618568,0.004418264371841682,-4.561982785992435,0.007384086580897842,-0.01652792042315332,0.009249459042368392,0.008084108511275456,-4.200435539392044,0.011463623149524128,-0.02487564776143547,0.014372769719896766,0.012435300378178403,-3.964091906694611,0.015513702503287014,-0.03270805236314833,0.019678620062965627,0.016743735940064803,-3.79392906685351,0.01909212108219213,-0.03941950646983927,0.02512657225324829,0.02099329666241305,-3.7919252475044347,0.019516031984385288,-0.03965266695401026,0.02683801794359863,0.021930533198429244,-3.5076669694897955,0.026706413033623477,-0.054060062798414465,0.03653434006270551,0.030045186841072095,-3.41669339881433,0.029962747116022093,-0.05993240862378579,0.041444497338934884,0.03383741548213461,-3.3499035388535217,0.032195277536283345,-0.06472026276575493,0.046019844577504035,0.0372320166881722,holdout
Batch 1,22,Batch1_022,891.0,True,"중간수명(500~1,000)",6C(30%)-3.6C,True,2단계 정전류,6.0,30.0,3.6,False,False,99.0,1.082979815151515,0.0007437449096877,1.0831372,1.0793039,1.0843072,0.0027501999999999,-6.755834260962709e-06,99.0,1.0827749171717174,0.0007033849504927,1.0828848,1.0795349,1.084126,0.0022019999999998,-8.605114409384701e-06,99.0,0.0165919733030303,8.375412013422524e-05,0.016594604,0.016250946,0.016732994,-5.07210000000001e-05,1.2118029189859478e-06,99.0,32.84391283877385,0.2788279704300757,32.77814718665466,32.65172757713247,34.2307555088339,0.0978989161667271,0.0014877664100567,99.0,36.64192422222223,0.3430751351085447,36.624649,36.186062,37.758316,0.705479000000004,0.0085513738280772,99.0,30.04068875757576,0.2970498807292938,29.977861,29.780579,31.466778,-0.1258860000000012,-0.0011005319727887,99.0,11.46291215488218,0.040850253785845,11.43029333333349,11.429220000000107,11.513886666666682,0.0823749999999261,0.0004236679241403,6.601235464646465,1.0001892306640885,1000.0,-0.0321471440089913,-0.0001204832637033,-0.0147163713132086,0.0105714100620548,0.0001117547107001,-3.9517341574826226,-0.031377295488563,-0.0251154767893923,-0.0132543741305948,-0.0064674064980942,-0.0001527532652711,0.0186480702912981,2.918918918918919,3.4744744744744747,-0.0220922942595235,0.0220922942595235,0.0147163713132086,0.0181166923200026,-0.1354103129749131,-1.2787422796637729,True,계산 완료,1.0793039,1.0820541,0.005003300000000044,53.0,-6.755834260962709e-06,1.0833243626988245,-4.239714285710132e-05,11.463394666666664,0.016250946,-5.07210000000001e-05,32.84391283877385,36.64192422222223,-5.997245347709842,0.0016860309528917434,-0.003162171933917657,0.001327095160299453,0.001320650239622753,-5.302599443643644,0.003822856432474972,-0.006785944300146007,0.0034691450658631477,0.0032118921800846525,-5.023184254119912,0.005089962448108568,-0.009251775806082385,0.005178727566122406,0.004622459645141857,-4.9789465013224,0.0034036851829984073,-0.007161212356246227,0.0041442252877576975,0.0036326896396336986,-4.429626057827239,0.010516898275026387,-0.01853310761628635,0.011540432043354565,0.009810320453664397,-4.287119717881705,0.012579780563031884,-0.021878874036133422,0.014204323625639233,0.011878674756117216,-4.174475259808405,0.014128281537290455,-0.025080709355606357,0.016686985459315712,0.013798835379585291,-4.0628846055312735,0.015860396609954613,-0.028594974808364704,0.01924089090451117,0.015833764806453075,-3.951734157482622,0.01864807029129814,-0.032147144008991324,0.022092294259523505,0.018116692320002646,holdout
Batch 1,23,Batch1_023,1014.0,True,"장수명(>1,000)",6C(30%)-3.6C,True,2단계 정전류,6.0,30.0,3.6,False,False,99.0,1.0824610575757576,0.0006413256985738,1.0826224,1.0792934,1.0837864,0.0023974999999998,-6.950910327758102e-06,99.0,1.082351921212121,0.0006121154920159,1.0825056,1.0796089,1.0836555,0.0018751999999999,-9.216599876302762e-06,99.0,0.0168240025858585,8.693802228188712e-05,0.016829848,0.016472535,0.016937815,-9.143999999999123e-06,1.3894804576378498e-06,99.0,31.99077454717494,0.2989869195916594,31.92229278765885,31.81615758166973,33.451957368086994,0.1093001898655821,0.0014121115972737,99.0,34.8727843939394,0.323882181807654,34.845608,34.461609,36.165897,0.4515039999999999,0.0059901008163269,99.0,29.80944408080808,0.3109969562905942,29.740677,29.545927,31.319263,-0.1224749999999978,-0.001022847631416,99.0,11.458691784511789,0.0397021310952407,11.430255000000004,11.429698333333365,11.514053333333385,-0.0003200000003751,0.0001357131106989,5.063340313131314,1.0001008386552517,1000.0,-0.0299535169317572,-0.0001079821076742,-0.0133406205123602,0.0095459781117083,9.112569810921572e-05,-4.040359126787989,-0.0288932584484703,-0.0225039482208163,-0.0119897356971762,-0.0060351193516965,-0.0001353649938448,0.0164688288691197,2.9114114114114114,3.4834834834834836,-0.0200268969119137,0.0200268969119137,0.0133406205123602,0.0164014245742835,-0.1433895777042042,-1.230757025097194,True,계산 완료,1.0792934,1.0816909,0.004492999999999858,53.0,-6.950910327758102e-06,1.0828155540024738,-2.2057142857150787e-05,11.447006333333357,0.016472535,-9.143999999999125e-06,31.99077454717494,34.8727843939394,-6.108017983361913,0.0014658676148777985,-0.0029733928345527794,0.0012486076179510472,0.0012018694623148376,-5.376915612689465,0.003498432404490992,-0.006343136932375648,0.0032945129221906367,0.003001520811229053,-5.08193829263887,0.004769622515695376,-0.00913724292715612,0.005207380408584247,0.004506014961385619,-4.875100397498424,0.002837103728626089,-0.006289965348796556,0.00402424987171364,0.003727447754826259,-4.498049892655049,0.00996384937900785,-0.01725391606168236,0.010589346390079166,0.00902698451113095,-4.368433609016581,0.011529948338478077,-0.02031623873604127,0.013028458581852084,0.010866789420998824,-4.262074392465068,0.01264828784683937,-0.02324879739836716,0.015016741664129085,0.012437769431284383,-4.154373950769416,0.014008634138675397,-0.02628822096318828,0.017438552280859155,0.014316363315901302,-4.040359126787989,0.01646882886911974,-0.029953516931757296,0.02002689691191373,0.01640142457428358,development
Batch 1,24,Batch1_024,1017.0,True,"장수명(>1,000)",6C(40%)-3C,True,2단계 정전류,6.0,40.0,3.0,False,False,99.0,1.0780331868686868,0.000717218855769,1.0782109,1.0745355,1.079075,0.0030958999999999,2.024258503414278e-06,99.0,1.0779243464646464,0.0006442167305979,1.0780883,1.0744358,1.0789105,0.0029527999999998,2.118839826845821e-06,99.0,0.0165874488888888,6.660552611486926e-05,0.016575195,0.016390581,0.016691737,-4.86200000000131e-06,1.559594718614932e-06,99.0,33.378063951824195,0.1529454469997238,33.36125883258317,33.2226929389587,34.183592238138615,0.160135118404618,0.0014368343732457,99.0,36.866496545454545,0.2339053121150048,36.842693,36.515209,37.596226,0.5345680000000002,0.0065923321088439,99.0,30.499276616161612,0.1782012235497465,30.470282,30.30908,31.356113,-0.0774229999999995,-0.0007835696722321,99.0,12.128487205387223,0.0403875390951435,12.098313333333742,12.094783333333424,12.182196666666036,0.0833966666669159,-0.0002409074417635,6.367219929292929,1.000100979165602,1000.0,-0.0318421340978982,-0.0001502298216001,-0.0138735070132826,0.0107370751812097,0.0001152847834469,-3.938228008115371,-0.0310767993543085,-0.0245374915776956,-0.0112379344680677,-0.0051385001335683,-0.0001943970773506,0.0193989914441272,2.9504504504504503,3.478978978978979,-0.020827784522993,0.020827784522993,0.0138735070132826,0.017539774671047,-0.3393723785683566,-1.2745580582630516,True,계산 완료,1.0745355,1.0776314,0.004539499999999919,54.0,2.024258503414278e-06,1.0779299496850132,-1.8419999999868964e-05,12.147216,0.016390581,-4.86200000000131e-06,33.378063951824195,36.866496545454545,-5.755474547116824,0.0016324874235916019,-0.004729774246839069,0.0014600355622151416,0.0015721477796489588,-5.487546167238763,0.003142050922618598,-0.005266009954409845,0.0024054929409460975,0.0023912783175977607,-4.971778818782026,0.00529987022651539,-0.009584619217884005,0.004622603212854225,0.004487255059370087,-4.610472712156844,0.008475177701729751,-0.014630252082122652,0.007718602495558141,0.0071351392760419545,-4.48864399787133,0.010087201553858977,-0.016677076842963268,0.009596771615921443,0.00856020019895911,-4.2728578356932045,0.012959820669335195,-0.021503327741614453,0.012984049465179262,0.011317857539979626,-4.135215088439712,0.015165865977117332,-0.025078895218090702,0.01567071624016466,0.013495481205637379,-4.042204895509083,0.01722456897158034,-0.027995269389206934,0.017954180990971937,0.015285478625391622,-3.9382280081153715,0.01939899144412724,-0.03184213409789827,0.020827784522993092,0.017539774671047087,development
Batch 1,25,Batch1_025,854.0,True,"중간수명(500~1,000)",6C(40%)-3C,True,2단계 정전류,6.0,40.0,3.0,False,False,99.0,1.078847887878788,0.00073110500813,1.0790472,1.0752345,1.0799131,0.0028093,5.12931354370892e-07,99.0,1.0782877686868686,0.0007116347851804,1.0784976,1.0747926,1.0793456,0.0026313999999998,-9.55045145320948e-07,99.0,0.0165961417979798,6.445863353693237e-05,0.016592251,0.016397864,0.016699277,-1.1263999999996945e-05,1.3856464687694734e-06,99.0,33.848557073949294,0.1581095888191619,33.818621359592235,33.71110815571554,34.68948736306862,0.1161770610104468,0.0011354072447959,99.0,37.990239878787875,0.2539880813262326,37.965492,37.585171,38.670872,0.6350750000000005,0.0075341155596787,99.0,30.579572131313135,0.1794044056139844,30.553524,30.400667,31.422405,-0.1100330000000013,-0.0010402031292513,99.0,12.13749808080808,0.0418738502974903,12.09737499999998,12.095434999999998,12.18101999999999,0.000188333333396,-0.000202885054628,7.410667747474746,1.0005194483769753,1000.0,-0.0294411728905654,-9.82594134391011e-05,-0.0124061930528873,0.0096888636819549,9.387407944750644e-05,-4.02745430413989,-0.0288106870983314,-0.0222771715748558,-0.0099527722653071,-0.0045947060153888,-0.0001568683381772,0.017682465559467,2.9264264264264264,3.484984984984985,-0.0186250835027458,0.0186250835027458,0.0124061930528873,0.0157382918842411,-0.3584727088196198,-1.24159957984498,True,계산 완료,1.0752345,1.0780438,0.004678599999999866,54.0,5.12931354370892e-07,1.0788217283797155,-4.4105714285647264e-05,12.130126666666674,0.016397864,-1.1263999999996943e-05,33.848557073949294,37.990239878787875,-5.978860599217212,0.0012866262809392848,-0.003403275761862279,0.0011369730458685838,0.0011294502652647576,-5.714558840129544,0.0020444651982710086,-0.0040003924399096835,0.0017034140827442922,0.0016825689202170843,-5.117592620643157,0.004291834644940977,-0.0079329730381833,0.0035010481906858635,0.003568293408347491,-4.7098730852528,0.007773913902452301,-0.012705465755686207,0.006659985627010869,0.0062577614529113505,-4.5705909774459155,0.009305686370605937,-0.0156333210379761,0.00841765753747338,0.007634485844582585,-4.36514176009023,0.012143586567449766,-0.019672165831509214,0.011312623377386411,0.009993603467299095,-4.259443730163232,0.013952600413852899,-0.022251893487955532,0.013204573759132187,0.011497886600012238,-4.120746438527001,0.01554886579868514,-0.026221064885861622,0.01600196015221864,0.01375216010327249,-4.02745430413989,0.01768246555946701,-0.02944117289056547,0.018625083502745804,0.015738291884241133,development
Batch 1,26,Batch1_026,870.0,True,"중간수명(500~1,000)",6C(40%)-3.6C,True,2단계 정전류,6.0,40.0,3.6,False,False,99.0,1.090574287878788,0.0008664365793143,1.0908915,1.0870471,1.0915462,0.0017199000000001,-1.5210461348164644e-05,99.0,1.0905738262626263,0.0009359111164393,1.0908124,1.0865788,1.0916398,0.001433,-1.6435137909702742e-05,99.0,0.0162854918383838,6.390806061352322e-05,0.016286567,0.016129743,0.016389275,1.2887999999999096e-05,1.6321409894869183e-06,99.0,33.15641406115227,0.1512846199862773,33.13189976172951,32.95830385296805,33.91036599442376,0.0771669734917637,0.0017916447902631,99.0,36.41381293939394,0.2863777810351718,36.478378,35.929279,37.077717,0.7073019999999985,0.0088382001113176,99.0,30.38804886868687,0.1691362808038418,30.359579,30.189548,31.177139,-0.0695739999999993,-0.000756148101422,99.0,10.800664208754249,0.0421054796508179,10.765060000000329,10.761511666666774,10.897493333333111,-0.0006883333333771,-4.3559843330466205e-05,6.025764070707071,1.0000007056208575,1000.0,-0.0383544536324539,-0.000142817829448,-0.0178501571256248,0.0126650601725694,0.0001604037491748,-3.7947854823038174,-0.0374446242077316,-0.0303835404711219,-0.0163014360102614,-0.008075114563623,-0.0002037564424911,0.0223084259074988,2.9234234234234235,3.475975975975976,-0.0267965073437677,0.0267965073437677,0.0178501571256248,0.0218831317419405,-0.1172441036013435,-1.2770522728434992,True,계산 완료,1.0876514,1.0893713,0.003894800000000087,38.0,-1.5210461348164644e-05,1.0913500214075447,1.1931428571484919e-05,10.764819666666668,0.016129743,1.2887999999999095e-05,33.15641406115227,36.41381293939394,-5.5052713623170355,0.002470265208245205,-0.006529677492688513,0.003870577011986308,0.003125808789597638,-5.083806524616987,0.005019419042396785,-0.008655816734288502,0.004819915379129052,0.0043062092629242875,-4.7354946653796794,0.007257748188172708,-0.01262125981818707,0.0075341591317997685,0.006599450329440928,-4.402311308079913,0.01088198299366494,-0.01838118802288924,0.011718080805484452,0.0100242355301231,-4.2981220952770745,0.012772597356511303,-0.021399778660137203,0.014121673031578671,0.011780189696484866,-4.134124953868024,0.015187683253073347,-0.025976205700454336,0.017497029374817237,0.014463823086164077,-3.995982839273312,0.017665235683181513,-0.030289336407125278,0.02061675110895491,0.017012747830359252,-3.8793989047493525,0.02030476816732652,-0.034624529776388746,0.02403497893252906,0.0197030921339905,-3.7947854823038174,0.02230842590749889,-0.03835445363245393,0.026796507343767713,0.021883131741940533,development
Batch 1,27,Batch1_027,842.0,True,"중간수명(500~1,000)",6C(40%)-3.6C,True,2단계 정전류,6.0,40.0,3.6,False,False,99.0,1.0820360393939392,0.000754620571751,1.0822542,1.0790461,1.0829995,0.0019765,-1.0758799010503696e-05,99.0,1.0820815363636365,0.0007064355227817,1.082242,1.0795406,1.0829498,0.0015046999999999,-1.1596460111298944e-05,99.0,0.0160989066666666,6.684336094274776e-05,0.016091034,0.015953196,0.016209068,3.187999999999802e-05,1.8507288682747288e-06,99.0,33.89497000372245,0.1537858664144974,33.872707935886,33.6704167525676,34.58802774590165,0.1755228730081768,0.001926436962101,99.0,37.51131004040404,0.2834369008479743,37.510441,37.047932,38.178074,0.7503320000000002,0.0088200618676565,99.0,30.730024525252528,0.1697248662236009,30.70298,30.495707,31.524157,-0.0273420000000008,-0.0006532564996903,99.0,10.803712340067367,0.0418876354145033,10.763831666666675,10.762820000000165,10.847453333333336,-0.0008783333330324,-0.0002373562152133,6.781285515151515,0.9999579990069098,1000.0,-0.0358321196463462,0.0001835965536658,-0.0155141871466561,0.0118403804141453,0.0001401946083516,-3.853268685184124,-0.0346861541375694,-0.0269230059014992,-0.0130495114699632,-0.0061641814308122,7.439014229416648e-05,0.0207588244706869,2.9534534534534536,3.5,-0.0232906286576512,0.0233105863462639,0.0155276625638258,0.0195126732295909,-0.2899536340955788,-1.2370075501838729,True,계산 완료,1.0790461,1.0810226,0.003953399999999885,55.0,-1.0758799010503696e-05,1.0825847381434759,0.0001339028571429494,10.796985333333323,0.015953196,3.187999999999802e-05,33.89497000372245,37.51131004040404,-5.6264384183542875,0.0020651708569515703,-0.0056413253420363185,0.0030473359479201616,0.002522360767656493,-5.192557828940929,0.004116759667406433,-0.007262874438702549,0.003783602169920009,0.003557789729666176,-4.8630514520712005,0.006177884443775983,-0.011089285314462738,0.005905104228319155,0.005381784773463757,-4.48361461363303,0.009247653921248135,-0.01709610376544457,0.009833761643475684,0.008701256568854957,-4.366943837559689,0.011148598488019912,-0.019748091567324044,0.011920770400909721,0.010294113191524425,-4.1905454686273265,0.01366186735279415,-0.024425581975143884,0.015017503739692295,0.012824877588862485,-4.050218677389918,0.016197852352068443,-0.02851481841070047,0.017932925052905023,0.01521332316255898,-3.9317909281952668,0.018471000260447734,-0.03261817912127252,0.020841020250043273,0.017558740800919296,-3.853268685184124,0.02075882447068697,-0.03583211964634625,0.02331058634626393,0.01951267322959092,development
Batch 1,28,Batch1_028,860.0,True,"중간수명(500~1,000)",6C(50%)-3C,True,2단계 정전류,6.0,50.0,3.0,False,False,99.0,1.0806956292929293,0.0005808473697885,1.0808771,1.0777475,1.0815945,0.0019471999999998,-7.726680272098095e-06,99.0,1.0798740373737374,0.0005813221586696,1.0800519,1.077327,1.0807645,0.0015108999999999,-9.828139764983967e-06,99.0,0.0166800375454545,7.820330518033147e-05,0.016677085,0.016467512,0.016806481,6.377100000000066e-05,2.073844860853587e-06,99.0,33.773800525042,0.1846452770902882,33.75822101473294,33.596728373515944,34.68290953452929,0.1854894071547477,0.0021357581604557,99.0,37.491157878787874,0.3321948709564015,37.503998,36.968616,38.303513,1.0111880000000042,0.010164279678417,99.0,30.628645454545453,0.1882234073447152,30.594387,30.421293,31.598858,-0.059359999999998,-0.0004446942362397,99.0,11.138253585858592,0.0418494344941499,11.178876666666474,11.095753333333414,11.180176666666618,-5.8333333861071424e-05,0.000155127458256,6.862512424242424,1.0007608444495424,1000.0,-0.0372134803197419,-8.380384514080974e-06,-0.0166981227551627,0.0119635853466915,0.0001431273743475,-3.84427729268786,-0.0359546430046891,-0.0287698821009498,-0.0151675859950503,-0.0074357090129419,-8.150515673512127e-05,0.0213341730880078,2.9354354354354353,3.5,-0.0250670267591792,0.0250670267591792,0.0166981227551627,0.0205380512834033,-0.1428473707107422,-1.2386730617622317,True,계산 완료,1.0777475,1.0796947,0.003846999999999934,54.0,-7.726680272098095e-06,1.0810896899868065,-4.2662857142858304e-05,11.129907333333346,0.016467512,6.377100000000066e-05,33.773800525042,37.491157878787874,-5.65707412296653,0.0024993585038848853,-0.0050672995875860605,0.0024354359152535766,0.002198179047587064,-5.117691475145206,0.00456896477249534,-0.008811041911193418,0.004674123186443335,0.004160794428401327,-4.856456774843998,0.006389340737849608,-0.012145340787262926,0.006760286276144472,0.005846517758677897,-4.521545693400896,0.00972266762897206,-0.01736673551545631,0.010417149005606977,0.008843948837332222,-4.326285301840885,0.011982589179824255,-0.02155874466384966,0.013153818568198607,0.011131054734535227,-4.14260871200851,0.014869413026344345,-0.026611084477187852,0.01681047644740783,0.01404753870513319,-4.0120973401461155,0.017610286730752434,-0.030708867995320688,0.019991173924963145,0.016567783860461795,-3.9024043950329443,0.02017356067805081,-0.03445355863283761,0.022902936219282757,0.01891633617181789,-3.84427729268786,0.021334173088007863,-0.03721348031974192,0.02506702675917921,0.020538051283403382,development
Batch 1,29,Batch1_029,917.0,True,"중간수명(500~1,000)",6C(50%)-3C,True,2단계 정전류,6.0,50.0,3.0,False,False,99.0,1.0827828212121215,0.0006456219175832,1.0829672,1.0794537,1.0838029,0.0023569999999999,-5.2127198515624496e-06,99.0,1.0825825171717172,0.0006321729660368,1.082762,1.0796207,1.0836452,0.0019523999999999,-7.180388373517396e-06,99.0,0.0165455236262626,7.677050104955476e-05,0.016537232,0.016308507,0.016658336,1.7818000000002776e-05,1.897672863327278e-06,99.0,32.70415601771739,0.1986127263714135,32.67099526443202,32.52407033272061,33.669942544198896,0.1541169146274015,0.0016260999018615,99.0,35.39940990909091,0.2641345035765575,35.369377,34.993706,36.258759,0.534682999999994,0.0068216203957948,99.0,30.431080343434346,0.1939599263944542,30.397879,30.240517,31.411295,-0.0869230000000023,-0.0002457966975877,99.0,11.151875336700314,0.0413246687477084,11.179469999999856,11.011841666666928,11.181148333333356,-0.000349999999889,0.0001036603380743,4.968329565656566,1.0001850352695771,1000.0,-0.0368684498819182,0.0001462264219859,-0.0166005234269311,0.0120524795538118,0.000145262263395,-3.837847190199332,-0.0358452613080922,-0.0290176633094402,-0.0150334656360445,-0.007150976117513,3.274614311990664e-05,0.0218666871919271,2.9324324324324325,3.5,-0.0249209207811612,0.0249306828288306,0.016607171177101,0.0205108356528871,-0.1378368043693033,-1.2789101808035328,True,계산 완료,1.0794537,1.0818107,0.004349200000000053,55.0,-5.2127198515624496e-06,1.0830486699245516,-4.469714285716519e-05,11.179535333333334,0.016308507,1.7818000000002776e-05,32.70415601771739,35.39940990909091,-5.813734464504495,0.0022205099162544706,-0.004116166962710999,0.0018849761397236307,0.0017636170432730293,-5.18784002148536,0.004219988340238026,-0.007844229210759224,0.004152029692059933,0.0037590849643258845,-4.857828570094392,0.006335656593802835,-0.011593770482573373,0.0064220535261675284,0.00565590428926526,-4.553488314664465,0.009252661216356262,-0.01656550532697687,0.009810317740786997,0.008404386618413022,-4.335342349302012,0.0122571070273585,-0.02099569254601119,0.013049762332637922,0.011032569173122075,-4.178633462113176,0.014621527379413267,-0.02535409236781061,0.016053350686579218,0.01343728447094499,-4.031460856844685,0.017361530845112882,-0.029659024194120476,0.019193671879242043,0.01600567595979428,-3.9193689654824384,0.019925876012895027,-0.03397554105884726,0.022451228511128282,0.018545699617810114,-3.8378471901993323,0.021866687191927137,-0.036868449881918286,0.024930682828830694,0.02051083565288716,holdout
Batch 1,30,Batch1_030,709.0,True,"중간수명(500~1,000)",6C(50%)-3.6C,True,2단계 정전류,6.0,50.0,3.6,False,False,99.0,1.0828237171717172,0.0008262149778357,1.082983,1.0798637,1.0838182,0.0015437,-1.6368218923923603e-05,99.0,1.082604001010101,0.0008633774089615,1.082775,1.0796742,1.0835379,0.0009863999999999,-1.9219196042040728e-05,99.0,0.0160094262525252,6.761178454028038e-05,0.016003853,0.015838005,0.016130757,5.842799999999926e-05,1.8543058256031116e-06,99.0,33.54008830692456,0.1675094706979716,33.51565886392693,33.30405536118849,34.313850718139626,0.0824649439397049,0.0020146471829799,99.0,36.797617333333335,0.2903881622844479,36.798958,36.233135,37.483994,0.867752000000003,0.008834424403216,99.0,30.65161108080808,0.1695076723311848,30.629257,30.457619,31.494495,-0.052865999999998,-0.0004574887074826,99.0,10.124524292929316,0.0395081846489563,10.09681166666669,10.096456666666684,10.18098333333328,0.0001766666667517,-0.0002789473716749,6.146006252525252,1.0002030446311565,1000.0,-0.0408153850243965,-5.329710878929265e-05,-0.0177191221668012,0.0134235581024097,0.0001801919121287,-3.744264703714113,-0.0398472011481507,-0.0304075422186815,-0.0150020586725481,-0.0071970234230936,-8.338847386015386e-05,0.0232105187955879,2.9624624624624625,3.481981981981982,-0.0266006316369544,0.0266006316369544,0.0177191221668012,0.0222256385865214,-0.2856200322679556,-1.227124675794793,True,계산 완료,1.0798637,1.0814074,0.003954500000000083,21.0,-1.6368218923923603e-05,1.0836584963368379,-3.710571428564421e-05,10.130179666666669,0.015838005,5.842799999999926e-05,33.54008830692456,36.797617333333335,-5.540086926575314,0.002415014238242523,-0.00559323719158189,0.0022963174142891906,0.002284505929091214,-5.067401770589234,0.004719950403375708,-0.00865630712004839,0.004422923608392638,0.004151196233809154,-4.748700716445963,0.006721175382501221,-0.012725585416006324,0.006734654971903509,0.006159546060198225,-4.401906528955865,0.010365521386401289,-0.018860228499464116,0.010728600237665028,0.009521831527476524,-4.238517898567753,0.012913918166428173,-0.022849177223408512,0.013565893809232411,0.011804078040203067,-4.065844570985672,0.01580593049146725,-0.028037444428519298,0.01723054147250479,0.014750462180270884,-3.9355108197849678,0.018910841627856667,-0.03274116294216178,0.020725494337513025,0.017506761607763918,-3.804984828120385,0.021706641378968244,-0.03776093845978967,0.02422041920173559,0.02041604552553579,-3.744264703714113,0.023210518795587942,-0.04081538502439652,0.026600631636954444,0.022225638586521414,development
Batch 1,31,Batch1_031,876.0,True,"중간수명(500~1,000)",6C(50%)-3.6C,True,2단계 정전류,6.0,50.0,3.6,False,False,99.0,1.097068405050505,0.0009821231393733,1.0973341,1.0946392,1.0983334,0.0007101999999998,-2.6201082251071004e-05,99.0,1.0967882626262626,0.0009946128864,1.0970653,1.0946599,1.0981189,0.0003445000000001,-2.7653337043901683e-05,99.0,0.0168655661414141,5.932845832502889e-05,0.016865432,0.016684072,0.016962912,1.0658000000000197e-05,1.3785441311071436e-06,99.0,30.375396745150564,0.1905375908610731,30.34183269795534,30.214056897341884,31.3283164215413,-0.0013151804251876,9.08466038070755e-05,99.0,30.709141161616163,0.2059009657744994,30.673065,30.407864,31.658901,0.2084969999999977,0.0013291988991962,99.0,30.009055646464653,0.211114430463589,29.958063,29.649641,31.013018,-0.2551510000000014,-0.0015517834632032,99.0,10.126957558922545,0.0402655982045511,10.096814999999818,10.09624166666666,10.18021333333357,-0.0004933333340879,2.811958359028245e-05,0.7000855151515153,1.000255487509465,1000.0,-0.0394782064842472,0.0002462515042295,-0.0179835888032468,0.0129226310127123,0.0001669943922907,-3.777298109713372,-0.0385778702120595,-0.0305084446152062,-0.0164762743364645,-0.0082532439653886,0.0001099763585436,0.0222552006498176,2.9354354354354353,3.5,-0.0269966601334032,0.027028729641623,0.0180051933472254,0.0221412931903872,-0.1108993465876346,-1.242331646864528,True,계산 완료,1.0946392,1.0953494,0.003694199999999981,21.0,-2.6201082251071004e-05,1.0984046602453097,-3.932571428570173e-05,10.11367266666668,0.016684072,1.0658000000000195e-05,30.375396745150564,30.709141161616163,-5.680687260829753,0.002109410493919217,-0.004450576934285411,0.0020176722331496926,0.0019571433953252814,-5.114815172282873,0.004524222297895272,-0.008383332767893714,0.00464955374467028,0.004154572034674341,-4.775406573493297,0.006045251776821914,-0.012723042589056321,0.007034819448763573,0.0061831546566924215,-4.48546438750695,0.009210273279855203,-0.01784523164432661,0.010622518539903958,0.009066878187849145,-4.2682801187035215,0.012354688494347676,-0.02270741910925289,0.014270789954397347,0.012009605920789784,-4.091144398660102,0.015144892167888831,-0.027708962615659027,0.017845711549420492,0.014909499264595708,-3.9787906564845756,0.017361194811182867,-0.031634671852947216,0.02076652202091393,0.017201131533636966,-3.854655294334792,0.020457942860967058,-0.036166021232986956,0.024449963409532212,0.020121040440242814,-3.777298109713372,0.022255200649817605,-0.03947820648424727,0.02702872964162304,0.022141293190387285,development
Batch 1,32,Batch1_032,731.0,True,"중간수명(500~1,000)",6C(60%)-3C,True,2단계 정전류,6.0,60.0,3.0,False,False,99.0,1.0806714494949494,0.0007058238630044,1.0808626,1.0778366,1.0816567,0.0015438,-1.277627210883155e-05,99.0,1.0802991686868688,0.0007317555266235,1.0805676,1.0777705,1.0813081,0.0010429,-1.5568404452671726e-05,99.0,0.0161670642525252,7.648752029957861e-05,0.016162833,0.015933495,0.016290806,5.134400000000178e-05,1.8989050092765925e-06,99.0,33.08050304573434,0.218692230537619,33.04941632723948,32.872380319012784,34.16577198035539,0.083898066299497,0.0016211002185915,99.0,36.23561784848484,0.259079279440316,36.212955,35.908504,37.14436,0.3611450000000005,0.0057970094990726,99.0,30.377384848484855,0.2309918730278747,30.329199,30.193592,31.522469,-0.0871330000000014,-0.0005243193444647,99.0,10.129902676767715,0.0410970812040371,10.096439999999951,10.095454999999978,10.180015000000031,1.6666660176412051e-06,-8.252716965431568e-05,5.8582329999999985,1.0003446432175225,1000.0,-0.0455662852625746,-5.0009978621518e-05,-0.0207302738370073,0.0150309180624434,0.0002259284977998,-3.646028983374079,-0.0443699100783301,-0.0355823125870907,-0.0189582804043084,-0.0091809534168729,-0.0001033406768567,0.0264013591702178,2.93993993993994,3.4714714714714714,-0.0311203025284418,0.0311203025284418,0.0207302738370073,0.0256016956989063,-0.1558899636321989,-1.2798429768176542,True,계산 완료,1.0778366,1.0793804,0.003820099999999993,55.0,-1.277627210883155e-05,1.0813230393725002,-4.23285714285226e-05,10.096438,0.015933495,5.134400000000178e-05,33.08050304573434,36.23561784848484,-5.54012225467351,0.0025213874266737935,-0.005312455817548245,0.002506781304712981,0.0023807373257513547,-4.97459563649604,0.005214502133396207,-0.010121710250914018,0.005320500671260955,0.004804556666738533,-4.6081320991863315,0.007871906939798279,-0.015456533215469803,0.008577396928940575,0.007567774265480603,-4.314509006426552,0.01146841321391076,-0.021689536319661862,0.012615666146392267,0.010899834610830562,-4.133325503543516,0.014722208451923624,-0.02633677708939519,0.01626287554990246,0.013814556988268896,-3.969219317956227,0.018107776968001865,-0.03195365522875959,0.020206092081464296,0.01698157142167256,-3.8369334417819725,0.02150404661666054,-0.03659909057411426,0.023855056451104188,0.01993816710350767,-3.7198427289105167,0.024365154042449322,-0.04189129318188067,0.028012214224685403,0.023207909885304266,-3.646028983374079,0.026401359170217825,-0.04556628526257467,0.031120302528441827,0.02560169569890636,development
Batch 1,33,Batch1_033,757.0,True,"중간수명(500~1,000)",6C(60%)-3C,True,2단계 정전류,6.0,60.0,3.0,False,False,99.0,1.0954916464646465,0.0009462319167455,1.0958773,1.0924908,1.0968262,0.0012749,-2.1812165739008744e-05,99.0,1.0950465656565658,0.0009821219052478,1.095423,1.0920898,1.0963454,0.0007654000000001,-2.4696539270243697e-05,99.0,0.0164837756565656,6.88292793221264e-05,0.016488729,0.016214989,0.016591828,-1.720699999999825e-05,1.1521778231293403e-06,99.0,33.67169761442224,0.2588372219475264,33.64032455514022,33.441911741635685,34.90289117716894,0.1846209901000648,0.0029272580125324,99.0,37.731304424242424,0.3888525027974466,37.714432,37.165871,38.728722,0.8791009999999986,0.0114452832900434,99.0,30.36514987878788,0.2757583194007757,30.308414,30.119719,31.707602,-0.0400259999999974,-0.0003688041063693,99.0,10.129993047138068,0.0410879296631463,10.096583333333305,10.095576666666602,10.180468333333556,0.0001883333334564,0.0001708060399924,7.366154545454546,1.0004064969557431,1000.0,-0.0449017812116827,-5.389082774078465e-05,-0.021651569301358,0.014678729152887,0.0002154650895438,-3.6666230837970097,-0.0441025524802136,-0.0346749152332365,-0.0221208897082272,-0.0110437003759296,-8.954417463606714e-05,0.0236312148573069,2.927927927927928,3.4804804804804803,-0.0325019262731264,0.0325019262731264,0.021651569301358,0.0261541598539464,0.0649295421949255,-1.2329047019421888,True,계산 완료,1.0924908,1.0937657,0.004335399999999989,55.0,-2.1812165739008744e-05,1.096604066917336,-4.443428571425947e-05,10.146428666666663,0.016214989,-1.720699999999825e-05,33.67169761442224,37.731304424242424,-5.612963753570801,0.00241156335811199,-0.0049874420620806825,0.002531299104618731,0.00227242058157267,-4.9798454858381955,0.004892989133729708,-0.010536725791721602,0.006117725690283582,0.005203044959438815,-4.578580668635615,0.007920639132229068,-0.01639388843358336,0.00987276479218636,0.00834357370145899,-4.317086611347188,0.01100262597455065,-0.021950258569563896,0.013712845025188557,0.011465699868344928,-4.157076805586648,0.013538185774449735,-0.026194154641517087,0.017101109903353374,0.014112366279903022,-3.9873964779703557,0.016474901339022324,-0.03171165852333657,0.021572259737038257,0.017588215015800466,-3.8391142434246635,0.020070921103510594,-0.03696052991256715,0.025859877701301145,0.02101061010824061,-3.7338798967983857,0.02233533293750986,-0.04169482552783421,0.029519367308883174,0.023896821461994157,-3.6666230837970097,0.02363121485730696,-0.044901781211682756,0.0325019262731264,0.026154159853946424,development
Batch 1,34,Batch1_034,742.0,True,"중간수명(500~1,000)",7C(30%)-3.6C,True,2단계 정전류,7.0,30.0,3.6,False,False,99.0,1.0800699888888887,0.0007272870882621,1.0801984,1.0766174,1.0814824,0.0028013,-3.129647495232311e-07,99.0,1.080049704040404,0.000661297208788,1.0801904,1.0769212,1.0813539,0.0023834,-1.4723747680747742e-06,99.0,0.016855197080808,7.809430687103169e-05,0.016857415,0.016567618,0.0169825,-2.8376000000000096e-05,1.4302222387139576e-06,99.0,32.66455167507311,0.2597017244641151,32.62002792766739,32.397983270343566,33.94779903460843,0.130161219839735,0.002670049170415,99.0,36.08252629292929,0.3543584938489884,36.145824,35.519638,37.240925,0.7644200000000012,0.0092854305380337,99.0,29.988331222222225,0.2715952289461607,29.944895,29.709148,31.331259,0.0327250000000027,0.0006281684724803,99.0,11.035507962962974,0.0412827447836364,11.001284999999916,10.995244999999947,11.08497166666666,-0.0007116666663016,0.0002391988043714,6.0941950707070704,1.0000188030197417,1000.0,-0.0372181417488076,0.0001383427434411,-0.0160803594303168,0.0119099291343939,0.0001418464119862,-3.848181642173096,-0.0363185868873896,-0.0248076740826343,-0.0164269993908472,-0.0060844970280276,5.209046980869119e-05,0.0187231770546067,2.864864864864865,3.5,-0.0241406471002739,0.0241554258116232,0.0160903403948189,0.020007061877809,-0.1511279511344735,-1.1797968610755107,True,계산 완료,1.0766174,1.0794187,0.004865000000000119,55.0,-3.129647495232311e-07,1.080085950091115,-4.882571428563714e-05,11.06793699999998,0.016567618,-2.8376000000000096e-05,32.66455167507311,36.08252629292929,-5.6695045479760315,0.002227074291832082,-0.004899643132155629,0.0028905638009247858,0.002417023276112627,-5.169589781838851,0.004206173756268436,-0.008344330841452474,0.003878821417413374,0.0036327145385252903,-4.841341020315179,0.005654866341270937,-0.01244437980081381,0.006275447046441084,0.005616913135856691,-4.698288289546142,0.006386250396789264,-0.014686673666783445,0.007174917617836664,0.006537774654634813,-4.354117684835517,0.009752001054484954,-0.021619351174705148,0.012541780255851084,0.010676946137012661,-4.174313567824066,0.013036417960231528,-0.025958995662836548,0.015564002024801633,0.013183204356627598,-4.033429954745423,0.015545508892323201,-0.030311420325999427,0.01874657094696249,0.015743059084880214,-3.9320741948685773,0.017393919981825795,-0.03390680627640752,0.02161920630359558,0.01800398465689855,-3.848181642173096,0.018723177054606716,-0.037218141748807665,0.024155425811623218,0.020007061877809054,development
Batch 1,35,Batch1_035,703.0,True,"중간수명(500~1,000)",7C(30%)-3.6C,True,2단계 정전류,7.0,30.0,3.6,False,False,99.0,1.0745076737373735,0.0007027143826541,1.0746617,1.0707464,1.0758256,0.0032472000000001,3.195320964756719e-06,99.0,1.074457304040404,0.0006522650699003,1.0745962,1.0711591,1.0757775,0.0027067,1.0874335188735391e-06,99.0,0.0169670922929292,9.272438704902498e-05,0.016958555,0.016647711,0.017091474,3.243499999999733e-05,2.046819134199301e-06,99.0,32.09733437854189,0.2746470689726705,32.03515981278966,31.876174531622297,33.464334959447065,0.1509301955964659,0.0020724694900719,99.0,34.87752171717172,0.3405093567505815,34.878029,34.377632,36.075569,0.643146999999999,0.008407833951763,99.0,29.81301455555555,0.290680925766613,29.760654,29.54327,31.275234,-0.08868,0.0002162718985778,99.0,11.036444074074083,0.0414237922525824,11.001281666666667,11.00048,11.084886666666716,0.0833099999998925,-0.000160277777777,5.064507161616161,1.0000469153451397,1000.0,-0.0391520343350484,-2.7439033630668216e-05,-0.018223341654084,0.0129991318281553,0.0001689774282857,-3.7721713012518783,-0.0384209513147226,-0.0320013296972342,-0.0167892696460491,-0.0081206865725639,-8.323366671251137e-05,0.0238806431246702,2.9234234234234235,3.466966966966967,-0.0273569457683158,0.0273569457683158,0.018223341654084,0.0223807647746663,-0.0946292738821206,-1.3004232414006434,True,계산 완료,1.0707464,1.0739936,0.00507919999999995,55.0,3.195320964756719e-06,1.0743447123681715,-2.9162857142802722e-05,11.05119499999999,0.016647711,3.243499999999733e-05,32.09733437854189,34.87752171717172,-5.596159666130044,0.0024725311378434867,-0.005143175954832491,0.003430106655117836,0.0027845884364397083,-5.118652647468281,0.004934004406963177,-0.008287583769972184,0.0044459349775286955,0.004046133261807602,-4.760563785965461,0.007754044266147897,-0.01273595160589358,0.007329357476692257,0.006416609350511161,-4.781704893664047,0.005666554196200713,-0.01350599302538702,0.007410996133516149,0.006394136268048281,-4.2605240610587645,0.012301349804495071,-0.02330029739451156,0.015148531953726268,0.012516639878245774,-4.108601283719329,0.01615514559536335,-0.02692549411907952,0.017524655613718163,0.014631029568672625,-3.962050402961655,0.019094090450310908,-0.031625149383951334,0.021016053657743287,0.017464275202930497,-3.8552189451720746,0.02155438084051725,-0.035800244322720554,0.02453891222666415,0.02016488024219279,-3.7721713012518787,0.02388064312467028,-0.039152034335048436,0.027356945768315814,0.022380764774666388,holdout
Batch 1,36,Batch1_036,704.0,True,"중간수명(500~1,000)",7C(40%)-3C,True,2단계 정전류,7.0,40.0,3.0,False,False,99.0,1.0812765595959597,0.0007104421735963,1.0814826,1.0778315,1.0823593,0.0024096,-7.183043908470364e-06,99.0,1.081064185858586,0.0006807530599075,1.0812321,1.0780448,1.0820798,0.0019217,-9.473983920828024e-06,99.0,0.0164377462626262,8.584632457759216e-05,0.016428975,0.016229769,0.016568841,8.785199999999938e-05,2.426142436611193e-06,99.0,32.04688205693082,0.1938195411140631,32.01632083484572,31.85773462704176,33.000720757904254,0.1147697040119766,0.0015588667339055,99.0,33.970878757575754,0.2648200841978048,33.948322,33.565109,34.868446,0.5990449999999967,0.0063950484972175,99.0,30.278352737373737,0.2064016512630009,30.233309,30.028351,31.261051,-0.0020050000000004,-0.0003316512059368,99.0,11.554803670033683,0.0401920595638421,11.52468333333333,11.523498333333311,11.608198333333712,-0.000169999999585,9.833461142201036e-05,3.69252602020202,1.0001964755965973,1000.0,-0.0446214059612219,-1.3523853786503152e-05,-0.0210423508580267,0.0146374890970216,0.0002142560870654,-3.669066828794939,-0.0436912423906752,-0.0358311214633708,-0.0204272240194667,-0.0098169281445653,-8.302371441149124e-05,0.0260141933188054,2.924924924924925,3.5,-0.0315881691633374,0.0315881691633374,0.0210423508580267,0.0256285458153727,-0.0241566385119542,-1.2881673796733442,True,계산 완료,1.0778315,1.0802411,0.004527799999999971,54.0,-7.183043908470364e-06,1.0816428948352919,-4.670571428566518e-05,11.524843333333349,0.016229769,8.785199999999938e-05,32.04688205693082,33.970878757575754,-5.5751750435099225,0.002834572800861912,-0.004804220992282282,0.0025625913938504496,0.002359756572609871,-4.972398167136744,0.005947045096279913,-0.0098899531530241,0.005808393398267921,0.005061093505996458,-4.683309458687697,0.007316547837484255,-0.014560270083011861,0.008611548482035377,0.007322577559598354,-4.527466110351756,0.008390824664850027,-0.01801346743983334,0.010761870314031028,0.009002565014412005,-4.14130100028851,0.015635259513483712,-0.026070767173778986,0.016912822955905814,0.01410941558089042,-3.9996223341080914,0.018373040654776088,-0.030908409346916632,0.020644332861837155,0.01700280975592981,-3.8607126230518816,0.021056088658866504,-0.03604930496450853,0.024438898491033298,0.020067163041000164,-3.7390551216803334,0.024280211898445786,-0.04119020836847864,0.028665684539113803,0.023384091410463326,-3.6690668287949393,0.026014193318805445,-0.044621405961221994,0.031588169163337426,0.025628545815372744,development
Batch 1,37,Batch1_037,648.0,True,"중간수명(500~1,000)",7C(40%)-3C,True,2단계 정전류,7.0,40.0,3.0,False,False,99.0,1.0780300424242424,0.0007605825290446,1.0781986,1.0748194,1.0792918,0.0019871,-9.680958565230538e-06,99.0,1.077913713131313,0.0007399914197856,1.0780609,1.0751489,1.0791014,0.0014697999999999,-1.2213150278279876e-05,99.0,0.016546422020202,8.254495909935298e-05,0.016540263,0.016318144,0.016675115,6.718000000000002e-05,2.155007705627836e-06,99.0,32.95969887229894,0.2190788181860554,32.91670765451218,32.74305088747728,34.023244050632854,0.147719484315516,0.0020901040559325,99.0,36.05156987878787,0.3328311442699223,36.01952,35.548374,36.993626,0.8877300000000048,0.009454412702536,99.0,30.246154101010102,0.2285604861023371,30.193111,29.988958,31.339832,0.0078560000000003,-0.0003326687074825,99.0,11.561455202020229,0.0416125883501047,11.524764999999997,11.523890000000028,11.611393333333156,0.0002933333335626,-0.0001115142238703,5.805415777777777,1.000107950799808,1000.0,-0.0445447849576301,-0.0001781185386884,-0.0194368246349165,0.0145628980519223,0.0002120779996706,-3.6735043794930977,-0.0433736785174299,-0.0337593893911384,-0.0173180588380142,-0.0074548784994087,-0.0002201446702128,0.0263045108917296,2.945945945945946,3.4834834834834836,-0.0291791448088053,0.0291791448088053,0.0194368246349165,0.0242828349572185,-0.2368312655020349,-1.2640908185005564,True,계산 완료,1.0748194,1.0768065,0.004472400000000043,54.0,-9.680958565230538e-06,1.0785237713110696,-4.486571428573863e-05,11.57439200000002,0.016318144,6.718000000000002e-05,32.95969887229894,36.05156987878787,-5.653822593003851,0.0021625121721868226,-0.004753160891873942,0.0020603893031482016,0.0020242966824406184,-5.044114833045121,0.004984062381330312,-0.00882593990167757,0.004270906160985643,0.004137134098794974,-4.719369345063404,0.006662091864537645,-0.013773024371282028,0.007018019976025466,0.006396500932325179,-4.627793680672921,0.007239746848093975,-0.01579428232601976,0.007829996791853039,0.0071147348654329555,-4.157850877270798,0.014801427667278294,-0.02551335687687073,0.014889618721509299,0.012954550697126033,-4.005191803343532,0.017735356157553755,-0.030617660336969332,0.01856462663290048,0.015862819306308062,-3.8577429411218698,0.020980248258224206,-0.036115996250752236,0.02250903660672572,0.019063588828828602,-3.7451603061266274,0.02431202691526349,-0.04069664409593654,0.02599154897925468,0.02189482585180456,-3.6735043794930977,0.02630451089172965,-0.044544784957630146,0.029179144808805374,0.024282834957218526,holdout
Batch 1,38,Batch1_038,617.0,True,"중간수명(500~1,000)",7C(40%)-3.6C,True,2단계 정전류,7.0,40.0,3.6,False,False,99.0,1.075801506060606,0.0006463898758454,1.0759119,1.0729513,1.0765978,0.0020241,-9.437124304253403e-06,99.0,1.0758947444444444,0.0006697486252809,1.076007,1.0729795,1.0766544,0.0016008999999999,-1.1851510204070465e-05,99.0,0.0162120569696969,8.289505231025246e-05,0.016196873,0.016066672,0.016367279,8.89640000000004e-05,2.495612133580806e-06,99.0,33.69474656343401,0.1632477786161519,33.689996935041165,33.44877192974444,34.398442210380004,0.3040210679767412,0.0034226778667899,99.0,37.29856363636363,0.4175730763863787,37.359093,36.619118,37.995705,1.2349549999999994,0.0138204094001241,99.0,30.44186774747475,0.1439846681740477,30.421837,30.288816,31.17009,-0.0660919999999976,-0.0004469420902903,99.0,10.23158840067342,0.042004109517073,10.193719999999969,10.19055833333332,10.292221666666835,0.0830533333334955,5.9858400330577026e-05,6.856695888888888,0.9999133767747904,1000.0,-0.0564155969469958,8.902719902493308e-05,-0.0267641938349674,0.0192173353631964,0.0003693059784615,-3.4326136605966835,-0.055049561336597,-0.0453569074848824,-0.0264629044192784,-0.0122329821509133,-2.1926573079729647e-05,0.033123925333969,2.975975975975976,3.4984984984984986,-0.0401774489687136,0.0401815564397631,0.026767017827493,0.032943265535141,-0.0639063216199624,-1.3490899349504712,True,계산 완료,1.0729513,1.0749754,0.003646500000000108,21.0,-9.437124304253403e-06,1.0762827994001234,-1.208571428566256e-05,10.243066666666685,0.016066672,8.89640000000004e-05,33.69474656343401,37.29856363636363,-5.278150380465459,0.003544247966396241,-0.00784390324669959,0.003389513096162921,0.0032161470720247086,-4.7746516625214905,0.007004168039969227,-0.01365086353160505,0.006900348552391141,0.006154441570950417,-4.432252532751406,0.010770513062213466,-0.018236930309078914,0.01085159327906871,0.00942982873241201,-4.106257984404093,0.015527520599268249,-0.028186173790127333,0.016495568616902257,0.014096817197411128,-3.9314590643052005,0.01981603227183476,-0.032549903696726834,0.021035519900865253,0.01770062218969391,-3.7637186771161675,0.023640389494072322,-0.03885982644844144,0.025809756746150856,0.02162162315825625,-3.6352755927577616,0.0273605488676143,-0.04469355289596344,0.03057572170694551,0.02541588815243402,-3.509825342172262,0.030860974073048247,-0.05161919729609277,0.03597602671793489,0.029716097248469388,-3.4326136605966835,0.033123925333969045,-0.05641559694699583,0.04018155643976315,0.03294326553514101,development
Batch 1,39,Batch1_039,625.0,True,"중간수명(500~1,000)",7C(40%)-3.6C,True,2단계 정전류,7.0,40.0,3.6,False,False,99.0,1.085658998989899,0.0006974026916973,1.0858474,1.0817773,1.0864667,0.0029856000000001,-3.29447742732208e-06,99.0,1.0856706424242424,0.0006646698401049,1.0858887,1.0821489,1.0864605,0.0025805,-5.452183055024892e-06,99.0,0.0166911045555555,8.849651199908691e-05,0.016678439,0.016519627,0.01683517,9.157099999999864e-05,2.6232560420534007e-06,99.0,33.50643317156701,0.1574792555288946,33.496211521901266,33.302367387811664,34.222539419718395,0.2251173678825111,0.0027577067202926,99.0,37.40386024242424,0.4025089924871772,37.425632,36.749599,38.024876,1.2405849999999958,0.0133735505504024,99.0,30.3385617979798,0.1407464898520495,30.314346,30.181021,31.06222,-0.1108170000000008,-0.0006885372789111,99.0,10.242025976430943,0.0409470395498872,10.274616666666892,10.190754999999385,10.275708333333265,0.0825033333334737,-6.033584827935698e-05,7.065298444444445,0.9999892593456776,1000.0,-0.0531439540918114,-6.723912969123124e-05,-0.024440041487006,0.0176990679118164,0.000313257004947,-3.5040992072926698,-0.0522247041667598,-0.0412964622524088,-0.0225556762477618,-0.0111703379578439,-0.000116049585178,0.0301261242945649,2.951951951951952,3.4774774774774775,-0.0366893987143089,0.0366893987143089,0.024440041487006,0.0301705050641967,-0.1527315260195718,-1.2775748289994968,True,계산 완료,1.0817773,1.0847629,0.004689399999999955,55.0,-3.29447742732208e-06,1.0858270173386928,-3.827999999995332e-05,10.258443000000007,0.016519627,9.157099999999863e-05,33.50643317156701,37.403860242424244,-5.202418145946571,0.0036688193174597913,-0.009216667673421775,0.003373094717610453,0.003346024703135542,-4.771054092839539,0.006669593252127237,-0.012855547856733152,0.006372654237049925,0.005896835825727279,-4.481416256318941,0.009535788887166607,-0.017802920371398856,0.009719613359789582,0.008645469127469677,-4.138961375939921,0.014090504321359165,-0.02601632491555894,0.015187320111702842,0.013219456855700988,-3.9907619578187083,0.017024132925428398,-0.0314567716960783,0.019223754967591048,0.016310005993339514,-3.83309660378248,0.020924387046681092,-0.03687615957653001,0.0237136984515376,0.019905380448805417,-3.708246715852271,0.024055205813419384,-0.04240215345735865,0.028071362428736375,0.0233499641024178,-3.5777279571535385,0.02805953189774335,-0.04861814657434638,0.03299935927342354,0.02733744554842544,-3.5040992072926698,0.030126124294564904,-0.053143954091811496,0.0366893987143089,0.030170505064196728,development
Batch 1,40,Batch1_040,966.0,True,"중간수명(500~1,000)",8C(15%)-3.6C,True,2단계 정전류,8.0,15.0,3.6,False,False,99.0,1.0869299777777777,0.0007304158641508,1.0872169,1.0833029,1.0878062,0.0024324,-8.204863327142272e-06,99.0,1.087122691919192,0.0006938080980161,1.0873877,1.0839939,1.0879861,0.0018772999999998,-1.0485303648720484e-05,99.0,0.0166792732121212,7.342050328510565e-05,0.016673233,0.016480761,0.016823037,6.656899999999896e-05,1.9379450340137425e-06,99.0,33.45968416375564,0.1403739600581318,33.44210184234233,33.29289748945509,34.14739648204664,0.0516279526927974,0.0012879859257221,99.0,37.756139949494944,0.2793803835477961,37.772625,37.195297,38.388569,0.7660449999999983,0.008747482832406,99.0,30.277771616161615,0.167362189640612,30.259396,30.003733,31.069859,-0.1778389999999987,-0.0011278631416199,99.0,12.087224326599337,0.0409798635323899,12.054698333333365,12.053581666667014,12.138423333333533,-0.0004849999998448,-0.0001360574726861,7.478368333333332,0.9998227123275616,1000.0,-0.0290957088162858,-1.2058511917748113e-05,-0.0126288078477035,0.0093888176295332,8.81498964806345e-05,-4.0547781884539456,-0.0278056488505013,-0.0219712294751442,-0.0105122604130947,-0.0055771388008093,-4.558587929004071e-05,0.0163940906743348,3.0975975975975976,3.451951951951952,-0.0189582791424852,0.0189582791424852,0.0126288078477035,0.0157336751662913,-0.2488781368974645,-1.2416999273444589,True,계산 완료,1.0833029,1.0857353,0.004503299999999877,53.0,-8.204863327142272e-06,1.087348425807462,-3.184857142848162e-05,12.071222666666685,0.016480761,6.656899999999896e-05,33.45968416375564,37.756139949494944,-6.439966941934127,0.0009395735788085835,-0.0031442030505848817,0.000824202227428867,0.0007916071786106111,-5.481365518087817,0.002994543305669284,-0.005895910937211979,0.0025858684740824867,0.0024420292942785764,-5.06494091551914,0.004833892588605879,-0.00919208882869016,0.004793632652680888,0.0043348285167275485,-4.9961189103211625,0.004936799910201739,-0.010279028836460036,0.005473123893420197,0.004817370403464198,-4.53715561579477,0.008843910305767477,-0.017290419017517378,0.009672042790142027,0.00839679359614659,-4.366706355855619,0.01124793275321484,-0.019646281282045153,0.01216380479240252,0.010418984733023719,-4.25545913458312,0.012730330066031248,-0.022791491302093236,0.01417513397543201,0.012003403759388319,-4.12390019404992,0.014977078157160276,-0.026311042471803603,0.016966779809061323,0.014237620551234549,-4.0547781884539456,0.016394090674335407,-0.02909570881628587,0.0189582791424852,0.015733675166291327,development
Batch 1,41,Batch1_041,1051.0,True,"장수명(>1,000)",8C(15%)-3.6C,True,2단계 정전류,8.0,15.0,3.6,False,False,99.0,1.082886786868687,0.00066140508839,1.0830611,1.0789614,1.0838689,0.0032071999999998,-1.3855287568735692e-07,99.0,1.0829608636363637,0.0006131998037152,1.0831773,1.0794086,1.0838759,0.0027699999999999,-2.204223871355422e-06,99.0,0.0167448905050505,6.619902494478516e-05,0.016742818,0.016552322,0.016868001,-9.889999999998511e-07,1.5742043166359056e-06,99.0,33.07332253245542,0.1522206201720703,33.05365605992836,32.89022783333322,33.84132145181812,0.0939825871759012,0.001207885860686,99.0,36.8232453030303,0.2379526302855791,36.819073,36.347298,37.576675,0.6531789999999944,0.0068404454792828,99.0,30.240961535353534,0.1817473204342974,30.227812,30.021296,31.119465,-0.1508970000000005,-0.0011704638589976,99.0,12.091290892255918,0.0416033962086786,12.054646666666182,12.053360000000003,12.138670000000277,-7.999999982821748e-05,6.934961863590229e-05,6.582283767676769,0.9999315750642024,1000.0,-0.028506291359022,2.218394459089346e-05,-0.0123585685628461,0.0092142559404671,8.490251253643393e-05,-4.071079452290269,-0.0276401433728905,-0.0216005475405108,-0.0106472094028631,-0.0052545813283377,-1.7463073443111752e-05,0.0163459662121731,2.936936936936937,3.4984984984984986,-0.018553128290624,0.0185538984546719,0.0123591032870353,0.0154127164038811,-0.2317040143400789,-1.243162375916453,True,계산 완료,1.0789614,1.0821686,0.0049074999999998425,53.0,-1.3855287568735692e-07,1.0828938530653471,-2.795999999990572e-05,12.087368000000005,0.016552322,-9.889999999998511e-07,33.07332253245542,36.8232453030303,-6.374809758486467,0.0009276777059321795,-0.005577745551575947,0.0010151272601092729,0.0009285496929944089,-5.506200563276402,0.0028089347420033137,-0.005740242696919973,0.0025369464663264688,0.002391017596921534,-5.088262362750286,0.0048265258240416525,-0.009075302464555235,0.00487518958343717,0.004324029981164434,-5.072701935053744,0.00409878160381888,-0.010153321235574553,0.004886084701850649,0.004363663228501309,-4.577358313997966,0.008584031059675507,-0.016566503629230844,0.009181909849868757,0.007988137668268626,-4.388238672332157,0.011559190193618306,-0.01987609151565284,0.01198124769949983,0.010224712401307592,-4.299928572023158,0.012128334924608367,-0.022251163244569994,0.013763651113859061,0.011580883463798248,-4.157267089206192,0.014537669809737336,-0.025974019971028994,0.016511596793509862,0.013802905563979834,-4.071079452290269,0.016345966212173102,-0.02850629135902205,0.018553898454671983,0.015412716403881144,holdout
Batch 1,42,Batch1_042,702.0,True,"중간수명(500~1,000)",8C(25%)-3.6C,True,2단계 정전류,8.0,25.0,3.6,False,False,99.0,1.083889183838384,0.0006395508190474,1.0840977,1.0798725,1.084832,0.0034095999999999,2.1135980210352072e-06,99.0,1.0839663565656568,0.0005820558575063,1.0841684,1.0803403,1.0849142,0.0029957,-1.2880643164720384e-07,99.0,0.0167156228383838,9.158742610804196e-05,0.016713146,0.016511114,0.016901791,0.000103314,2.648428027211083e-06,99.0,33.58506724391689,0.1899365358120944,33.567920671804195,33.35800053938824,34.46317240506331,0.2698213206750068,0.0028638610684103,99.0,37.673212,0.4049140458980027,37.708351,36.976498,38.397423,1.233269,0.012996380012369,99.0,30.35210961616162,0.1922225414566544,30.313601,30.125891,31.282066,-0.0167050000000017,-0.0008645644279526,99.0,11.178124326599384,0.0418953025341294,11.138530000000417,11.136823333334178,11.225931666666778,-0.0835516666668194,-2.2481818180663665e-05,7.321102383838385,0.99992877922862,1000.0,-0.0447096457287301,-0.0002104370037568,-0.0205992102528132,0.0146990532512792,0.0002160621664839,-3.66542127148494,-0.0432387969276381,-0.0358748142509006,-0.0192504557304978,-0.0088045027068569,-0.0002688158162272,0.0270703115440437,2.918918918918919,3.478978978978979,-0.0309232839277205,0.0309232839277205,0.0205992102528132,0.0253016514748951,-0.107855935671693,-1.316822776560952,True,계산 완료,1.0798725,1.0832821,0.004959500000000006,54.0,2.1135980210352072e-06,1.0837813903393114,-3.7545714285724136e-05,11.171093666666682,0.016511114,0.00010331400000000018,33.58506724391689,37.673212,-5.487576848392545,0.003028198768443069,-0.007955693373335931,0.003083012333762747,0.0027328188659430383,-4.913320119478524,0.00638677556218175,-0.011482128008401732,0.0060572002298554225,0.0053362339714438396,-4.707227345622075,0.007574016659080224,-0.014497027783365923,0.008417099670577318,0.007144277598045473,-4.361574259292924,0.012393761048672791,-0.020290305383851903,0.01266297130255645,0.010705225345331073,-4.154656312518273,0.015136360364248258,-0.025904697567384893,0.016357730106697874,0.013736657786000786,-3.9697119493087833,0.019183540498677237,-0.031181781794221375,0.02038174678103128,0.017071483986510337,-3.826403476524834,0.02278548629651478,-0.03683024628296061,0.024719433591212023,0.02049694453197766,-3.729824721532041,0.02532105732170148,-0.04075246706242874,0.02794470579949863,0.023078214094262067,-3.6654212714849397,0.027070311544043726,-0.04470964572873015,0.030923283927720528,0.02530165147489518,development
Batch 1,43,Batch1_043,651.0,True,"중간수명(500~1,000)",8C(25%)-3.6C,True,2단계 정전류,8.0,25.0,3.6,False,False,99.0,1.070522194949495,0.0008917599141955,1.0708283,1.0682389,1.071671,0.0005969999999999,-2.4014810142235067e-05,99.0,1.070406282828283,0.0009027183655821,1.0706779,1.068558,1.0716017,0.0001262000000001,-2.59664440321462e-05,99.0,0.0161048555656565,8.747934961279034e-05,0.01610462,0.015904058,0.016246699,0.000127854,2.601478379715637e-06,99.0,33.339782658681436,0.2007932289293794,33.31609143036837,33.13055117723881,34.311763580645014,0.1141946294422879,0.0018271203827825,99.0,36.82060524242424,0.3332153942310477,36.827,36.216919,37.725166,0.6946480000000008,0.0096104361781079,99.0,30.253967161616156,0.2124432293792769,30.218678,30.034327,31.325819,-0.0581840000000006,-0.0008785030674082,99.0,11.17782324915825,0.0419074363150668,11.138113333333118,11.136043333333388,11.22160500000003,0.0836866666665017,0.0002615879200158,6.5666380808080795,1.0001082998265385,1000.0,-0.0446058901526373,-3.940573486494126e-05,-0.0191656267784761,0.0146665416562745,0.0002151074441552,-3.6673445578418313,-0.0431878712417191,-0.0333782532522258,-0.0172861618644707,-0.0068895469769096,-9.799884928110354e-05,0.0264887062753161,2.9174174174174174,3.4954954954954953,-0.0287723898738031,0.0287723898738031,0.0191656267784761,0.0241291024806751,-0.2376100997000248,-1.3031252334495718,True,계산 완료,1.0682389,1.0688359,0.003432099999999938,17.0,-2.4014810142235067e-05,1.0717469502667492,-5.05571428571406e-05,11.170874333333334,0.015904058,0.00012785400000000016,33.339782658681436,36.82060524242424,-5.387719880743011,0.0035293783749951527,-0.008811094833158006,0.0030828738518522063,0.0028824591692171173,-4.823663864403863,0.00661310841112224,-0.012200418000875679,0.006020484420895497,0.005573477343603455,-4.599836376451765,0.007838376501201894,-0.0165761180827394,0.008579846498518664,0.007600310690352492,-4.387582534996065,0.010640058614109278,-0.02050670035700175,0.011180650292591379,0.009817692973282405,-4.1143409643213325,0.015177457845178363,-0.027215642298236364,0.01565336056437252,0.01361916126213833,-3.9523174115282393,0.01937646263752335,-0.03247241063552064,0.019340463479957395,0.016656538916206717,-3.820767193741057,0.023154291632351942,-0.037540706311871785,0.023393700800919508,0.01984315396371989,-3.7290290692132113,0.025546255592330896,-0.041726707357763515,0.026409589971619973,0.02226884887424209,-3.6673445578418313,0.026488706275316187,-0.044605890152637384,0.02877238987380312,0.024129102480675152,development
Batch 1,44,Batch1_044,616.0,True,"중간수명(500~1,000)",8C(35%)-3.6C,True,2단계 정전류,8.0,35.0,3.6,False,False,99.0,1.0868420717171718,0.0011324582364728,1.0871578,1.0847102,1.0883306,-5.800000000011352e-05,-3.361546072973778e-05,99.0,1.086822982828283,0.0011559538986147,1.087111,1.0846453,1.0884221,-0.0004458,-3.547293753864168e-05,99.0,0.0174138499696969,0.0001053027178462,0.017402867,0.017142953,0.017589169,0.000152771,2.9261513419915465e-06,99.0,32.55333216968653,0.2334123898862554,32.527535071294594,32.30420158156678,33.6422027099165,0.2661529533493265,0.0032443610134111,99.0,35.79095866666667,0.4228733937435694,35.845242,35.146301,36.804283,1.0325279999999992,0.0127621350773041,99.0,29.951694818181817,0.2317197580118021,29.900961,29.747217,31.112934,-0.0614109999999996,0.0001487217687077,99.0,10.258049427609434,0.0416097085544603,10.22140833333348,10.22021666666648,10.304883333333418,-0.0831416666671724,-4.260676149300364e-05,5.8392638484848485,1.0000175890058405,1000.0,-0.0587970716540376,-0.0001624503544244,-0.029329092901317,0.0194924870104231,0.0003799570498515,-3.420265491889413,-0.0569985372876588,-0.0483664302532274,-0.0305586122648919,-0.0164177772629145,-0.0002108697501818,0.0319486529903129,2.921921921921922,3.472972972972973,-0.0440254739597893,0.0440254739597893,0.029329092901317,0.035210407313971,0.1392888697439416,-1.2897302250573996,True,계산 완료,1.0847682,1.0847102,0.0035623999999998546,12.0,-3.361546072973778e-05,1.0885564602143887,-6.537999999994442e-05,10.271104333333334,0.017142953,0.00015277100000000293,32.55333216968653,35.79095866666667,-5.2859228381188155,0.0034912007283123686,-0.008377527541430507,0.0038255891938253597,0.003401741245871694,-4.732408540370504,0.0069617151588628745,-0.014177276760727553,0.008025359752901367,0.006861339480027181,-4.364954535795603,0.010862067750306487,-0.021009054000908245,0.012885921094008889,0.010807169095923509,-4.074946542411017,0.016170535693573074,-0.028674935571525895,0.018442442014794294,0.015329235388898611,-3.8980471859770063,0.019821016024405586,-0.03480854421007107,0.02342459525994638,0.019230492015560225,-3.731719002190915,0.024017945290574536,-0.04161919595618491,0.028873712320360446,0.023563338497290226,-3.615695162069601,0.02656766340950631,-0.04757582031708074,0.0336392338746695,0.0272797425966041,-3.4994005270128223,0.03033324920476975,-0.053801447340918074,0.03928266769536438,0.03164099914924655,-3.420265491889413,0.03194865299031298,-0.05879707165403769,0.044025473959789396,0.03521040731397109,development
Batch 1,45,Batch1_045,599.0,True,"중간수명(500~1,000)",8C(35%)-3.6C,True,2단계 정전류,8.0,35.0,3.6,False,False,99.0,1.0871594505050506,0.0007692257379954,1.0874,1.0839558,1.0884383,0.0018719,-1.2920053184893674e-05,99.0,1.086926824242424,0.0007634767034777,1.0871809,1.0840697,1.0881088,0.0014708000000001,-1.5261495361764857e-05,99.0,0.0166742515858585,0.000106235693271,0.016666809,0.016382927,0.016865226,0.0001503839999999,3.013581175015625e-06,99.0,33.0005473910965,0.2647181852253822,32.984174043639676,32.735706573937165,34.138789910599,0.3200219861742894,0.0042510372021353,99.0,36.69642807070708,0.4605946601515785,36.723297,36.013538,37.855122,1.1695980000000006,0.0140372346815092,99.0,29.91254707070707,0.2695724095946738,29.853413,29.696999,31.221415,0.0410079999999979,0.0002436023500311,99.0,10.257274326599305,0.0415321612163884,10.221549999999842,10.220446666666732,10.305469999999938,-0.0829749999996245,4.576433724969878e-05,6.783880999999998,1.0002140217169455,1000.0,-0.0594035099161143,0.0001057172207094,-0.0288660905211357,0.0193897021594809,0.0003759605498333,-3.424857722769676,-0.0573679552201569,-0.0474132800294816,-0.0302437202331042,-0.0162057608044365,1.8580833129104068e-05,0.0312075192250451,2.945945945945946,3.5,-0.0433305839737735,0.043338714319107,0.0288716110483485,0.0347683156229626,0.1153708943316425,-1.2807934030262746,True,계산 완료,1.0839558,1.0858277,0.004482499999999945,55.0,-1.2920053184893674e-05,1.0878183732174804,-4.645428571418754e-05,10.254465333333325,0.016382927,0.00015038399999999993,33.0005473910965,36.69642807070708,-5.301952627621814,0.0035303013070612788,-0.008409091600515617,0.00372345214854921,0.0032927356182215783,-4.688043518542447,0.007378843287804027,-0.024908206794699794,0.00836817560653863,0.007179720100373097,-4.33851618861118,0.011345523875173683,-0.022265692951457416,0.013091168772684583,0.011028101252859602,-4.075614037074705,0.015927509583585627,-0.02908466905781748,0.018369924940734583,0.015274879626759476,-3.8871652694773253,0.020195435703148967,-0.035709003679409546,0.023377806187234167,0.01928399558474256,-3.7369220067718807,0.024008296772396798,-0.04231775840001495,0.028534855455872553,0.02333214761853036,-3.6058921897071943,0.02731815568242993,-0.04793032253866991,0.033697308969749255,0.02740782169262667,-3.4987501966133063,0.02958699404288899,-0.0543929703885182,0.038913006699698605,0.031442661502053465,-3.424857722769676,0.03120751922504507,-0.059403509916114317,0.04333871431910706,0.03476831562296264,holdout
Batch 2,0,Batch2_000,477.0,True,단수명(<500),5.2C(58%)-4C,True,2단계 정전류,5.2,58.0,4.0,False,False,99.0,1.105088570707071,0.0031105730342623,1.1058398,1.0936602,1.1101186,0.0032677999999999,1.373756833643947e-05,99.0,1.096176695959596,0.0035950472388517,1.0967915,1.0717324,1.1004155,-0.0012505,-3.2241891156449116e-05,99.0,0.0173358084949494,0.0001204950693898,0.017348878,0.017083954,0.017590752,6.96420000000017e-05,2.291168620903076e-06,99.0,31.808470926230022,0.2023946953852622,31.799219003666007,31.415926421891033,32.22098085651713,0.135586985380602,0.00039837980333,99.0,35.36620380400637,0.3834903030553668,35.372746,34.261791,36.404427,0.5445709999999977,0.0086425321183847,99.0,29.82405004869571,0.3428690707520513,29.8533915819546,28.851412,30.403558852781664,-0.0739022233726096,-0.0004023475698516,99.0,10.17325806397317,0.000842538098978,10.173188333333623,10.17123166666667,10.175723333333735,-0.0003399999996585,2.915790560449658e-06,5.542153755310657,1.0081336377644168,1000.0,-0.055061277717081,-9.521354407294514e-05,-0.025801000173386,0.0180544747294913,0.0003259640577578,-3.486830283194789,-0.0542731604666203,-0.0411559012513078,-0.0268581682688681,-0.0127891735152638,-0.0001778957944393,0.0283667277360439,2.9084084084084085,3.5,-0.0387309080212627,0.0387309080212627,0.025801000173386,0.0314853887326669,-0.0314794901737612,-1.2427805311018725,True,계산 완료,1.1020051,1.1052729,0.008113500000000107,87.0,1.373756833643947e-05,1.1043879547219126,-0.00031207428571436115,10.173733999999968,0.017083954,6.96420000000017e-05,31.808470926230026,35.36620380400637,-5.092390274492988,0.003367254513278472,-0.0073129074708211395,0.0036304640282510247,0.003361711801414878,-4.851641298791833,0.005236406316366999,-0.010489928405691296,0.005390363573412726,0.004809623046230256,-4.385186088902178,0.009805146217991945,-0.020097517031267942,0.010813510937471866,0.009644983253987523,-4.208956945778689,0.01063672346183138,-0.026545942175840165,0.018131006583120536,0.014410972729458274,-4.1907665419220965,0.015688248447392757,-0.024454616058623535,0.015437778358027034,0.01281293945354255,-3.79165878663782,0.01976727503092718,-0.03979206599326057,0.026368552016093023,0.021678092444969366,-3.783378768982028,0.020313909257641094,-0.04015341406102857,0.027494916550289513,0.022360133941033096,-3.598223087406358,0.025153409099445773,-0.048866460065111084,0.03319256399053937,0.027218934408903876,-3.4868302831947884,0.028366727736043956,-0.055061277717081025,0.03873090802126279,0.03148538873266694,external_test
Batch 2,1,Batch2_001,491.0,True,단수명(<500),5.6C(26%)-4.5C,True,2단계 정전류,5.6,26.0,4.5,False,False,99.0,1.1049235595959594,0.0034360631965072,1.1061579,1.0943118,1.1093584,-0.0042404,-3.290422139763861e-05,99.0,1.1458525727272726,0.0086402082859651,1.1470726,1.1257445,1.1735147,-0.0200492999999999,-0.0001606519393939,99.0,0.0175523199191919,0.0001667436811879,0.017505936,0.017313389,0.01817438,-0.00069421,-3.6347278416819346e-06,99.0,33.60099815475848,0.1328729135986911,33.627182096905216,32.89118368750365,33.84357171312329,0.1347744633118779,0.0008268590581597,99.0,36.4516347052168,0.3554484954866177,36.433281,35.75162077719039,37.4468,0.997871418650668,0.0092951022572258,99.0,30.60583009376941,0.2611871045490907,30.656953366823267,29.748539199568196,31.002725306945305,-0.2618394529466314,-0.0018846559769713,99.0,10.198514225589118,0.0359001371486898,10.176856666666572,10.171570000000065,10.257113333333352,-0.0026366666667563,-5.3136569780716736e-05,5.845804611447404,0.9643198735407484,1000.0,-0.0661147205894651,7.108555611635758e-05,-0.0355950076396831,0.0224487194868094,0.0005039450065974,-3.297616852840229,-0.0652627904887325,-0.0574308013723795,-0.0384142983988025,-0.0239592804756721,1.309865371740584e-05,0.0334715208967073,2.9534534534534536,3.5,-0.0534282835434268,0.0534345777761781,0.0355992706842516,0.0420766637277715,0.3179739331543852,-1.1588961042902888,True,계산 완료,1.1057826,1.1015422,0.003575800000000129,47.0,-3.290422139763861e-05,1.1066016748872394,-0.001250634285714229,10.192646000000046,0.017313389,-0.0006942100000000007,33.60099815475848,36.451634705216804,-5.366932092717967,0.0038690095027816215,-0.005728226907386724,0.0037928519899026,0.003052770749209907,-4.734924483451719,0.005706653140247098,-0.013447831378389563,0.009458941571244866,0.007610073211102085,-4.230370187392612,0.01139606415609612,-0.023903831822817856,0.016817069493193254,0.013555444994708482,-3.844607762616058,0.01870432273397024,-0.03688558455494839,0.025593499989077662,0.020816567627242738,-3.9338036398174583,0.013640039527572034,-0.034140453313864505,0.02618070263798558,0.02049252416527864,-3.7166197782458474,0.019257987352724992,-0.04278035291802318,0.03285613245737662,0.025879709161264558,-3.52562908296691,0.02505344034835197,-0.05268751802972094,0.04112817045660178,0.03237056387500625,-3.3972842224936173,0.030491119962390546,-0.05931574752097435,0.046837152757252504,0.037032769674317983,-3.297616852840229,0.033471520896707324,-0.0661147205894651,0.053434577776178147,0.04207666372777152,external_test
Batch 2,2,Batch2_002,424.0,True,단수명(<500),5.2C(50%)-4.25C,True,2단계 정전류,5.2,50.0,4.25,False,False,99.0,1.074663046666667,0.0112939031587666,1.0761609,0.96729642,1.0805465,-0.0025500999999998,-5.3960603586805125e-06,99.0,1.0671664484848489,0.0027863952148867,1.0673918,1.0573459,1.0717951,-0.0010083999999999,-3.9945130488546534e-05,99.0,0.016461098040404,0.0001011996454572,0.016449537,0.016255558,0.016859721,-9.869800000000124e-05,8.908579715525268e-07,99.0,33.17566129490617,0.1761445769704532,33.1955179122312,32.66131756028,33.479963418582415,-0.2416850674026349,-0.0014325295130983,99.0,37.429077970616994,0.3394111548453185,37.47139,36.825592,38.33985803206289,0.7237884614786196,0.0076653201352964,99.0,30.778734234543165,0.2263777571479409,30.760302,30.291048,31.314569,-0.3874846343137648,-0.0026851878938779,99.0,10.17503702020208,0.0007738053213945,10.174891666667342,10.173333333333236,10.177569999999832,0.0004533333327945,2.0706452297021727e-06,6.650343736073832,1.0070286546920733,1000.0,-0.0527178185440413,-9.348703145968056e-05,-0.025013386420214,0.0186248624195032,0.0003468855001454,-3.4598138520868176,-0.0519587196374755,-0.043915648178017,-0.0234703250944372,-0.009777133321366,-0.0002175516102981,0.0341385148566509,3.141141141141141,3.5,-0.0375506160756603,0.0375506160756603,0.025013386420214,0.031180252001102,-0.1554870541058648,-1.4047752618060978,True,계산 완료,1.0753863,1.0728362,0.00516020000000017,45.0,-5.3960603586805125e-06,1.0749382457449597,-0.0005065685714284432,10.175071333333326,0.016255558,-9.869800000000123e-05,33.17566129490617,37.429077970616994,-5.167305696374125,0.0030202692159388657,-0.008575254091640616,0.0028365396389944744,0.003143511559164891,-4.5006254619421036,0.008132292375434273,-0.01918623651027268,0.007670216696326462,0.007592251644186188,-4.455467388379637,0.01093215078204455,-0.01842030527902483,0.00893309243995288,0.008388432570277738,-4.02823937202051,0.013364581343242088,-0.03353973018204409,0.020598111810450775,0.016790224772863502,-4.188026767254053,0.013152015724385069,-0.02637212508592207,0.017831369333781814,0.014348981803364755,-3.952948156996374,0.02018311516438076,-0.031773983193888355,0.021521796288499248,0.017800334674409536,-3.8346846866379267,0.023576961964991733,-0.03584905521477444,0.024396218559140426,0.020254805289653573,-3.5955429191657857,0.03001635756264545,-0.045483419613531084,0.03198710038894948,0.026599194414956073,-3.4598138520868176,0.03413851485665098,-0.052717818544041395,0.03755061607566037,0.031180252001102044,external_test
Batch 2,3,Batch2_003,499.0,True,단수명(<500),4.65C(44%)-5C,True,2단계 정전류,4.65,44.0,5.0,False,False,99.0,1.1014852565656563,0.0030443226622133,1.1009089,1.0959566,1.1080173,0.0043727,7.592857884973753e-05,99.0,1.09411261010101,0.0022043642596641,1.0934824,1.0902172,1.0982277,0.0011915,4.649917625232352e-05,99.0,0.0159151695353535,9.209939256954886e-05,0.015905565,0.015764765,0.01629092,-3.5558000000001505e-05,1.4020918862092365e-06,99.0,33.93805810095692,0.2351902649848515,33.98161943355816,33.04200778784912,34.37961864284222,-0.0619541310033469,-0.0009695041793917,99.0,38.772733971659186,0.2970918861154522,38.77632017063943,38.038235,39.42200064444312,0.5150309540409239,0.0053999571704442,99.0,30.824133785111215,0.2856475944652535,30.875122,30.19519,31.465118,-0.2948695041636959,-0.0027267701096001,99.0,10.173178956229002,0.0005705470674176,10.17314000000042,10.171971666666892,10.174891666666614,0.0004816666667455,4.6092145956046e-06,7.948600186547967,1.0067378906745006,1000.0,-0.0558684526115137,-3.60397413177497e-05,-0.0200898829186987,0.0178688152014198,0.0003192945567024,-3.4958084838405066,-0.0541624360509469,-0.032567041608333,-0.0150451624766464,-0.0049362410348609,-0.0001138582118995,0.0276308005734721,3.0870870870870872,3.5,-0.0301619714441799,0.0301619714441799,0.0200898829186987,0.0268808232357718,-0.6875549965892124,-0.8113184735348473,True,계산 완료,1.0959566,1.1003293,0.012060699999999924,66.0,7.592857884973753e-05,1.0976128990443206,-0.00032286857142846853,10.173250333333367,0.015764765,-3.5558000000001505e-05,33.93805810095692,38.772733971659186,-5.144857826812373,0.0029660537937653553,-0.009563982628037038,0.0033293812166132865,0.0034747415992978548,-4.364004535065216,0.007178418952598908,-0.023062866266151366,0.00890667253494662,0.008854445689303077,-4.329620591935244,0.009112038336555116,-0.022351886787519648,0.010075936978238515,0.00958150136134718,-4.269141726021693,0.00680518669774266,-0.028109795037974644,0.007263016998709819,0.00794833920024488,-4.086214253613462,0.009803587928254568,-0.029286271437374112,0.010020929105456907,0.010805238733463594,-4.234132706277696,0.0116176413439072,-0.02252561614814319,0.00990069718047596,0.009903964608176191,-4.069842010942347,0.01592741703791073,-0.02737131226441536,0.013774361031188781,0.01298600641260316,-3.630644896605576,0.023394913415767576,-0.04807605397557069,0.023948607211994908,0.022094934481537626,-3.495808483840507,0.027630800573472142,-0.05586845261151374,0.03016197144417994,0.026880823235771883,external_test
Batch 2,4,Batch2_004,444.0,True,단수명(<500),4.65C(69%)-6C,True,2단계 정전류,4.65,69.0,6.0,False,False,99.0,1.0859254535353535,0.0032305742589696,1.0866909,1.078439,1.0908513,-0.0086144000000001,-6.742782807667963e-05,99.0,1.0845171080808085,0.003775739894829,1.0845028,1.0772039,1.1039307,-0.0101729000000001,-9.087070624612376e-05,99.0,0.0161863178888888,0.0002019469640946,0.016131761,0.01593901,0.017068394,-0.000903592,-4.879720037105611e-06,99.0,33.04820861652687,0.2327689897840202,33.07318253673964,32.43686536545101,33.55645691099679,-0.2782866893026394,-0.0034139711853019,99.0,37.435182660123296,0.3523757122096682,37.414394,36.6209899855315,38.209395652763355,0.5176625978870888,-0.000427949520068,99.0,30.410773535367827,0.2600881445070759,30.444575027752837,29.809912,31.12168069888323,-0.4876750277528359,-0.0026722127737115,99.0,10.231960420875373,0.0166823624414841,10.229923333332408,10.149520000000484,10.272591666665782,0.0431333333324204,0.0003438835703982,7.024409124755471,1.0013036011235656,1000.0,-0.0702972069008408,0.0001302576240884,-0.034781796484889,0.0242082753115394,0.0005860405935592,-3.2320722997114752,-0.0691151024425685,-0.0581807440422967,-0.0344927777328667,-0.0192976735064399,5.9203121740174354e-05,0.0388830705358568,3.0615615615615615,3.472972972972973,-0.0522107206636447,0.0522272442319051,0.034792869133158,0.0423701300408905,-0.0105532235995229,-1.3028634336884553,True,계산 완료,1.0899745,1.0813601,0.0008767999999998999,5.0,-6.742782807667963e-05,1.0893642727672646,0.0003181200000000402,10.222283666666627,0.01593901,-0.0009035920000000017,33.04820861652687,37.435182660123296,-5.2243041503593135,0.0032463086260499097,-0.007583196532526371,0.004544206219226026,0.003886504890619324,-4.477814612854754,0.008543907321624564,-0.01767203274100937,0.011003736964158121,0.009326031335057765,-4.21694867825218,0.011849464489292,-0.02375860525910667,0.015616429303987642,0.01299388550254351,-3.940511676864897,0.014112662817716976,-0.03526711061007226,0.025109510944999268,0.019848487705494827,-3.8138125457276146,0.01993315091310066,-0.037681528859501046,0.02775908200669227,0.0222529425368742,-3.7074800450209335,0.02255073308632921,-0.04240128538019894,0.031125176837319204,0.025017192164822226,-3.568228821558353,0.02641356673273776,-0.04930864656926803,0.036024236357339964,0.029065858728787308,-3.3625759139573517,0.03482488571730935,-0.06077529637365797,0.045343211846467016,0.03668699370206987,-3.2320722997114757,0.03888307053585685,-0.07029720690084085,0.05222724423190515,0.042370130040890554,external_test
Batch 2,5,Batch2_005,416.0,True,단수명(<500),3.6C(30%)-6C,True,2단계 정전류,3.6,30.0,6.0,False,False,99.0,1.0879375151515152,0.0129694957621395,1.0874257,0.9775852,1.0990517,-0.0229064999999999,-0.0001948491799628,99.0,1.0840266333333333,0.0062849593251163,1.0811709,1.0729631,1.0939112,-0.0199971000000001,-0.0002022198441558,99.0,0.0152975889292929,0.0001692597288081,0.015238014,0.015142022,0.016014345,-0.0007167039999999,-3.739637612863232e-06,99.0,33.01307013030371,0.1881612166309442,32.98248914246352,32.63883140949683,33.63336591172822,-0.397471178629786,0.0012849228533525,99.0,37.65087846482749,0.349982361912953,37.647213,37.03873321983051,38.388368590154755,0.8606703782727863,0.0099123065271252,99.0,30.501689038072705,0.1613550308112353,30.520807484612313,30.103149270492455,30.953491,-0.352119076803536,-0.0017922500743196,99.0,10.198699713804723,0.0163198144489891,10.201064999999168,10.177048333333367,10.242031666665572,0.058606666665824,0.0005374829313523,7.149189426754791,1.0036099613604557,1000.0,-0.0861500284792774,2.920642290152572e-05,-0.0464854046004899,0.0286600137056422,0.0008213963856075,-3.08544721197644,-0.0850392307293774,-0.0723261426974915,-0.0495943852704593,-0.0350176486200589,-2.542934331759542e-05,0.0373084940774326,2.960960960960961,3.5,-0.0697718516757741,0.0697726150332198,0.0464859422029716,0.0546028188841313,0.3627188702636176,-1.036744735361188,True,계산 완료,1.0989141,1.0760076,0.00013759999999995998,4.0,-0.0001948491799628852,1.0978748233296227,-0.0006768600000000051,10.178295333333276,0.015142022,-0.0007167039999999986,33.01307013030371,37.65087846482749,-5.038260455959988,0.0029529171578772107,-0.009698324581609463,0.00664918124987128,0.005308266820962125,-4.461889333020586,0.00652129048813907,-0.018698209907802354,0.013512208755733538,0.010708736122086197,-4.081140971250469,0.011451089353216107,-0.02877339337455287,0.02146571105378785,0.01695103420874266,-3.809919444843166,0.01113642311482857,-0.03967321686208236,0.03330285999376063,0.025439197804864647,-3.682133956727874,0.016909443654834003,-0.045357300488103935,0.03653605500955983,0.028288952670096186,-3.5339738108562595,0.021555189919580428,-0.053318752211780174,0.04241788414858466,0.0330243233918144,-3.3667239804173006,0.027894845297981807,-0.06347053506454359,0.05066801331866912,0.03959819007415241,-3.2054935337200647,0.03332727973863073,-0.07539550463720002,0.06063425276486649,0.04747981493339406,-3.0854472119764402,0.03730849407743267,-0.08615002847927744,0.06977261503321983,0.05460281888413129,external_test
Batch 2,6,Batch2_006,393.0,True,단수명(<500),3.6C(9%)-5C,True,2단계 정전류,3.6,9.0,5.0,False,False,99.0,1.092975573737374,0.0029110024261442,1.0924507,1.087554,1.1000568,0.0020352999999999,6.243813358071642e-05,99.0,1.0848753393939394,0.0023943807853959,1.0842828,1.0778736,1.0898614,0.001087,4.44358082869669e-05,99.0,0.0160374687272727,0.0001085933346996,0.016008791,0.015897563,0.016595399,-0.000526063,-9.074707235620142e-07,99.0,33.81904518975318,0.2579219105533945,33.791299356677115,32.997501115693694,34.41509951606967,-0.1140078481990087,0.0025486384371654,99.0,39.79713499833347,0.260170216429631,39.711826,39.380386,40.4669448483313,0.5702096506858823,0.0068427802584205,99.0,30.490418036329206,0.1191340419975228,30.485981,30.021366,30.91791912240747,-0.1835585275305185,-0.0006063156901067,99.0,10.17931370370378,0.0011293483752176,10.179401666667156,10.176524999999677,10.1812816666672,0.0010099999997095,-7.351185321765864e-06,9.30671696200426,1.007466336655245,1000.0,-0.0498724789374046,6.053608010545594e-05,-0.020824792460517,0.0171868945605876,0.0002953893446367,-3.529605173257688,-0.0490375104974554,-0.0359409927774093,-0.0170872282274642,-0.0059434020185007,1.5985958422852665e-05,0.0299975907589085,2.987987987987988,3.4834834834834836,-0.0312646201622539,0.0312718314239985,0.0208296304640717,0.0269956651393465,-0.4215457487182489,-1.215345240498726,True,계산 완료,1.0885617,1.090597,0.01149509999999987,76.0,6.243813358071642e-05,1.0897912289247575,-0.0005520971428571976,10.179130999999906,0.015897563,-0.0005260630000000002,33.81904518975318,39.79713499833347,-5.60648878759761,0.0021602347725559468,-0.004461786346851904,0.001787593654928108,0.0018798091105928511,-4.705973534457939,0.0064479395856930355,-0.013227329691204215,0.006196034229978361,0.006043083833756067,-4.495668292603258,0.009148658489966682,-0.017086431163926386,0.009003953847329264,0.008237988091067744,-4.711633102663548,0.006032172554797974,-0.016609847421251128,0.004920582175023925,0.0047045518684022194,-4.285463463859439,0.010126126737936628,-0.023034843117854503,0.008740514918787162,0.008926479524517774,-4.198403287241277,0.014067573893473066,-0.022334960512096713,0.01114461670684634,0.010785395726973623,-3.9523511304115937,0.01934761655880611,-0.030297268160406787,0.017036339600954464,0.015491818315378048,-3.6693712680632395,0.025385967540732635,-0.04425956316113033,0.02512899268070857,0.02222526032383304,-3.529605173257688,0.029997590758908482,-0.04987247893740465,0.03127183142399857,0.02699566513934651,external_test
Batch 2,7,Batch2_007,777.0,True,"중간수명(500~1,000)",4.8C(80%)-4.8C-newstructure,True,2단계 정전류,4.8,80.0,4.8,True,False,99.0,1.0930350373737374,0.0024698310807556,1.0923721,1.0876352,1.1055878,0.0067923999999999,5.346993939394844e-05,99.0,1.0846925272727277,0.001873227924331,1.0842774,1.0817802,1.0885199,0.0042948,3.733073593074683e-05,99.0,0.0147906225757575,4.2328564792461496e-05,0.014786606,0.014716571,0.014998153,1.3403999999999848e-05,-2.8194223871258727e-08,99.0,33.769687089746824,0.2268245447918219,33.76497089292143,33.09265703817965,34.19133492245269,-0.1621013526354602,-0.0004455966935292,99.0,37.14950685044426,0.2730633919399561,37.142246,36.576225,37.918381,0.3058272538384727,0.0030977481689058,99.0,30.73928459335173,0.3513384820833634,30.76811337312628,29.833401,31.31199331850921,-0.3297333762354064,-0.0019227951959743,99.0,10.035777525252517,0.00103100602978,10.03560999999948,10.03407999999957,10.040678333333926,-0.0003733333328757,-1.8584003282670324e-06,6.410222257092539,1.0076916038042525,1000.0,-0.0217379799240435,0.0001821576961561,-0.0088230998347084,0.0076627068454211,5.871707619886354e-05,-4.231235570734996,-0.0212918105906108,-0.0156842618878458,-0.006921022453145,-0.0014452624533036,0.0001695448164786,0.0142389994345421,2.9624624624624625,3.4624624624624625,-0.0132475345477332,0.0133143515886787,0.008867753886646,0.0116835546738095,-0.3740164055449279,-1.3272708175509855,True,계산 완료,1.0904776,1.09727,0.015110199999999852,70.0,5.346993939394844e-05,1.0903080704646462,0.0004012428571429395,10.037040333333376,0.014716571,1.3403999999999847e-05,33.769687089746824,37.14950685044426,-5.6480242566942405,0.0004473143831217261,-0.0004145525787324633,0.001396465045932014,0.001726572460422451,-5.2064526119500405,0.0038025103715121173,-0.006830419041071734,0.003519627319559476,0.0032367540430002697,-5.028614992241218,0.00488750614009055,-0.00891725482523642,0.005076065794715139,0.004388180646730012,-4.521026406239724,0.008405312747305965,-0.016835237925567736,0.010399033222705844,0.00883640793582406,-4.054604455165707,0.01403067924376862,-0.030684992852418103,0.016183790593028026,0.014254885297333488,-4.151806948739725,0.01384243182189307,-0.02484229042713537,0.016875381982653575,0.014002585070098779,-4.585475264392821,0.010273342529334959,-0.013529404748647389,0.007559159629168158,0.007074368180167817,-4.473753398119983,0.01227947612963209,-0.018106492702191335,0.009540299101804227,0.008590460682445988,-4.231235570734996,0.014238999434542111,-0.021737979924043582,0.013314351588678778,0.011683554673809547,external_test
Batch 2,8,Batch2_008,904.0,True,"중간수명(500~1,000)",5.2C(58%)-4C-newstructure,True,2단계 정전류,5.2,58.0,4.0,True,False,99.0,1.0901590962626262,0.0122191485151954,1.0917038,0.97069293,1.0938439,0.0003009,-4.81292107606561e-05,99.0,1.083981498989899,0.0016151680436043,1.0847895,1.0786884,1.0857805,-0.0012079,-3.7926094001233056e-05,99.0,0.016466365090909,5.377125042878701e-05,0.01646602,0.016342103,0.016624823,3.0228999999999673e-05,5.908662832407755e-07,99.0,33.59868374090274,0.1839995076022792,33.6280066820834,33.04363927903742,33.946478820094626,-0.141041689279703,-0.0020620525142287,99.0,35.674109782051225,0.343296833994054,35.69222849670803,34.74571139739283,36.451335340457405,0.1366340000000008,-0.0014596598150043,99.0,31.612445462419196,0.3506658141666606,31.667863587140776,30.369265,32.27831332191535,-0.1800540972363364,-0.0026008779077484,99.0,10.03986983164983,0.0008565670517959,10.0398283333343,10.03795666666653,10.044600000000113,-0.0005483333329419,-3.627561328604996e-06,4.061664319632016,1.005700534994513,1000.0,-0.0278411109453321,7.99459666896464e-05,-0.0112034155800459,0.0088921343493084,7.907005328615117e-05,-4.101987963034194,-0.0275215175629677,-0.0177466454534201,-0.0092031442407597,-0.0049299649277669,6.97358971873452e-05,0.0128166805256531,2.9864864864864864,3.3663663663663663,-0.0168186174805468,0.016846982332079,0.0112223065711663,0.0143006120111022,-0.4460949279413074,-0.9497791877631392,True,계산 완료,1.0906329,1.0909338,0.003211000000000075,64.0,-4.81292107606561e-05,1.0926136860114202,0.00012386571428572984,10.04007933333327,0.016342103,3.0228999999999673e-05,33.59868374090274,35.674109782051225,-5.785604222770039,0.0011874967642077627,-0.00471816670484182,0.0012267021289861892,0.0013721892238325263,-5.543211659342459,0.0024897789410427535,-0.004537792543863328,0.0022169851905056827,0.0021435675702147525,-5.0737293789869655,0.00444494961319461,-0.00853581890787991,0.0039521635180662686,0.0038467197856186493,-4.673769123626404,0.007999263706714138,-0.01402533569466824,0.007411039345693151,0.006748323135750614,-4.61673712849559,0.009090898820592552,-0.013848312531380302,0.008373963073148671,0.007432948984111275,-4.502389628802296,0.006832381383515468,-0.019687896748866507,0.012490885407948729,0.010033470626933676,-4.478755898596119,0.00811960587439578,-0.01793247951320842,0.01117331938890442,0.009381431775339153,-4.323542649300477,0.010843889138589219,-0.0208186551116869,0.013283134652657605,0.011188873582466384,-4.101987963034194,0.012816680525653143,-0.027841110945332148,0.016846982332079027,0.014300612011102224,external_test
Batch 2,9,Batch2_009,791.0,True,"중간수명(500~1,000)",5.6C(26%)-4.5C-newstructure,True,2단계 정전류,5.6,26.0,4.5,True,False,99.0,1.0975024424242423,0.0018785527723185,1.0981479,1.0902674,1.0999625,0.0025771000000001,-3.1789604205310855e-05,99.0,1.0895515333333332,0.0033852172863369,1.0904509,1.0785087,1.1124505,-0.0004725999999999,-4.4285230674075856e-05,99.0,0.0153962351212121,8.946119062479301e-05,0.015403836,0.015197206,0.015598018,-5.300199999999991e-05,7.339797526285031e-07,99.0,32.3508526526095,0.4326920602650757,32.334769888870795,31.37816598686163,33.118462236375535,0.2510262029361172,-0.0029173871923671,99.0,33.58605048865401,0.8176342272253142,33.600475,32.096527,35.00847845562602,0.4412769999999995,-0.0047140786774045,99.0,31.368434034253195,0.4421029749112318,31.358124,30.423269501409568,32.385567,0.3327830303469845,-0.0037216944702397,99.0,10.039928501683493,0.0024050527227935,10.040233333333406,10.023490000000068,10.041631666666945,0.0007566666671952,-6.606658422091194e-06,2.217616454400815,1.0073040195281135,1000.0,-0.0197541523253084,0.0076413429414034,-0.007446960333569,0.006729834970529,4.5290678730556406e-05,-4.343991161299498,-0.0191321696418446,-0.0120755222570371,-0.0073280973955097,5.594628365125167e-05,0.0021589889901152,0.0121314685406884,2.887387387387387,3.165165165165165,-0.0111782431933766,0.0121629935171932,0.008102861355073,0.0100350688219651,-0.0522680036577933,-0.7618914639490715,True,계산 완료,1.0949715,1.0975486,0.004990999999999968,56.0,-3.1789604205310855e-05,1.0991237122387139,0.00027296571428580527,10.040580999999946,0.015197206,-5.300199999999991e-05,32.3508526526095,33.58605048865401,-5.521633404501918,0.0016763019510767255,-0.00515116910621638,0.0019074799139551786,0.001975301687306626,-5.480998997880285,0.002314652682035249,-0.0047180654051042215,0.002175302535768565,0.002155869929254931,-5.064985599932876,0.004087554754052897,-0.008587335826510278,0.004115420495146967,0.003903288925866235,-4.761022580993709,0.005203822455370749,-0.009734826356690762,0.005470097313068207,0.004919639959309891,-4.722157831020661,0.004790040751764079,-0.009474084330821975,0.0055283980034281765,0.00485383244863506,-4.05787010382259,0.010261399269155647,-0.03828161070177763,0.022902384449096102,0.01789050936580594,-4.192329963473276,0.012235829389189656,-0.024917916248441085,0.017125896707895372,0.013939840573978969,-4.248785085528387,0.01083267702468449,-0.023708482572946443,0.015320863530201864,0.012632560643713731,-4.343991161299498,0.012131468540688426,-0.019754152325308416,0.012162993517193285,0.010035068821965103,external_test
Batch 2,10,Batch2_010,492.0,True,단수명(<500),4.8C(80%)-4.8C,True,2단계 정전류,4.8,80.0,4.8,False,False,99.0,1.1111783965656563,0.0116597207002002,1.1125798,0.99896306,1.1170095,0.0070150999999998,5.4494455906012585e-05,99.0,1.1000873272727272,0.0023346360435145,1.0990201,1.0912199,1.1031376,-0.0027059,-5.529986023499362e-05,99.0,0.0170579189090909,8.218185444986146e-05,0.01704818,0.016884135,0.017335583,-0.000303047,2.134867285097052e-07,99.0,31.720791269063756,0.1310089774531192,31.73298002338138,31.380788894213524,31.9640311241299,0.1076245679834002,-0.0006214004294436,99.0,34.35574737651136,0.2892031174030738,34.33578360866528,33.43108999984014,35.078796,1.101909858946783,0.0046968095170626,99.0,29.96382019730451,0.3662618380033045,30.04688035784852,28.906555794473437,30.547147148521173,-0.44661381534155,-0.0006932321318358,99.0,10.169499612794551,0.0119006086822552,10.17084500000031,10.086493333332085,10.189141666666549,-0.0849750000010924,-9.769193980895768e-05,4.3919271792068635,1.0100885156214148,1000.0,-0.0558024498619833,-3.745489361485022e-05,-0.0295202962995694,0.0188263964209718,0.0003544332021995,-3.4504656002982217,-0.0551420025513116,-0.0467134527060256,-0.0319406838384084,-0.0175622666476654,-0.0001226174308861,0.0291511860583601,2.90990990990991,3.5,-0.0443119150488502,0.0443119150488502,0.0295202962995694,0.0350075229431011,0.2636008840136659,-1.244020568473018,True,계산 완료,1.1092782,1.1162933,0.0077312999999998855,87.0,5.4494455906012585e-05,1.1083991793144505,0.00014527142857146693,10.17126966666663,0.016884135,-0.00030304700000000073,31.720791269063756,34.35574737651136,-5.779603648222186,0.0019291032289552642,-0.0045829482966350255,0.002388267952206178,0.0020470667582742465,-4.88733977454558,0.005944031341982126,-0.01100588839571659,0.00650178853414006,0.005621302421856346,-4.05282299919595,0.013976022236202715,-0.03261779253666752,0.015810755879756576,0.014119377733120364,-4.262341891908974,0.007320463156750667,-0.02477201813900698,0.018942852347634317,0.014624928309269434,-4.1563625518765885,0.010499009946264515,-0.026624191283599496,0.01962635888002464,0.015503426399405768,-3.7483869643056895,0.02198704258933118,-0.04915349744373493,0.029515453365627185,0.02376778701348711,-3.6935246464138793,0.02385509303713633,-0.04215701924529491,0.032700594400372,0.026016827674657093,-3.5682364373239532,0.024651709858322435,-0.04975783490352792,0.037634260418353375,0.029975858796969717,-3.4504656002982217,0.029151186058360146,-0.05580244986198335,0.04431191504885022,0.035007522943101166,external_test
Batch 2,11,Batch2_011,449.0,True,단수명(<500),5.2C(50%)-4.25C,True,2단계 정전류,5.2,50.0,4.25,False,False,99.0,1.1010659737373738,0.0143686306256172,1.1020097,0.9632864,1.1094658,0.0127770999999998,0.000116369283859,99.0,1.0924215252525251,0.0010435949413938,1.0927104,1.0885181,1.0939866,0.0044853,2.5065849103289065e-05,99.0,0.0172189415555555,0.0001868074247141,0.017202089,0.016784718,0.017638493,1.5793000000000057e-05,3.409026258503635e-06,99.0,33.146477466034135,0.4174138035423209,33.173304895742966,32.28199799645514,33.93675083305151,0.156609315328005,-0.0034837623562451,99.0,37.95576609273272,0.5670265771830769,38.00883090321228,36.613316,39.423817,1.493162840720693,0.0090795119770687,99.0,30.641124446022808,0.4676256522286475,30.724886648413143,29.651962,31.736509,-0.4225148742673994,-0.0056636845312518,99.0,10.173883215488235,0.0010381233408572,10.173753333333298,10.172346666666757,10.180184999998891,0.0009666666662564,4.050133992341098e-06,7.314641646709912,1.0079125140432534,1000.0,-0.0548987559471969,-7.08192254983666e-05,-0.0240126334676137,0.0180934192031397,0.0003273718184605,-3.4849587078792537,-0.0536627097213028,-0.0393598318037007,-0.0228965038817523,-0.0094106785047459,-0.0001583514428928,0.0299491532989548,2.972972972972973,3.5,-0.0360483365144574,0.0360483365144574,0.0240126334676137,0.0300607886239208,-0.2224128965807251,-1.240356023621339,True,계산 완료,1.0959171,1.1086942,0.013548699999999858,94.0,0.00011636928385901053,1.0951311402605646,0.00022547428571433045,10.17367599999993,0.016784718,1.5793000000000057e-05,33.146477466034135,37.95576609273272,-4.791812120816099,0.0057010239829890785,-0.012638963053715813,0.005899637740534262,0.005619183822165229,-5.02694345681493,0.00481872504289807,-0.01092270331844214,0.00644263163806251,0.0052734041240165294,-4.57185106011825,0.00669436380566443,-0.01221662824667935,0.0070605199225250576,0.006175936820016955,-4.902750007352863,0.00464455220327811,-0.0073664043126424605,0.0049126953161179494,0.004127363871860959,-4.17554144570694,0.014160691987254892,-0.02478202243651806,0.0145979135052435,0.012697479072056737,-4.12970463617808,0.014814158566566427,-0.026425684388764803,0.01631045273807535,0.013861250219979056,-3.7951135568975065,0.023620629146030886,-0.03792840776422435,0.024410927191224,0.02060340439290226,-3.7668020678343326,0.02148599082734645,-0.040463410981892545,0.025903663119554894,0.021647980960011005,-3.4849587078792537,0.029949153298954825,-0.05489875594719695,0.0360483365144574,0.030060788623920896,external_test
Batch 2,12,Batch2_012,466.0,True,단수명(<500),4.65C(44%)-5C,True,2단계 정전류,4.65,44.0,5.0,False,False,99.0,1.104144308080808,0.0021044591743401,1.1043751,1.0948403,1.1083778,0.0049399999999999,3.124443661101217e-05,99.0,1.092206008080808,0.0031465066352137,1.0907634,1.0759213,1.0960596,-0.0060418999999998,-7.945203092145136e-05,99.0,0.0165229203434343,0.0001950535929983,0.016500052,0.016159201,0.017251369,-0.0010207299999999,-4.522877996289288e-06,99.0,31.314676947956993,0.3091647302795617,31.36205291461498,30.62592972742348,32.00083197512348,-0.2350981394832452,-0.0033815551918323,99.0,33.5953920153671,0.5840223651173275,33.488228,32.70920845267531,35.747711,-0.2272689999999997,0.0005436276616062,99.0,30.02090936329148,0.2818932043948179,30.06592986298805,29.339239609224805,30.619658187807214,-0.7587356942218548,-0.0047379360584049,99.0,10.1748585521886,0.0008465113698932,10.174634999999157,10.173428333333383,10.17747500000017,0.0012199999999822,1.467206761663514e-05,3.5744826520756208,1.010937718882119,1000.0,-0.0773312434486568,2.5599653875487077e-05,-0.0393975922721543,0.0260755256374433,0.0006799330372689,-3.1675338557382275,-0.0763577448670288,-0.0645804539296874,-0.0405377449053301,-0.0239882597285012,-8.343028813839997e-05,0.0405921942011862,2.96996996996997,3.5,-0.0591378625857702,0.0591386134526428,0.0393981179491454,0.0472379442934873,0.1180602471403766,-1.240976123167642,True,계산 완료,1.1016457,1.1065857,0.006732100000000019,95.0,3.124443661101217e-05,1.1025508418136467,-0.0002458657142857254,10.174669333333393,0.016159201,-0.0010207299999999975,31.314676947956993,33.5953920153671,-4.733417802185847,0.004714718725509381,-0.013905270696620842,0.006708302669647297,0.005994385420763135,-4.404952556966102,0.007911774801233812,-0.01940333874314537,0.010823217413650114,0.009234457545399935,-4.048201204169831,0.015310039466862255,-0.029932168835612227,0.018673203518918893,0.015612316060266206,-3.5440430939803287,0.021771076658943844,-0.05357923572448675,0.037804673265454156,0.03032320988403569,-3.891754790296696,0.014620470067793545,-0.03628799132080396,0.02677750726193052,0.0210979415852448,-3.677249641831737,0.02084369645056469,-0.04491780536650769,0.032777497460395794,0.02619531535705329,-3.4840866976815774,0.027318249944769293,-0.0546502736336707,0.04010205011911494,0.03226665037272607,-3.2634403530661253,0.03662696805819583,-0.07002802807498687,0.05190787863238237,0.04170687372502915,-3.1675338557382275,0.040592194201186094,-0.07733124344865683,0.05913861345264282,0.04723794429348735,external_test
Batch 2,13,Batch2_013,460.0,True,단수명(<500),4.65C(69%)-6C,True,2단계 정전류,4.65,69.0,6.0,False,False,99.0,1.0949361080808082,0.0014655567238952,1.0952849,1.0896044,1.0975729,-0.0002936999999998,-1.144594434136377e-05,99.0,1.0918756292929293,0.0027945299805685,1.0908582,1.0862554,1.1088204,-0.0067897999999999,-7.04860259740182e-05,99.0,0.0160671782222222,0.0002221091788699,0.016024956,0.015610993,0.016970724,-0.001093559,-5.411984044526762e-06,99.0,31.946988973926523,0.2231869103895413,31.97646643833542,31.412116508819217,32.412618953944886,0.1008596328579187,-0.0019833441234305,99.0,35.0716189725971,0.4105218206095329,35.029217,34.402645,36.19238897679291,1.3294590986852557,0.0062486407596617,99.0,30.127146151093967,0.2399831562406204,30.145876244425388,29.518279358797542,30.794519824245445,-0.3508788612558362,-0.0041706162868861,99.0,10.214119579124512,0.008880757649232,10.21302999999995,10.198291666666533,10.235204999998675,0.0223366666670088,0.0002758266955251,4.944472821503138,1.0028089617045588,1000.0,-0.0646744884060953,2.057302958928932e-05,-0.0340700221226121,0.0212810667999847,0.0004528838041454,-3.3440132091508574,-0.0638543449000617,-0.0519414621926155,-0.0378103123111188,-0.023324648056625,-7.997109809705782e-06,0.0286168141359904,2.90990990990991,3.4834834834834836,-0.0511389233559139,0.0511406353362362,0.0340711644984118,0.0401646278182251,0.3352854038146142,-1.0954799668026238,True,계산 완료,1.0954365,1.0951428,0.0021364000000001493,97.0,-1.144594434136377e-05,1.0955198512422175,-0.00028123142857145253,10.207829000000007,0.015610993,-0.0010935590000000009,31.946988973926523,35.0716189725971,-5.239240508772264,0.003138844750642966,-0.007955033660526745,0.005409279209217444,0.004329637088057104,-4.343420027643156,0.010437152291444832,-0.02039825948519325,0.01373742504881615,0.011357232060133058,-4.18198287317389,0.01361165619807118,-0.0245922728218807,0.018172105577903955,0.014568873362338019,-3.897987678241924,0.014950315865390446,-0.03762999492675065,0.028191237158240137,0.021888775823121046,-3.752603214525913,0.02129439556586099,-0.04048870356773429,0.03184016968035512,0.025030714261951165,-3.7775953675538685,0.01857848435911791,-0.0398743485028904,0.03210927640009793,0.024986271760954575,-3.5555774901176016,0.02558043230904175,-0.05041221712116728,0.03959956213882124,0.0312067420578977,-3.45920048838866,0.02527217567380069,-0.05703402241240618,0.04519049747265458,0.03540408672389035,-3.3440132091508574,0.028616814135990404,-0.06467448840609535,0.05114063533623627,0.04016462781822515,external_test
Batch 2,14,Batch2_014,426.0,True,단수명(<500),3.6C(30%)-6C,True,2단계 정전류,3.6,30.0,6.0,False,False,99.0,1.0792566424242422,0.0035360729254499,1.0780272,1.0714527,1.0849786,-0.0068543,-0.000101657056277,99.0,1.0754611765656563,0.0153081933094586,1.0748161,0.92834318,1.082629,-0.0095882999999998,-0.0001089121815708,99.0,0.0162595228282828,0.0002108387248613,0.016185988,0.015952863,0.017186515,-0.0008788019999999,-4.135029053803305e-06,99.0,32.123877001585356,0.1496194396270542,32.13709390542188,31.735248298507436,32.50966752433833,-0.2219349921572444,-0.0006590124443495,99.0,35.20046863818076,0.3609222163490397,35.142332546555636,34.572998,36.56760277779107,0.1070984624859008,0.0029615734926571,99.0,30.379307340556775,0.1827254504509623,30.389036,29.961967688101996,30.82044,-0.5698551474906246,-0.0026045434142328,98.0,10.23842933673479,0.0258760006826727,10.23871166666698,10.188053333334391,10.296956666667636,0.0814566666658116,0.0008308835088703,4.8211612976239895,1.0037394512043254,1000.0,-0.0837144352028476,-0.0001943753785575,-0.0445557645103633,0.0276030627537297,0.0007619290733863,-3.118085453904825,-0.0822362210112311,-0.0699634418007173,-0.0470860803095303,-0.031504642269244,-0.0003097400843181,0.0384587995314732,2.9744744744744747,3.4984984984984986,-0.0668770052035785,0.0668770052035785,0.0445557645103633,0.0524059471378574,0.2892622635908048,-1.0879924192588737,True,계산 완료,1.0844886,1.0776343,0.0004899999999998794,4.0,-0.0001016570562770468,1.084441152294372,0.00014759428571426987,10.207831333333306,0.015952863,-0.000878801999999998,32.123877001585356,35.20046863818076,-5.087297700475968,0.003187496721971994,-0.013175216585765065,0.006537017207813366,0.005209505969302012,-4.334579512376179,0.008809781294122021,-0.026437797186218276,0.015573841992344585,0.012404994384070932,-4.230137266444375,0.009483581847722966,-0.024277348355299933,0.01801651423431251,0.01424380061062334,-3.757672902397862,0.011893105105911128,-0.05292681155871287,0.034505888015662636,0.026516389446256745,-3.700471184403492,0.018522302019250647,-0.04644526606332275,0.03418470229025809,0.026791845708479388,-3.5754534821910617,0.022621990645042903,-0.05078694084249502,0.03957120931234004,0.03099277605770262,-3.439237437333112,0.02611001167114542,-0.05903909232320381,0.04665837808736354,0.036464126927000476,-3.2719174300729197,0.033134417625131474,-0.07019859764073266,0.0558138145342227,0.0437816284970348,-3.118085453904825,0.03845879953147327,-0.0837144352028476,0.0668770052035785,0.05240594713785748,external_test
Batch 2,15,Batch2_015,396.0,True,단수명(<500),3.6C(9%)-5C,True,2단계 정전류,3.6,9.0,5.0,False,False,99.0,1.07504353030303,0.0030415483252091,1.0765941,1.0690478,1.0793731,0.0073250999999998,9.204142609773133e-05,99.0,1.0653820212121212,0.0019919810534748,1.0644522,1.0620266,1.0694823,0.0019591999999999,3.1830576376012915e-05,99.0,0.0163038229292929,0.0002014933517034,0.016234431,0.016145013,0.017212247,-0.0009618189999999,-4.289364106369682e-06,99.0,32.862747677246595,0.0972775244423642,32.85630869612978,32.652455154518464,33.06815573414788,-0.174615871160455,-0.0010164136633244,99.0,36.07268366663823,0.243666686209462,36.044205,35.477699,36.649116879455384,0.5337057575521342,0.0060109594462268,99.0,31.23583872482013,0.1942641954609839,31.248257,30.733528,31.556711,-0.3611015024619739,-0.0026751637713667,99.0,10.173053501683547,0.0145375685403031,10.174996666668449,10.090539999999844,10.187401666666847,0.0086116666665478,6.810373119194356e-05,4.836844941818096,1.009068165609967,1000.0,-0.0509346763941556,-0.0001025345626408,-0.0241352883526542,0.0174618917858152,0.0003049176647395,-3.5158174135783957,-0.0501548452599232,-0.0423998800117854,-0.0236406296832202,-0.0104656785999017,-0.0001542458374227,0.0319342014118837,2.951951951951952,3.493993993993994,-0.0362315217566468,0.0362315217566468,0.0241352883526542,0.0297846418635603,-0.0719850513412653,-1.3942615560836726,True,계산 완료,1.0697494,1.0770745,0.009623699999999902,92.0,9.204142609773131e-05,1.0703494175720465,7.464857142858764e-05,10.174112999999924,0.016145013,-0.0009618189999999992,32.862747677246595,36.07268366663823,-5.816040467280563,0.0015186635695041768,-0.003488076426888864,0.001691424380556293,0.0015058124570030403,-5.099674877459489,0.003958369616517049,-0.009182753970056523,0.0046491694083207104,0.00417596322551059,-4.634410603701019,0.0076508935774301096,-0.015392800353989933,0.008800802025864323,0.007585964849004702,-5.39209102604304,0.0026788102520280896,-0.005197195166601443,0.002387078923460531,0.00221647064610137,-4.648161124876007,0.008701819281245771,-0.013500560636223513,0.007231135942318098,0.006639286576957684,-4.10988863880781,0.01794374396512978,-0.02519690360228244,0.015265716371538264,0.013450511115461855,-3.897795368747739,0.02230511006902039,-0.03261726753111838,0.021329746242174208,0.018117651584595575,-3.690968349462812,0.027362244730244477,-0.041355833434193356,0.02816777040191784,0.0235644676283108,-3.5158174135783957,0.03193420141188377,-0.05093467639415561,0.03623152175664686,0.029784641863560356,external_test
Batch 2,16,Batch2_016,472.0,True,단수명(<500),4.8C(80%)-4.8C,True,2단계 정전류,4.8,80.0,4.8,False,False,99.0,1.0970297515151517,0.0019939284871606,1.0974309,1.0911584,1.1016679,-0.0004667999999998,-1.5038863327142704e-05,99.0,1.0918990808080808,0.0025238920874145,1.0913205,1.0828781,1.1043905,-0.0025539999999999,-4.567087693258189e-05,99.0,0.0174905291515151,5.9157008638092936e-05,0.017480344,0.017414019,0.017776627,-0.000279205,-5.272325664809514e-07,99.0,32.7673986704417,0.067406875983316,32.77962567049275,32.531609932788314,32.90359791481221,0.2529908169938366,0.0012665314491631,99.0,36.992036254667184,0.3333459178100378,36.96709367982115,36.213661,37.601054318286856,1.0650973182868526,0.0107743721256978,99.0,30.508386774321934,0.1146502980878892,30.524279437443116,30.168455,30.755907,-0.0085458962083286,-0.0011269271705411,99.0,10.171620942760958,0.000891042828452,10.171568333332347,10.169185000000288,10.174256666666285,-0.0016183333347719,3.592228407215933e-06,6.483649480345254,1.004702068504797,1000.0,-0.0532543676756424,-0.000188330406305,-0.0262446524109426,0.0178968566684097,0.0003202974786096,-3.494446478744695,-0.0526668376193775,-0.0425092868293251,-0.0273187862052953,-0.0138303703435712,-0.0002432821018054,0.0286789164857539,2.9204204204204203,3.493993993993994,-0.0393961234347267,0.0393961234347267,0.0262446524109426,0.0317609660007719,0.0722672500865558,-1.2973434555142416,True,계산 완료,1.0945363,1.0940695,0.007131600000000127,46.0,-1.5038863327142703e-05,1.0977967335448362,-0.0001305628571429038,10.171980333333341,0.017414019,-0.0002792050000000011,32.7673986704417,36.992036254667184,-5.410069827081022,0.0030835515443913553,-0.00553595754398839,0.003052801486522088,0.002696153369603491,-4.8174055825306095,0.005783941718113264,-0.011857996704759732,0.006718735926153414,0.005911858176615113,-4.392553072437867,0.010398227411072186,-0.01947355061483491,0.012354649041697134,0.010401145554950596,-4.26156798569066,0.0083110728387005,-0.025277412739706073,0.017619038394540938,0.013874038720640386,-4.109046660750711,0.012253515157528538,-0.028456419249347498,0.019195891827815958,0.015532130370829381,-3.8976719041512315,0.018058851043558616,-0.03479697543830362,0.02464953385231322,0.019901502026564787,-3.7358693715038416,0.02236617017293105,-0.04100336781586911,0.029347625429156834,0.023785048123292254,-3.6078880643900657,0.02593245762602535,-0.04671143937746558,0.03408990223381225,0.02760674838555942,-3.494446478744695,0.028678916485753922,-0.0532543676756424,0.03939612343472676,0.03176096600077192,external_test
Batch 2,17,Batch2_017,471.0,True,단수명(<500),5.6C(26%)-4.5C,True,2단계 정전류,5.6,26.0,4.5,False,False,99.0,1.093923566666667,0.0022372462334261,1.0936327,1.0907178,1.1099353,0.0027197999999999,3.904175881262371e-05,99.0,1.120726307070707,0.0030270260170686,1.1208304,1.1138461,1.1282696,0.0048858,1.0829588126169157e-05,99.0,0.0170886563232323,0.0001103750654384,0.017060153,0.016950201,0.017503092,-0.000425104,-2.0169255411253646e-06,99.0,32.988612809790894,0.1568194982972923,33.01904714673025,32.38178073215479,33.27681219684577,0.0591955819884191,0.0003509859156645,99.0,34.74907966738554,0.2492974861159279,34.751171,34.299175,35.36969,0.4550590000000056,0.004934905292507,99.0,30.8792201698428,0.1951847391078237,30.926743,30.341412,31.20159368352437,-0.241786592836231,-0.0007975318330336,99.0,10.181222777777869,0.017510267758749,10.17710500000006,10.173661666666645,10.256706666667014,0.0017183333332155,2.2411915072872856e-05,3.8698594975427416,0.9760900166979116,1000.0,-0.0525623965755335,-8.595721552723563e-05,-0.0243463403874459,0.0177846446318923,0.0003162935846826,-3.499909615326947,-0.0515043451043923,-0.0409279734870395,-0.0224471845107145,-0.0104567322170864,-0.0001470901960534,0.030471241269953,2.9804804804804803,3.5,-0.0365487389410289,0.0365487389410289,0.0243463403874459,0.0301450092280529,-0.1718416337825471,-1.2845746789135757,True,계산 완료,1.0917177,1.0944375,0.018217600000000056,53.0,3.904175881262371e-05,1.0919324369672232,0.00015115428571432378,10.176372333333273,0.016950201,-0.00042510400000000254,32.988612809790894,34.74907966738554,-5.565060232888157,0.0025664546259900746,-0.004829440265535889,0.002709728405168739,0.002283353154368407,-4.965568769477153,0.004358323197795222,-0.01081264248375946,0.006280576389502974,0.0053112337947440694,-4.354402464230654,0.010389118871703074,-0.020225008677182688,0.013121672525569013,0.010980808163662537,-4.1044410263877475,0.014204047995191763,-0.026900725563686723,0.018103706201454288,0.014966093379641922,-4.634825975189614,0.009555195289543048,-0.013916823890792795,0.008381286601992968,0.007369802505201491,-4.0574958694650585,0.0165475313483483,-0.02707341535190788,0.01687903846761775,0.014624972758310883,-3.9153704505757965,0.019928384593320372,-0.03305234433318238,0.021539676821531892,0.018089903582108408,-3.7012059311609717,0.025039331885657462,-0.04218199896458108,0.028526688586374537,0.02366124328432745,-3.499909615326947,0.03047124126995293,-0.05256239657553352,0.03654873894102899,0.030145009228052955,external_test
Batch 2,18,Batch2_018,449.0,True,단수명(<500),5.2C(50%)-4.25C,True,2단계 정전류,5.2,50.0,4.25,False,False,99.0,1.0825073353535355,0.0035423298441502,1.0825152,1.0754716,1.0884191,0.0102134,0.0001133929870129,99.0,1.0776685474747476,0.0033529681743848,1.0767452,1.0712056,1.0827341,0.0075040000000001,9.729529128016313e-05,99.0,0.0166467427272727,0.0001021659251372,0.016633099,0.016488669,0.017179653,-4.021899999999759e-05,1.7448159802104718e-06,99.0,32.88627829858526,0.180901913503843,32.91137001003535,32.209753481306464,33.21656024979858,0.0447896294539233,0.0009009528357846,99.0,36.40182568496011,0.305800458248175,36.363369,35.823204,36.964727535985794,0.5063662873118702,0.0078231294693027,99.0,30.67756130891839,0.215674383723022,30.705660855703805,30.155224,31.205045444913065,-0.2009715122710105,-0.0008726449756945,99.0,10.174147626262664,0.0008253572748268,10.173984999999329,10.172650000000916,10.175901666667778,-0.000989999999728,-1.5984126957865078e-06,5.724264376041726,1.004490329921908,1000.0,-0.0397456691043013,0.0001160628854996,-0.0166408911109324,0.0140141218022685,0.0001963956098888,-3.706868222190955,-0.0386052146136156,-0.0310004544045421,-0.0148913777947828,-0.0028115743211881,-5.460397145762714e-05,0.028188880083354,2.966966966966967,3.5,-0.0249847528819006,0.0249857154803284,0.0166416482643709,0.0217512866572265,-0.2739905046845584,-1.4476473563248369,True,계산 완료,1.0756292,1.0858426,0.01278990000000002,74.0,0.00011339298701299902,1.076724293015873,3.80971428571921e-05,10.175029666666669,0.016488669,-4.021899999999759e-05,32.88627829858526,36.40182568496011,-5.606557459922897,0.002666374566045413,-0.004447803436049336,0.002072510392734453,0.0020310527618377164,-4.948034215595702,0.0057207026325829975,-0.00980810876721816,0.005028667904007942,0.004717446724849727,-4.666017873071951,0.007967017270582256,-0.013564777809112694,0.00710326599626971,0.006516794873742348,-4.383859273451602,0.01139732891030465,-0.019107159592628542,0.01090698066890845,0.009679992335825923,-4.718173011950724,0.008085788866038404,-0.009569160064746285,0.005516232582865356,0.0048172243367923945,-4.52106349750515,0.008919253871946656,-0.013786983939606867,0.007287511506217719,0.006723460507229937,-4.254533730382654,0.013658627618914074,-0.020316667733562332,0.01128357598150612,0.010305154078186685,-3.933046365375622,0.0213998369416268,-0.030368288534141308,0.017826521440476563,0.01602522819985685,-3.7068682221909555,0.028188880083354018,-0.03974566910430133,0.024985715480328442,0.021751286657226542,external_test
Batch 2,19,Batch2_019,392.0,True,단수명(<500),6C(60%)-3C,True,2단계 정전류,6.0,60.0,3.0,False,False,99.0,1.094755986868687,0.0028535583597285,1.0950593,1.0839374,1.1003811,0.0028185999999998,2.1983457019182867e-05,99.0,1.0877726343434344,0.0032238763510357,1.0881213,1.0673106,1.0920281,-0.0011414999999999,-3.4714310451438896e-05,99.0,0.0167182581515151,8.92277593434713e-05,0.016701423,0.016542695,0.016931713,6.25240000000013e-05,2.473996388373628e-06,99.0,32.770067410122046,0.1459926303595904,32.788666691536235,32.368933975638065,33.07421089506683,0.1396609560907009,0.0008017387789148,99.0,36.54883267067881,0.3815009484872196,36.57684299512419,35.83588386058441,37.29125540144077,0.896454214295666,0.0112837162101461,99.0,30.490596857610676,0.175313712424978,30.502432,30.041353,30.846144,-0.2072497342897676,-0.0013422283725608,99.0,10.173763619528666,0.0083721617386705,10.174568333333443,10.091778333333789,10.176683333333251,-0.0004699999992823,-4.350445268680472e-05,6.058235813068135,1.0064230803644325,1000.0,-0.0656517508735375,6.291054244101832e-05,-0.0343082077979218,0.0226067563499402,0.0005110654326655,-3.291523491918894,-0.0651044802029511,-0.0568504638338547,-0.0359692264965307,-0.020259661578353,-1.398265614573972e-05,0.0365908022555016,2.941441441441442,3.4804804804804803,-0.0514989340096573,0.0515024012781222,0.0343105169987194,0.0410805001130497,0.1564476687738631,-1.2824483398052942,True,계산 완료,1.0902406,1.0930592,0.010140499999999886,48.0,2.1983457019182867e-05,1.0936348305607089,-0.00042617714285710264,10.175535333333391,0.016542695,6.25240000000013e-05,32.770067410122046,36.54883267067881,-5.369124480277112,0.00375016035455078,-0.00626512945065294,0.00397489310551354,0.0033580369457631297,-4.720877593384372,0.007785175350054019,-0.013229396400304738,0.008510306199045988,0.007150734007174791,-4.216238915334202,0.01393647215641916,-0.02240283369459728,0.014998180904769618,0.012659688703735673,-3.811462034576389,0.01583088581397285,-0.04221729658001053,0.030825782659914036,0.023999791326382507,-3.938974193308206,0.017119015030589088,-0.03346796532695384,0.02509968663715252,0.019863102901876182,-3.7762905509383957,0.021262219309556393,-0.039563097043396556,0.02931832692958255,0.023419567681135,-3.5792014908357364,0.02792139228524984,-0.047888806202193934,0.036243501848399265,0.02908217528900677,-3.4022611851094577,0.033546893550782164,-0.05799169067879539,0.0447591111773486,0.035843120226560596,-3.291523491918894,0.03659080225550165,-0.06565175087353758,0.051502401278122265,0.041080500113049756,external_test
Batch 2,20,Batch2_020,489.0,True,단수명(<500),5.2C(58%)-4C,True,2단계 정전류,5.2,58.0,4.0,False,False,99.0,1.1000841181818182,0.0021209181945641,1.1002773,1.0933541,1.1046962,0.0061388,2.8384829931985655e-05,99.0,1.089933206262626,0.0098729305970356,1.090722,0.99400532,1.0936499,0.0009159,-1.9259592084100484e-05,99.0,0.0166108588888888,0.000164519745823,0.016592262,0.016160993,0.01708124,0.0001909399999999,2.717059641311202e-06,99.0,33.61911118506716,0.3486693467422781,33.64657813789262,32.83088893694032,34.31105059445413,-0.3613122926083179,-0.0011291159800997,99.0,36.88625705741767,0.5170186861439585,36.79443515156847,35.923252,37.85651,0.0331473163265343,0.0044104561144427,99.0,31.426991509997187,0.4358862832623462,31.493422505455992,30.464781,32.331272,-0.7503732457466548,-0.0026279460595313,98.0,10.172928639455789,0.0008222310730484,10.172896666666688,10.171294999999615,10.175391666666837,0.0016999999997402,4.814424540362351e-06,5.459265547420482,1.0093953645708318,1000.0,-0.0605040880380607,-0.0001968283329512,-0.0244351394515884,0.0190355110187933,0.0003623506797466,-3.440870918437835,-0.0592722887548691,-0.0384464691835859,-0.0210299995002272,-0.009776778053235,-0.0002414864983369,0.0286696911303508,3.0075075075075075,3.4954954954954953,-0.036682516725906,0.036682516725906,0.0244351394515884,0.030968764410054,-0.4400636355927272,-0.957458621386396,True,계산 완료,1.0977259,1.1038647,0.006970300000000096,99.0,2.8384829931985655e-05,1.0986364918552871,0.00018296571428568005,10.172872000000012,0.016160993,0.00019093999999999708,33.61911118506716,36.88625705741767,-4.469129081038096,0.0012737285174024282,-0.0038311683289445897,0.0034810814033045512,0.005872564902292026,-4.00424226204506,0.004553403508213182,-0.01425989876816458,0.007899855684719417,0.00999177159273288,-3.9068915657442567,0.010179234076705457,-0.03953104580147693,0.01294073510178193,0.013472015487804774,-3.9071571630902837,0.008978348348211207,-0.04257510298990386,0.02279022970533157,0.018821718147174163,-4.0222750735981405,0.011354977680816225,-0.033498510868654185,0.016928449423719,0.01489074048387906,-4.035762693133951,0.014401109701195916,-0.02675295349809892,0.015710430587971065,0.01317261104400971,-3.8147039214979426,0.016843298075001456,-0.03855811704008705,0.021474411663336426,0.018582324390236965,-3.6168302503011005,0.022089266480047443,-0.04901685208024731,0.027426953153649715,0.023927770696783274,-3.440870918437836,0.028669691130350894,-0.06050408803806073,0.03668251672590607,0.030968764410054053,external_test
Batch 2,21,Batch2_021,408.0,True,단수명(<500),6C(60%)-3C,True,2단계 정전류,6.0,60.0,3.0,False,False,99.0,1.1011154092929292,0.0111045389994756,1.1025152,0.99432302,1.1069587,0.0014510999999999,3.546821447124778e-05,99.0,1.0950448787878788,0.0016287610991225,1.0951136,1.089595,1.0985655,-0.0005688000000001,-1.912225726652788e-05,99.0,0.0172002761717171,8.516239110796102e-05,0.017184095,0.017071372,0.017412279,0.000128538,2.425776648114004e-06,99.0,33.60118814118363,0.1597353535847492,33.62412356593225,32.96524787647864,33.862287366213096,0.3614537922897654,0.0036937433706556,99.0,38.66076634232272,0.4875725955214657,38.72297559351446,37.74208716302179,39.554886,1.6013070000000056,0.0157845792805866,99.0,30.630468294173323,0.1291044576600664,30.624674,30.169489264517047,30.97131317057977,-0.0521334714192498,-0.0002230440021364,99.0,10.174732340067363,0.0008480238104163,10.174735000000023,10.172280000000075,10.176488333333204,0.0006766666667932,3.0851370850195183e-06,8.030298048149408,1.0055465102801502,1000.0,-0.064467582043982,-0.0001410557885959,-0.0332885526110049,0.0217208951043921,0.000471797284136,-3.3262445625047774,-0.0634749807676853,-0.0540197603573068,-0.0353316332089848,-0.0207466107184193,-0.0001739475345864,0.0332731496388875,2.9624624624624625,3.481981981981982,-0.0499673280687226,0.0499673280687226,0.0332885526110049,0.0397423353841657,0.1960841592431573,-1.251398903580841,True,계산 완료,1.0985936,1.1000447,0.008365100000000014,87.0,3.546821447124778e-05,1.099306530354896,-0.000569277142857048,10.174583999999935,0.017071372,0.00012853800000000096,33.60118814118363,38.660766342322724,-5.322854973413087,0.0034364336609672697,-0.006632028132513734,0.0037529089967273618,0.0032395266594507665,-4.577547503492713,0.008615504177757749,-0.015539957416148775,0.010032565653193718,0.008409959127561185,-4.236804029308104,0.013101564201513927,-0.02285126165251783,0.015403711305550469,0.012757226082687303,-4.386701973516415,0.008327123685014204,-0.019544682283409442,0.015279341582781623,0.012004468704661398,-4.073187929314406,0.014469117404510623,-0.028107592673525028,0.020355577274138927,0.016379226351200742,-3.8290695964954655,0.01955327431724696,-0.0367473567543527,0.026469834467870018,0.021403819290435017,-3.609932429271821,0.025395741576386813,-0.04697779595124896,0.0347763507738002,0.027963807508251847,-3.457734021672038,0.029323154085135472,-0.05570961053222345,0.04216407622569565,0.03372252415541799,-3.3262445625047774,0.03327314963888753,-0.06446758204398206,0.049967328068722644,0.039742335384165786,external_test
Batch 2,22,Batch2_022,,False,Target 결측,VarCharge-2C-100cycles,True,가변 충전,2.0,,,False,False,98.0,1.0913044707142858,0.0106510781124114,1.0924312,0.98969573,1.0975481,-0.0073848999999999,-1.418554898868833e-05,98.0,1.0947105275510205,0.0026499330522093,1.09484045,1.0863913,1.0997616,-0.0073166,-3.212818753081791e-05,99.0,0.021770682,0.0,0.021770682,0.021770682,0.021770682,0.0,2.578483658084094e-19,99.0,34.50224371401082,0.3736448498095812,34.54174812989119,30.91343258959885,34.72340033636196,-0.0911022924096869,-0.0029679960939319,99.0,38.12900722940261,0.1587391753316541,38.1199090683446,37.03567891904012,38.540268,-0.3487349999999978,-0.002307285882485,99.0,31.258257988431534,0.1729968475322591,31.259418,30.210655,31.671671822610183,0.0584309999999987,-0.0010009102286948,98.0,24.214001377550943,0.0231953885973221,24.21710499999948,24.16815999999914,24.250089999999908,-0.0101399999999571,5.1076145609030127e-05,6.870749240971075,0.9968940846479436,1000.0,-0.0067791693229939,0.0160368287174845,-0.0026188163032225,0.0047822569345211,2.286998138777529e-05,-4.640734169844277,-0.0065573072703034,-0.006321594099837,-0.0053644674818157,0.0002957012997645,0.0068207724999827,0.0066172953996016,2.003003003003003,3.156156156156156,-0.003927861096019,0.0068315266644809,0.0045528583595219,0.0054502578137563,1.4937747250417386,2.3109976015552753,True,계산 완료,1.0913191,1.0839342,0.00622900000000004,28.0,-1.418554898868833e-05,1.0920209856887142,-0.001211740540540592,24.216832999999944,0.021770682,0.0,34.50224371401082,38.12900722940261,-5.518544648308968,0.0005136476151131331,1.5705326402034713e-05,0.0021689382055996445,0.0022616918600419623,-5.2653505625441595,0.0006012079804377235,8.952311460012818e-05,0.0029809004878617157,0.00306055887204491,-5.222440896457963,0.003591191780434705,-0.004101051727635863,0.003619382572200217,0.003011572261025705,-4.965389510037093,0.001901437681624661,-0.0017120866828499448,0.0029626899534457474,0.0033165516304732292,-4.928539551615917,0.001685694551177036,-0.001092489533058849,0.002898922830365612,0.003602133685792271,-4.653498155823746,0.001764364435250315,-0.0008145646073858259,0.0036606790005425773,0.005096005562552962,-4.786193117835734,0.001536420997538264,-0.001149090787924134,0.0032188401335146955,0.004309028555161069,-4.742299135569291,0.0016957160184064542,-0.0009618178610941719,0.003418796285192582,0.004510009523399223,-4.640734169844277,0.006617295399601637,-0.006779169322993939,0.006831526664480931,0.0054502578137563,excluded_target_missing
Batch 2,23,Batch2_023,,False,Target 결측,VarCharge-4C-100cycles,True,가변 충전,4.0,,,False,False,98.0,1.0854498825510204,0.0164117817785191,1.089645,0.93136209,1.092943,-0.0151324000000001,-0.0001196629143061,98.0,1.1012875591836735,0.005745289774947,1.1041879,1.0850431,1.1086529,-0.0184147999999999,-0.0001314126231351,99.0,0.0211608889999999,6.974206569134825e-18,0.021160889,0.021160889,0.021160889,0.0,2.742089829257489e-19,99.0,34.147927604894626,0.3624665585717089,34.17878861155735,30.65520094411443,34.411427146744614,0.0476507030718806,-0.0015370034155576,99.0,35.52762158388801,0.1118838465036768,35.51813061089793,35.027935,35.864387697699925,-0.0570373442680605,0.0011523943708797,99.0,31.65052207076568,0.2438123335796279,31.672453,30.043352,31.981043,0.1430623678452356,-0.0003676198472413,98.0,12.213424642857158,0.0229623578448688,12.211757499999171,12.17004500000039,12.249935000001765,0.0164166666678884,-5.011411999537144e-05,3.877099513122329,0.9856318660652376,1000.0,-0.0192175664913609,0.0003193776168257,-0.011590160361131,0.0066388081321876,4.407377341600116e-05,-4.355819755529337,-0.0188705964832067,-0.0159014451596513,-0.0140961118168578,-0.0085580548295456,0.0002898277204998,0.0073433903301056,2.861861861861862,3.234234234234234,-0.0173921244031334,0.0175485156387934,0.0116945203723536,0.0133552056082756,0.97628138179006,-0.6049483908128916,True,계산 완료,1.0904602,1.0753278,0.002482799999999896,44.0,-0.00011966291430610054,1.0914940807736244,-0.002076593243243276,12.207750999999892,0.021160889,0.0,34.147927604894626,35.52762158388801,-5.778841659739962,0.0006059613897554978,-0.001914097179704255,0.001111948555999743,0.0013015786203540926,-5.564923329624825,0.0015949113685423256,-0.0035455138596505176,0.0019182592561447517,0.0017112760812201474,-5.319577705154758,0.002694518310736218,-0.0044029825077779305,0.0031652365166683436,0.0025557587606016867,-5.170687015084543,0.004049495715929207,-0.0061979106220536595,0.004357235503438596,0.003422873876059869,-4.489461866848269,0.009133790273783457,-0.015976129647010895,0.013996889963292257,0.010752667338791915,-4.60218124266639,0.00860746893869141,-0.0138268714994223,0.011457510292122917,0.00880108969357181,-4.531499105684889,0.008808366565632816,-0.015457815632001215,0.01239329883325909,0.009566369457678529,-4.48516930403798,0.008540838291756267,-0.016996566579523753,0.013247860637278428,0.010298791481598927,-4.355819755529337,0.007343390330105684,-0.01921756649136097,0.017548515638793484,0.013355205608275671,excluded_target_missing
Batch 2,24,Batch2_024,514.0,True,"중간수명(500~1,000)",4.8C(80%)-4.8C,True,2단계 정전류,4.8,80.0,4.8,False,False,99.0,1.0963041979797978,0.0024238139290483,1.0962455,1.0869893,1.1019264,0.0096247,4.3255097093394744e-05,99.0,1.087156802020202,0.0019838401989822,1.086781,1.0782368,1.0900456,0.0007843999999999,-3.153792331476661e-05,99.0,0.0165153767171717,0.0001857634336687,0.016495604,0.016424084,0.018285343,-0.0001408489999999,3.192450587508961e-07,99.0,33.206377241160645,0.0935794383893762,33.21798237103504,32.78123237884274,33.35820139755916,0.2270434260182909,0.0005832835190449,99.0,38.17140352057085,0.54673288961581,38.091522,37.08859936287317,39.222355,1.3679579999999945,0.0169813891582761,99.0,30.259152265989403,0.3185841685344744,30.245203,29.545424324822893,31.023764964554136,-0.4013679101517411,-0.0045280015715696,99.0,10.16999885521886,0.0010291200213657,10.16985833333456,10.168103333333177,10.173275000000045,-0.0008483333321542,3.169717584541182e-06,7.912251254581451,1.008416427324669,1000.0,-0.0457299743253289,6.422339966413571e-05,-0.0227714797747635,0.0151277598601421,0.0002288491183861,-3.6404507544033025,-0.0449987673181399,-0.0371096585645432,-0.0234875079802866,-0.0121235821245735,2.6465135378380013e-06,0.0249860764399697,2.9204204204204203,3.5,-0.0341828100567727,0.0341857279226449,0.0227734872968341,0.0273342378785326,0.1476136242840098,-1.2471731454063106,True,계산 완료,1.0923017,1.1019264,0.009624700000000042,100.0,4.3255097093394744e-05,1.0940981880280352,0.0003211628571428503,10.170490666666689,0.016424084,-0.00014084899999999845,33.206377241160645,38.17140352057085,-5.646467227015937,0.002266906261608588,-0.004170044284455221,0.0020503495115280186,0.0018505863273765358,-4.964535663967427,0.004910397250170395,-0.01061209954932163,0.005840769946297935,0.005073619940694176,-4.590651427470557,0.007991752697963095,-0.015981710440043706,0.009477429405544614,0.008068979430136127,-4.181549234552896,0.007454958827517344,-0.026322738677221458,0.021360131362048503,0.01635717661668424,-4.250894046987036,0.009292510656980196,-0.024492617700690555,0.017228589347321487,0.013673424463708016,-4.037205370698385,0.014247062305997593,-0.030356608897490034,0.02165542700589979,0.017295942448444103,-3.8867133175574162,0.017668506816497787,-0.0355180394131116,0.025579766294403214,0.0204880896363287,-3.7265951054960134,0.02061785657649104,-0.04241957443853639,0.03139356423193776,0.02499739203320808,-3.6404507544033025,0.02498607643996975,-0.04572997432532899,0.03418572792264496,0.027334237878532647,external_test
Batch 2,25,Batch2_025,493.0,True,단수명(<500),5.2C(58%)-4C,True,2단계 정전류,5.2,58.0,4.0,False,False,99.0,1.1022470464646466,0.0024452608617701,1.1022429,1.0934371,1.1070514,0.0075321999999999,3.860060482376233e-05,99.0,1.0925289454545453,0.001984822714145,1.0924608,1.082274,1.0953735,0.0018161999999999,-2.4584818800234328e-05,99.0,0.0167404158888888,0.0002002320496997,0.016720142,0.016576298,0.018564517,2.3801000000000377e-05,2.039570191713208e-06,99.0,32.23848796399698,0.1346159594282603,32.24301854287195,31.92786059105509,32.50665115060467,-0.0622472393091726,-0.0018473401759597,99.0,34.442510549892894,0.3027916663793189,34.389709,33.812508,35.15638,0.2311445614692431,0.0013392075228799,99.0,30.622953011549193,0.2272158078595214,30.628258809859716,30.123915,31.12383800189281,-0.073167999999999,-0.0022246497808515,99.0,10.172931649831629,0.0008378403460261,10.173028333333786,10.1713483333333,10.175423333334038,0.0003999999993542,2.128447741347045e-06,3.819557538343703,1.0088963358111445,1000.0,-0.0505084648903096,-4.5340619104201576e-05,-0.0236109824444173,0.017099298385116,0.0002923860052632,-3.5340434167623695,-0.0496232862820531,-0.0403371773776976,-0.0231405654328548,-0.010332662444186,-7.277835021520689e-05,0.0300045149335116,2.914414414414414,3.5,-0.0354444927988899,0.0354444927988899,0.0236109824444173,0.029147420318933,-0.063080931315816,-1.35463427565552,True,계산 완료,1.098838,1.1063702,0.008213400000000037,99.0,3.860060482376233e-05,1.1002784156186347,2.9242857142881166e-05,10.172881333333304,0.016576298,2.3801000000000377e-05,32.23848796399698,34.442510549892894,-5.457735853336598,0.0022503195132247615,-0.004449778627165668,0.002368730830411784,0.002206595693951321,-4.879046438791791,0.005332338814621362,-0.01014642837372104,0.00518143422644006,0.00475134708148553,-4.395088098290333,0.010134540577739451,-0.019099900343773957,0.010678762784491595,0.009529812000929288,-3.7697194628661443,0.011523952961854905,-0.04791698877475639,0.03409062248703021,0.026186105844332497,-4.1767402803425115,0.010997753733153343,-0.026941877013999305,0.01797932626795391,0.014490178420727976,-4.011262115147814,0.015334343260040129,-0.031553010456656705,0.020903438327517215,0.01706594900468774,-3.828102490242712,0.0203777870727255,-0.03759578985838008,0.025195286868894617,0.02073686504528361,-3.672356925160877,0.024790861315451745,-0.04410518733095181,0.030180303181685905,0.0248314684502704,-3.5340434167623695,0.03000451493351164,-0.05050846489030969,0.03544449279888991,0.029147420318933078,external_test
Batch 2,26,Batch2_026,450.0,True,단수명(<500),5.6C(26%)-4.5C,True,2단계 정전류,5.6,26.0,4.5,False,False,99.0,1.10416721010101,0.0021634675797128,1.1048003,1.0964247,1.1072066,0.0021832000000001,-1.2231956709943128e-05,99.0,1.1566885747474749,0.0152316435080323,1.1582663,1.0108171,1.1662551,-0.0068766,-9.933004947432546e-05,99.0,0.0177005725757575,0.0001869175580604,0.017640542,0.017513856,0.018412031,-0.000829171,-4.6118817934444595e-06,99.0,33.75843376995604,0.8978474942034705,34.238781459464406,32.02557665876116,34.74887628091266,-2.0356353702905494,-0.0277738016270639,99.0,36.91322322353181,1.633499753347447,37.701433146017074,33.727785867696916,38.98082610957073,-3.3418786733968417,-0.0470762005782344,99.0,30.612617674686465,0.3241614078365314,30.559166,30.030421675893816,31.345022,-0.3313752721696694,-0.0063593418222329,98.0,10.19580411564622,0.0335441186398139,10.177515833333748,10.172106666666757,10.258301666666618,-0.0038566666669801,-0.0003591620902923,6.300605548845344,0.9547677302723392,1000.0,-0.0733087791289827,-1.461487027885509e-05,-0.0380385416540002,0.0245013746975998,0.0006003173620721,-3.221619095295821,-0.0722950892010771,-0.0615482197879789,-0.0403080317086901,-0.0251313645095906,-6.657578797752319e-05,0.0364168552783882,2.9594594594594597,3.484984984984985,-0.0570962787000576,0.0570962787000576,0.0380385416540002,0.0452398905378121,0.2306042531852906,-1.1876472544640768,True,계산 완료,1.1043522,1.1065354,0.0028544000000001457,96.0,-1.2231956709943128e-05,1.1047910398932175,0.0002450485714286305,10.192329666666629,0.017513856,-0.0008291710000000001,33.75843376995604,36.91322322353181,-5.1348326759775285,0.003609767050197721,-0.008532487621331963,0.005842379905214459,0.00474061379648844,-4.468649716745525,0.008254802881680734,-0.01808947470759259,0.01278600724867057,0.010320461698552644,-4.1761001202184485,0.011872793491309652,-0.025073518130814376,0.018084502960643654,0.01453891376540698,-3.8696045445908336,0.01807117229174071,-0.03517758050818365,0.025879637632690636,0.020787378289442816,-3.915009068026526,0.013416780640988779,-0.03441493051734257,0.026446992081752236,0.020758492816648537,-3.7171884191664324,0.01858486882253338,-0.042875400434734035,0.03272842443818218,0.025826574421789372,-3.5200057903474105,0.023358555533169456,-0.053511796417657465,0.04089265575202809,0.03229977391232897,-3.376930289675166,0.028784967033856662,-0.06211246380946567,0.04742616009887651,0.037642735706374345,-3.221619095295821,0.03641685527838828,-0.0733087791289827,0.05709627870005765,0.04523989053781217,external_test
Batch 2,27,Batch2_027,474.0,True,단수명(<500),5.2C(50%)-4.25C,True,2단계 정전류,5.2,50.0,4.25,False,False,99.0,1.0985360303030305,0.0027241230846826,1.0980722,1.0925682,1.1051688,0.0105788999999998,8.3227929499087e-05,99.0,1.0881079232323234,0.0026252735873299,1.0881597,1.0794888,1.1103308,0.0025884999999998,3.964450216461358e-06,99.0,0.0175886912222222,8.822370301295152e-05,0.017579954,0.017410973,0.017801434,0.000122759,2.2818888064318013e-06,99.0,33.30411096115286,0.1746225126918051,33.319305097566286,32.79524712031238,33.59260518916009,-0.0516212467489793,0.0004824644408894,99.0,38.09066395642736,0.5193558884337698,38.042976,37.088142,39.292397,1.450375000000001,0.0138606701763654,99.0,30.520247987388977,0.2588096346462354,30.497509,30.00610432957396,31.134102,-0.5314380000000014,-0.0037563059838471,99.0,10.17464639730628,0.0006690442173335,10.17463499999964,10.172933333334123,10.17856333333378,0.000296666665962,-2.6472273788214875e-06,7.570415969038385,1.0095892470137124,1000.0,-0.0544912575606593,-3.926139249814915e-05,-0.0246839278022425,0.0180765455324003,0.0003267614983849,-3.485769119794705,-0.0507775669540082,-0.042466545818464,-0.0232664070216994,-0.0100585661491161,-0.0001261128212756,0.0324079796693479,3.1426426426426426,3.484984984984985,-0.0370558745734938,0.0370558745734938,0.0246839278022425,0.0305897209636322,-0.139411257640502,-1.3560947854988492,True,계산 완료,1.0925682,1.1031471,0.01260059999999985,99.0,8.3227929499087e-05,1.0942914058985775,0.0001164571428571766,10.174448333333178,0.017410973,0.00012275900000000006,33.30411096115286,38.09066395642736,-5.781109102601216,0.002132795684408134,-0.003977253731691444,0.0019292789698211366,0.0018165249290989635,-4.959604531580409,0.006363938337587222,-0.009503970323851973,0.005354314392959705,0.0048663237397522,-4.485332529609291,0.008801624895011795,-0.017727582128574615,0.010806013538749652,0.009191757478915295,-3.966265618100611,0.013440598069301202,-0.03743709647050139,0.0233912034937327,0.018730023509924882,-4.133788148315685,0.015273908747440168,-0.029877041814323047,0.017903260942978116,0.014684768275780179,-4.070677990510425,0.014969694260746645,-0.029046687136133453,0.019199857214966372,0.015758777630415624,-3.8542416911741744,0.021265929903640138,-0.03568194110342804,0.024512304736129045,0.020157960622200606,-3.6387887168498327,0.028341329344528318,-0.046770955761657546,0.03117351231053779,0.025703961008452042,-3.485769119794705,0.03240797966934794,-0.05449125756065937,0.03705587457349385,0.030589720963632265,external_test
Batch 2,28,Batch2_028,437.0,True,단수명(<500),4.8C(80%)-4.8C,True,2단계 정전류,4.8,80.0,4.8,False,False,99.0,1.095054122222222,0.0024796335011265,1.0951691,1.0878246,1.0996724,0.0091433,5.740212987013656e-05,99.0,1.0818230657575758,0.0142125920939051,1.0826617,0.94288981,1.0858977,-0.0010476000000001,-3.113829956708961e-05,99.0,0.0162747393030303,0.0001480457872604,0.016234331,0.016122971,0.017149113,-0.000654615,-2.676349313543516e-06,99.0,32.143914131113334,0.1283220263958796,32.157921338288666,31.820860668214337,32.434079059738416,-0.0539584436204521,-0.0012704444258594,99.0,35.334859521378185,0.2710230905406878,35.33018416819798,34.806871353030516,35.97005389341205,0.7173455937693589,0.0043684298781932,99.0,30.27083144812065,0.2228791450900387,30.285061,29.689555895282943,30.721237,-0.5454085912843993,-0.0006557141927587,98.0,10.173453112244816,0.0008122535096207,10.17329416666665,10.171025000000371,10.175423333332098,0.0003483333326581,6.1142463233476565e-06,5.0640280732575365,1.0124178700871094,1000.0,-0.0564913867827732,-1.6725146193166066e-05,-0.0279893325926623,0.0194317391240974,0.0003775924853869,-3.422976656199021,-0.0558012622112313,-0.0484557042721724,-0.0288321171476072,-0.0139775570404654,-9.348634639114644e-05,0.0344781472317069,2.9264264264264264,3.5,-0.0420157894438836,0.0420157894438836,0.0279893325926623,0.0340678386735094,0.0458935773792489,-1.392138243417447,True,계산 완료,1.0904486,1.0995919,0.009223800000000004,95.0,5.740212987013656e-05,1.0921266135988454,0.00020079714285716355,10.17431633333336,0.016122971,-0.0006546150000000008,32.143914131113334,35.334859521378185,-5.6302685735299045,0.002373069874423289,-0.005016852271793826,0.002644802605278778,0.0023331818216626773,-4.939691499347737,0.005479800393254908,-0.010667260103219722,0.005897591096966876,0.0051680966204464196,-4.496271084170577,0.010132188244221269,-0.01726219824307229,0.01078361197339528,0.009135298461111132,-4.271046169384806,0.00939862516367293,-0.02740403514212303,0.018174604455156354,0.01414332355669046,-4.180379721501156,0.01234955758079706,-0.02541457475982256,0.018097238040223243,0.01452802542045571,-3.957703298281459,0.01747387518450627,-0.03197178290082603,0.02245056861364509,0.018268683516898754,-3.758855506444655,0.0232944722224432,-0.03911512305343301,0.027897533738723276,0.022784610035606948,-3.545227939097429,0.031101954009961456,-0.04907843670748857,0.03568751183122339,0.02915173514081088,-3.4229766561990216,0.03447814723170699,-0.05649138678277321,0.04201578944388361,0.03406783867350942,external_test
Batch 2,29,Batch2_029,452.0,True,단수명(<500),5.2C(58%)-4C,True,2단계 정전류,5.2,58.0,4.0,False,False,99.0,1.1100257606060604,0.0037116416563656,1.1098274,1.1027535,1.1181728,0.0127744,0.0001200828880643,99.0,1.0980733393939397,0.0025516900206717,1.0981231,1.0891471,1.1188244,0.0030380999999999,1.2793278911574423e-05,99.0,0.0167322515151515,8.033274312512551e-05,0.016724298,0.016617509,0.016911158,0.000110617,2.3980479158936808e-06,99.0,31.797490897448796,0.0843634761679716,31.82218124832208,31.565587330841858,31.92153684377415,-0.1116550226567163,-0.0012694156955582,99.0,34.43823202248059,0.3074483332025816,34.457729,33.587513,35.143738,0.2306885211584841,0.0037617020624292,99.0,30.217947896804667,0.1891817261343678,30.227608,29.61923518807385,30.685075230595523,0.37638192718709,-0.0004071994089624,99.0,10.173048585858565,0.0007775419276894,10.172915000000891,10.17153166666782,10.175125000000117,-0.0005083333329825,-3.626303855009296e-06,4.2202841256759225,1.0108887874560506,1000.0,-0.0526335295361444,-7.556575465258704e-05,-0.0253222323765719,0.0176235407209441,0.0003105891875427,-3.5078136659221246,-0.0519157394190157,-0.0412595959506557,-0.0264051834985049,-0.0121924597836675,-0.000185792980894,0.0290671361669881,2.914414414414414,3.5,-0.038012436020699,0.038012436020699,0.0253222323765719,0.0308462971989887,0.0193262601359063,-1.343050046827535,True,계산 완료,1.1032062,1.1159806,0.014966599999999941,97.0,0.0001200828880643241,1.1039015333147804,0.00020844571428571462,10.173121999999905,0.016617509,0.00011061700000000035,31.797490897448796,34.43823202248059,-5.5106140853757255,0.0027929650424850573,-0.0055298732474950985,0.0025916757611323697,0.002415254740316615,-4.80477304883642,0.006223290996907271,-0.012566068275860487,0.006993814126198976,0.006112373064916862,-4.430996527204562,0.010417875813192982,-0.018657785831308615,0.011040509847348157,0.00954508229887024,-4.212877921837767,0.009932979019348864,-0.027286708528132753,0.018549362619939863,0.014625454185188107,-4.112435029310521,0.013604350352778793,-0.0282328363062736,0.018817007418787383,0.015304666642871712,-3.9464180030316554,0.017241425470841898,-0.03345939412100207,0.022524354925622374,0.018388602018052768,-3.784934062286671,0.021233526632504652,-0.03940984101566458,0.027005197066676794,0.022079960217178073,-3.616656349226859,0.025677966932875274,-0.046885119860336166,0.03306530872859026,0.026956408201839813,-3.5078136659221246,0.02906713616698814,-0.05263352953614442,0.03801243602069905,0.03084629719898878,external_test
Batch 2,30,Batch2_030,412.0,True,단수명(<500),5.6C(26%)-4.5C,True,2단계 정전류,5.6,26.0,4.5,False,False,99.0,1.0929829222222225,0.0034716484556627,1.0930492,1.0829761,1.0984639,-0.0020923999999999,-8.503881385279777e-05,99.0,1.1457783452525254,0.0166049068667913,1.1470196,0.99032068,1.1567706,-0.0135414,-0.0001671601536178,99.0,0.0168832493333333,0.0002432827688141,0.016803751,0.01667887,0.017830005,-0.0010622549999999,-6.726884254792708e-06,99.0,33.81182141567536,0.1166909802637032,33.814491724369454,33.16137015674329,34.13452755339803,0.029977017412996,0.0008736591095678,99.0,37.34308786098118,0.4088199357300587,37.33594290425341,36.53985982973884,38.2883066025032,1.0039631035303245,0.0113409975184276,99.0,30.366116051248465,0.2273670226198567,30.400885,29.889199981272736,30.97029560803481,0.3385650367148507,0.0016294437786754,98.0,10.20111530612244,0.035826944136838,10.17933083333337,10.1739716666673,10.258053333333615,-0.0789066666664446,-0.0001511086457777,6.976971809732708,0.954123793369517,1000.0,-0.0755230365113099,1.6768799842831208e-05,-0.0396558894899704,0.0255571531964414,0.0006531680795063,-3.1849750468359517,-0.0745255786749122,-0.0641387546247773,-0.0422799531153509,-0.0267521273466546,-2.2175748572166205e-06,0.0373866272781227,2.945945945945946,3.4894894894894897,-0.0595234708286137,0.0595245907656985,0.039656648307973,0.0471710131613432,0.2515279053664399,-1.2012605620325187,True,계산 완료,1.0946374,1.092545,0.003826499999999955,10.0,-8.503881385279777e-05,1.0973199017287154,0.0005664771428572571,10.223914333333378,0.01667887,-0.001062254999999998,33.81182141567536,37.34308786098118,-5.142992392026287,0.0035304063582289325,-0.008561360472950308,0.005718444040425938,0.004654969112100223,-4.481283051843061,0.008479076056800927,-0.01771846571932234,0.012414190438859728,0.010062475470196943,-4.103536983696319,0.013733323581191031,-0.02703193813511684,0.019781607945879708,0.01588616016408244,-3.821442685665018,0.019734835339235687,-0.0365956838617747,0.02745067612930123,0.022025362049847185,-3.8677614705563435,0.014851137567343353,-0.03592132895681188,0.0281645834741069,0.02207172446896369,-3.636709917441107,0.021695003108971073,-0.04621206930930555,0.035629586364875614,0.028178527916367598,-3.456880369019505,0.02723351639907881,-0.05626581914238371,0.04351277539427058,0.034485189227869695,-3.321936900484258,0.03287856624411793,-0.06487761159040273,0.050875695226676385,0.04030925294210688,-3.184975046835952,0.03738662727812268,-0.07552303651130998,0.059524590765698514,0.04717101316134328,external_test
Batch 2,31,Batch2_031,425.0,True,단수명(<500),5.6C(26%)-4.5C,True,2단계 정전류,5.6,26.0,4.5,False,False,99.0,1.0998533494949494,0.0017860116806856,1.099452,1.0956696,1.1031705,0.0016135999999999,3.979185899816047e-05,99.0,1.1580804191919192,0.0022513840232483,1.1581908,1.1511843,1.163353,-0.0079009000000001,-4.233909833022707e-05,99.0,0.0163258058282828,0.000224935363812,0.016291203,0.015888851,0.017027061,-0.000681926,-3.656670810142108e-06,99.0,33.3758501254003,0.5118949474632649,33.42111686002277,32.37276634569568,34.28296651768913,-1.011189797648136,-0.0021552608606502,99.0,35.656391701768925,0.7005769683817873,35.692306558735936,34.320602,37.238895,0.5519819915962856,0.0031696863318308,99.0,31.051052359069953,0.5159007386221245,31.037132126014537,29.959369058435342,32.18438776889225,-1.0664901147427095,-0.0049853617957276,99.0,10.194512441077386,0.0322192829575132,10.178381666667216,10.166629999999229,10.257450000000729,0.0020133333319485,8.623459079042264e-06,4.605339342698974,0.9497248958759716,1000.0,-0.0642288335820835,0.0004689860046967,-0.0306244567640429,0.0210881188302452,0.0004447087557985,-3.3519243187367103,-0.0627102908540751,-0.0484444777729677,-0.0316664641394064,-0.0182288595488071,0.0003733305366077,0.0302156182241605,2.984984984984985,3.324324324324324,-0.045969381640089,0.0461403676404055,0.0307385726230291,0.0371768933497069,0.0593633708439417,-1.1693178938330255,True,계산 완료,1.0990092,1.1006228,0.004161300000000034,99.0,3.979185899816047e-05,1.0978239646860435,-0.0001532514285714038,10.177968666666759,0.015888851,-0.0006819260000000028,33.3758501254003,35.656391701768925,-5.110005410829634,0.0034272046980264315,-0.008843860966017858,0.005516583938573867,0.004552391524151037,-4.3854229265878155,0.00844410696377576,-0.020953683191637706,0.012801807652290626,0.010651037088675566,-4.45375715322898,0.006646679793428006,-0.017822408212308183,0.013047899838978583,0.010293724914351644,-4.152673551597477,0.010914274397802265,-0.026022399517761086,0.01915684272978721,0.015226888316937042,-4.366899306101263,0.009862048300192938,-0.02556521569613568,0.013077612722077381,0.010893850382621001,-4.256581307558535,0.013399051913179666,-0.02227882717743257,0.01560192544299672,0.012688826541158545,-3.853842774057763,0.01714158391632223,-0.036612341206325616,0.026367898366970562,0.021170046353560606,-3.6228602803338994,0.022111297845356287,-0.04645444854244829,0.03293380440219232,0.026726016193518307,-3.3519243187367103,0.030215618224160523,-0.06422883358208353,0.04614036764040557,0.037176893349706905,external_test
Batch 2,32,Batch2_032,809.0,True,"중간수명(500~1,000)",4.8C(80%)-4.8C-newstructure,True,2단계 정전류,4.8,80.0,4.8,True,False,99.0,1.0900473909090909,0.0030514738774422,1.09124,1.0791935,1.0939444,-0.0007219999999998,-5.5682572665417575e-05,99.0,1.079460808080808,0.0146816117025768,1.0825783,0.9390254,1.0841688,-0.0027912999999999,-0.0001196573914656,99.0,0.0148111714242424,0.0001579492410932,0.014792889,0.014739397,0.016339961,-5.889600000000099e-05,-2.904050958562806e-07,99.0,32.16894887045923,0.08792401335926,32.17184286740253,31.8242107823664,32.3700850469932,0.0083365454000414,-0.0006719575367276,99.0,33.94637920302099,0.2240714866803953,33.9031977046804,33.53408033020773,34.753593,0.0417941497015021,0.0001137762599187,99.0,30.537043643974386,0.2702057755265327,30.520729,29.949444,31.153275744527733,0.3735433458238546,-0.001272494104622,98.0,10.04099134353748,0.0009495846340435,10.040889166666602,10.03900833333343,10.042926666666608,0.001631666667528,1.5575103908898273e-05,3.4093355590465944,1.009994814818176,1000.0,-0.0274612065130356,-5.814087009912289e-05,-0.0133899398336471,0.0085997173685832,7.395513881951284e-05,-4.131031637519925,-0.0268262059641193,-0.0198135835296452,-0.0138307861282849,-0.0090316559453361,-7.709361068666301e-05,0.010781927584309,2.8723723723723724,3.279279279279279,-0.0200983728671332,0.0200983728671332,0.0133899398336471,0.015911369282038,0.2081081153954181,-0.9709326905741698,True,계산 완료,1.0881557,1.0874337,0.005788700000000091,40.0,-5.5682572665417575e-05,1.0928872021150278,-0.00027191428571428616,10.041900666666674,0.014739397,-5.889600000000099e-05,32.16894887045923,33.94637920302099,-5.984545299207625,0.0007632096339765249,-0.0016913933959115113,0.0009996184809147558,0.0010486191660008565,-5.555739370561736,0.002150157415206929,-0.004380792105072362,0.002349723621174548,0.0020562912350184956,-5.1540278277706495,0.004663155866509721,-0.007707609381216174,0.004289954145525001,0.003719767200950125,-4.888604898777525,0.005792536899332679,-0.011078139764869488,0.0066439917885956715,0.005651790661666532,-4.691833897957935,0.006582536903126268,-0.014157251232812529,0.008544241269575066,0.007209661935674736,-4.442600252844372,0.00967684345054387,-0.018411157264463407,0.011875853078119995,0.009916917534567679,-4.263412555153793,0.008783018048317395,-0.023825950615742997,0.01788484156755668,0.014016669330851108,-4.231186989351232,0.008682752281113176,-0.02453187138638846,0.01798276446069242,0.014202898988302034,-4.131031637519925,0.010781927584309042,-0.02746120651303563,0.020098372867133233,0.015911369282038006,external_test
Batch 2,33,Batch2_033,1140.0,True,"장수명(>1,000)",5.2C(58%)-4C-newstructure,True,2단계 정전류,5.2,58.0,4.0,True,False,99.0,1.0705903191919193,0.0150280608007607,1.0734634,0.9257527,1.0747027,-0.0045973999999999,-0.0001253141632652,99.0,1.0701498262626263,0.0034574520487351,1.0716943,1.0553116,1.0729175,-0.0046634999999999,-8.750728880642097e-05,99.0,0.0149909874444444,2.716697685299317e-05,0.014988063,0.014933125,0.015095364,-8.753799999999985e-05,3.8146023500456507e-08,99.0,32.74157143407892,0.1201834329859217,32.75244488333857,32.46796923463387,33.057799280764335,0.2431535433824194,0.0009455847297943,99.0,34.30263809635044,0.2875091713670345,34.241764,33.7893025614035,35.019115,-0.2415580000000048,0.0009927294206412,99.0,31.028129662553557,0.4073807512738633,31.044619,30.171801,31.985844,0.0863838778441419,0.0003456682996279,99.0,10.03956353535346,0.0020066684361742,10.039278333333398,10.03675499999857,10.05646999999978,0.0021916666667198,3.959595937977586e-07,3.2745084337968837,1.000413620162811,1000.0,-0.0240847421362162,0.0023936440985986,-0.0115795410077861,0.0076630753549514,5.872272389566364e-05,-4.231193800168052,-0.0234248032482054,-0.016903904098839,-0.0124771868682302,-0.0051492564987923,-1.4345984329204338e-05,0.0117546476000467,2.8903903903903903,3.18018018018018,-0.0173794194531817,0.0174741802009042,0.0116426516657693,0.0138834351341002,0.2863501507023119,-0.9750234294201904,True,계산 완료,1.0732747,1.0686773,0.0014279999999999848,9.0,-0.00012531416326529325,1.0769813415184495,8.518285714282178e-05,10.03920333333323,0.014933125,-8.753799999999985e-05,32.74157143407892,34.30263809635044,-5.655658301384893,0.0010803483743487604,-0.00212302470541037,0.001573396614086254,0.0015259074848204548,-5.36704561386721,0.0028320162175895867,-0.005398061562207901,0.0032216740956419903,0.0026468404411928406,-5.154968737418543,0.004817637681214921,-0.008179604017979125,0.0047775612649266115,0.003980081774049566,-4.9107478907906525,0.006370104110774861,-0.010844855781790397,0.006594823438289886,0.005434882225334315,-4.784536874744047,0.004718316638542511,-0.01331173599080726,0.008216252842762457,0.00678226833256607,-4.602627928074943,0.006298837001289179,-0.01621329701535512,0.01011352099341429,0.008349576911673326,-4.287129058756202,0.009747424550111627,-0.02305529988315358,0.018093551925715344,0.014033137852164047,-4.348282595808965,0.008104217748783935,-0.02154427775480494,0.016059323569097637,0.012609904624100868,-4.231193800168052,0.011754647600046741,-0.024084742136216253,0.01747418020090425,0.01388343513410027,external_test
Batch 2,34,Batch2_034,1186.0,True,"장수명(>1,000)",5.6C(26%)-4.5C-newstructure,True,2단계 정전류,5.6,26.0,4.5,True,False,99.0,1.0671324676767675,0.0020980947717854,1.0681078,1.0596769,1.0689068,-0.0027188999999998,-5.4562957328379686e-05,99.0,1.0635619349494951,0.0156452726808773,1.0660373,0.91082746,1.0669271,-0.0028851999999999,-0.0001048445372912,99.0,0.0149528839393939,4.3006736671348774e-05,0.014947636,0.014872484,0.015221281,-0.0001188279999999,2.27061162647137e-07,99.0,35.66789148456313,0.1674697106932651,35.67532696418256,35.31737304766907,36.11605103637264,0.0418128269681119,0.0019776091388616,99.0,38.96110461672359,0.3037629961281644,38.952343,38.25401579116698,39.697674,0.255161489226225,0.0023262006258938,99.0,31.820106759742274,0.4440223784202896,31.857287108760712,30.77528232546755,33.143509,-0.3388092177057835,0.0004548383990085,98.0,10.0404342346939,0.0009212783765244,10.040178333333218,10.03911833333356,10.043986666666266,0.0004749999987918,8.351942434387266e-07,7.140997856981302,1.0035915879239798,1000.0,-0.0191429496439993,0.0013340518865872,-0.008120054579074,0.0059693173649842,3.563274980390301e-05,-4.448150649362664,-0.0187056245232946,-0.012271409316292,-0.0076178388384584,-0.0054515552321868,0.000231108867961,0.0068198540841051,2.9384384384384385,3.1786786786786787,-0.0121882137377401,0.0123122704992252,0.0082026970220624,0.0100763288662707,-0.1524969821968075,-0.8858320720177963,True,계산 완료,1.0671737,1.0644548,0.001733100000000043,20.0,-5.4562957328379686e-05,1.0699151785005152,5.91714285720688e-06,10.040011000000039,0.014872484,-0.00011882799999999964,35.66789148456313,38.96110461672359,-5.6380417211122715,0.00022004374534855198,-0.0005351051381538019,0.0010744230069079555,0.0016208562099616372,-5.714903191897668,0.0019879773299831304,-0.0042122597971940845,0.002119565284795448,0.001869392374338718,-5.232287267302696,0.003594689822175534,-0.0073191336551673425,0.003617241666515073,0.0032727441012042513,-5.184524025761496,0.0040588811362148244,-0.008072260673455678,0.0043942102317496064,0.0038657989157912663,-4.842666276103538,0.004953517655239659,-0.011942951116889144,0.006332004868036036,0.005557011198739823,-4.723139213942118,0.00598409406929859,-0.01383476302171549,0.007658407050960278,0.006619858102811482,-4.713539613614873,0.005554995779729149,-0.014170014061816616,0.010733760592275474,0.008394848580259379,-4.553408180554281,0.006058533588280901,-0.017430614254870913,0.01187091553483581,0.009511577024488906,-4.448150649362664,0.006819854084105126,-0.01914294964399932,0.01231227049922529,0.010076328866270738,external_test
Batch 2,35,Batch2_035,,False,Target 결측,VarCharge-6C-100cycles,True,가변 충전,6.0,,,False,False,98.0,1.0461600108163265,0.0200053729856148,1.0470236,0.88696426,1.0693158,-0.0393470999999998,-0.000433205671257,98.0,1.052007036734694,0.0119741794742316,1.051313,1.0338807,1.0741972,-0.0403164999999998,-0.0004159109271956,99.0,0.0206665209999999,6.974206569134825e-18,0.020666521,0.020666521,0.020666521,0.0,1.7097298702551425e-19,99.0,36.507257940976096,0.6217201582920021,36.5354372382433,31.09683468176208,37.23124828608998,0.5954229152313673,4.24781040930265e-05,99.0,38.37857902090733,0.4506067347992162,38.32201,37.028484,39.534397,0.6689030000000002,-0.000316286252432,99.0,32.81023704619014,0.5734307630367987,32.815086,29.179466,33.847831120124184,0.6990879955779192,-0.0021765464297933,98.0,8.094846428571415,0.0291970852375703,8.091728333332867,8.046000000000156,8.16168666666684,0.11147333333356,0.0009728077111412,5.568341974717187,0.9944352436796692,1000.0,-0.0757084076580606,0.0002125234038513,-0.0448212443045177,0.0245902404527448,0.0006046799255238,-3.2184744483688257,-0.0742794574895845,-0.0626747893786999,-0.0504083038862017,-0.040832954292907,0.0001318265494811,0.0218418350857928,2.96996996996997,3.5,-0.0672694914608558,0.0673062663976224,0.0448459489358081,0.0511176993477166,0.8617955014453467,-0.5280191417600006,True,계산 완료,1.0689886,1.0296415,0.000327200000000083,3.0,-0.000433205671257046,1.068041317680841,-0.0005491986486486848,8.05946366666661,0.020666521,0.0,36.507257940976096,38.37857902090733,-4.6686245395720185,0.004113925470185881,-0.01569870992392408,0.010856158037599713,0.008570111406560063,-4.085191150535764,0.009366228045100317,-0.02971994503709452,0.02158362534689657,0.016983902772681955,-3.850409774454088,0.011565556319397263,-0.03829184326946,0.02987385780579982,0.023159868077213153,-3.6535791080466726,0.016677390005103904,-0.04639105139496036,0.037966074923095824,0.02932726635681121,-3.423854299241491,0.021265756079391226,-0.061691424086567026,0.048796386468258665,0.037848175247017835,-3.4233556600776844,0.017854496022600044,-0.060532952156241326,0.05197220488973092,0.03964838197802685,-3.287418541928623,0.02359530431819612,-0.07076083497204921,0.059176058901644374,0.04546454381744244,-3.143809433109726,0.0300916001480991,-0.08365832247661875,0.06835560494721729,0.0528195485048773,-3.2184744483688257,0.02184183508579289,-0.07570840765806064,0.06730626639762242,0.05111769934771664,excluded_target_missing
Batch 2,36,Batch2_036,,False,Target 결측,VarCharge-8C-100cycles,True,가변 충전,8.0,,,False,False,98.0,1.0332139762244896,0.0251214579218757,1.03239895,0.90709597,1.0722352,-0.0687932999999998,-0.0007772913502851,98.0,1.0412085642857145,0.0219912240452668,1.03937095,1.010273,1.0799983,-0.0697252999999999,-0.0007656754895386,99.0,0.02033557,0.0,0.02033557,0.02033557,0.02033557,0.0,2.506725656101012e-19,99.0,38.56623803155033,0.8592774785074351,38.61475929353903,31.062463892285425,39.500687748473354,0.9408158910986444,0.002461469313467,99.0,41.3959147615797,0.6013795012863079,41.374668,39.015469,42.888380722662205,0.9324527994454996,0.0034519304154793,99.0,33.341076905861655,0.6838297175284572,33.443176,28.966272,34.37171295951531,0.1146219063755324,0.0001404448377518,98.0,6.762870340136079,0.174116319432069,6.776123333333574,6.474444999999832,7.065583333334264,0.5284266666649877,0.0060380716729547,8.054837855718047,0.992308109535874,1000.0,-0.1360257368450053,6.1084408759602e-06,-0.0844287653143593,0.0454734967525986,0.0020678389069086,-2.684483297363117,-0.1346296876201299,-0.1188215396727491,-0.0975827152402786,-0.081725069592749,-0.0001678636000661,0.03709647008,2.968468468468469,3.4984984984984986,-0.1267072809439115,0.1267073474963133,0.0844288147244968,0.0958852829192721,0.943164040604028,-0.4847785003483276,True,계산 완료,1.0722352,1.0034419,0.0,2.0,-0.0007772913502851821,1.0724751209582826,-0.00046080810810815513,6.486791666666589,0.02033557,0.0,38.56623803155033,41.3959147615797,-4.256989089655343,0.007814008360430488,-0.024131345428543338,0.018510120843746238,0.014401255865615997,-3.6512681221125955,0.016849819984584596,-0.04718304409908336,0.0374168045216328,0.02903224012718965,-3.3236837586894703,0.02391009997308874,-0.06759583413840153,0.05625580347207344,0.043345269102840825,-3.0819090560427296,0.029755227710921622,-0.08781402104912195,0.07573784212033617,0.05806762966710699,-2.8712357975247285,0.03585349868789442,-0.11191137100088744,0.09750080205026065,0.07459258642035244,-2.9021325242584193,0.02810938137053609,-0.10701456525544872,0.09902488780669044,0.07486783481846869,-2.7720309369970577,0.03676824075437718,-0.12405672138725421,0.11206251595774624,0.0852288697234311,-2.6445387436822756,0.04290807228074375,-0.14322259345888078,0.12898428009410584,0.09823417537022952,-2.684483297363117,0.037096470080000055,-0.1360257368450053,0.12670734749631335,0.0958852829192721,excluded_target_missing
Batch 2,37,Batch2_037,,False,Target 결측,3.6C(80%)-3.6C(SLOWCYCLE,True,2단계 정전류,3.6,80.0,3.6,False,True,98.0,1.084200792755102,0.0087483512256793,1.0850734,0.99869299,1.0860035,0.0013899000000001,3.2351074600338785e-06,98.0,1.083319048979592,0.0006294765380927,1.0833081,1.0804335,1.0842334,0.0012320999999999,-2.529949186807924e-06,99.0,0.0172419236262626,0.0010246582567321,0.017126784,0.016990282,0.027307276,0.0099986089999999,7.006382634508563e-06,99.0,32.93003403034187,0.3122601114577372,32.96186943864029,30.327728225505197,33.32046117607414,-2.4648708797858845,-0.001814328172391,99.0,38.01191656898937,0.471062509730667,38.00659848211648,35.563614,39.1016536555162,0.1323541875573255,0.001699592650961,99.0,30.251547244942092,0.4316497710186937,30.333019,29.14157988838459,30.984355987219363,-0.3971751708155757,-0.0008162876913842,98.0,13.50426811224504,0.0003487044125478,13.504224166666972,13.503613333334217,13.505255000000275,-0.0004783333327686,-1.814377670632421e-07,7.760369324047273,1.000814523858455,1000.0,-0.0286817433780755,4.525363294785714e-05,-0.0029820466170849,0.004120138474595,1.6975541049838655e-05,-4.770176349271593,-0.0074114464354868,-0.0036728128443253,-0.0020099314740049,-0.0010232505082538,-3.9150422771847623e-05,0.0026495623360715,3.1606606606606604,3.472972972972973,-0.0044769583003081,0.0044788643504423,0.0029833160464743,0.0050844043441937,-4.137164160229212,19.516484528963108,True,계산 완료,1.0834186,,0.002584900000000001,46.0,3.2351074600338785e-06,1.0840374198283709,-2.9500000000299233e-06,13.504113333333274,0.016990282,0.009998608999999999,32.93003403034187,38.01191656898937,-6.631017614288684,0.0007493670790481299,-0.0011968367577223082,0.0005848110427851732,0.0005291378550758806,-5.284972109849782,0.003389741117049661,-0.007502092367719371,0.0028865597221423966,0.0029580731499517067,-5.930177074362526,0.0016329257921172703,-0.0033494784602401406,0.0013989600180040283,0.0013733769027153943,-5.052309935118444,0.0043597235911603804,-0.012000189813381246,0.005720970157752572,0.004835313187743236,-4.921374516105475,0.006224903530622772,-0.01074676114907569,0.006324795848561674,0.005451723655962819,-5.132287671930086,0.004481575083279069,-0.008454668683224198,0.0050924795828624385,0.004344050011839887,-4.944887492792992,0.005879075859089703,-0.010326360529052003,0.005796568932565926,0.005030335140067255,-4.589483923996594,0.008398948397185219,-0.015410102105903212,0.009924398882322362,0.00831466802614579,-4.770176349271593,0.002649562336071526,-0.028681743378075525,0.004478864350442381,0.005084404344193794,excluded_target_missing
Batch 2,38,Batch2_038,,False,Target 결측,4.8C(80%)-4.8C(SLOWCYCLE,True,2단계 정전류,4.8,80.0,4.8,False,True,98.0,1.0841066612244898,0.0023070332792291,1.08305785,1.0744981,1.0868007,-0.0022782999999999,-5.2346215787171385e-05,98.0,1.081406236734694,0.0033412613013955,1.0804918,1.058193,1.0842623,-0.0023294,-5.412408367284277e-05,99.0,0.0165849931818181,0.0009500817615473,0.016474467,0.016356453,0.025906378,0.009001521,4.130091465677491e-06,89.0,37.172864442235046,18.11539059202234,34.422232789408525,6.319726247448394,73.5537788966189,-36.97437519691775,0.047700709703664,0.0,,,,,,,,0.0,,,,,,,,98.0,10.168094234693925,0.0117956656089004,10.169826666666388,10.086408333333384,10.17147999999967,-0.0032000000001666,3.6409009106081513e-06,,1.002500610867305,1000.0,-0.036149525403572,-0.0001613130085756,-0.0131482097119456,0.0078080417832118,6.096551648838238e-05,-4.214915735462348,-0.0215338227953228,-0.0188728939895704,-0.014425173889133,-0.0087657006628366,-0.0002141623311327,0.0101071933267337,3.153153153153153,3.4894894894894897,-0.0197358992682736,0.0197358992682736,0.0131482097119456,0.0152898649307701,0.1864693934987631,-0.2890409403255605,True,계산 완료,1.0843664,,0.0024343000000000004,30.0,-5.2346215787171385e-05,1.086750145121742,-3.55700000000278e-05,10.1692773333334,0.016356453,0.009001521000000002,37.172864442235046,,-5.253386851329874,0.003371448323610915,-0.007357983510565158,0.0042201123375888265,0.0036528129947044283,-4.735103357660605,0.006519851089359596,-0.013263144331528087,0.007864904256552572,0.006742346966867437,-4.314200511530113,0.011325170324142042,-0.021449976245371927,0.013452340540349508,0.01134001199286477,-3.877444583130567,0.013723699499927494,-0.03793496746187264,0.029170423244654967,0.02258736161854775,-3.98344546410543,0.013938017723107404,-0.032644922714014646,0.023657600818953593,0.0187586123939176,-3.8332097719526947,0.018202650752422528,-0.037903621347044725,0.02743385530696415,0.021924351503582365,-3.667874571907317,0.022793817666599603,-0.04469760963172609,0.03271184386312574,0.026258519433584863,-3.4842137753373823,0.028885839320198767,-0.05392222475370734,0.0405382263480074,0.032510179897770185,-4.214915735462348,0.010107193326733793,-0.03614952540357205,0.0197358992682736,0.015289864930770154,excluded_target_missing
Batch 2,39,Batch2_039,,False,Target 결측,3.6C(9%)-5C(SLOWCYCLE,True,2단계 정전류,3.6,9.0,5.0,False,True,98.0,1.0712681928571428,0.0025075974977601,1.07089225,1.0637875,1.0742168,-0.0037129,-7.018608151789533e-05,98.0,1.0688427908163265,0.0031858100300301,1.06851035,1.0503762,1.0719606,-0.0034891000000001,-7.060915083934733e-05,99.0,0.0168082214343434,0.0008671602295369,0.016687425,0.016586451,0.025266839,0.008042265,1.7960988620904698e-06,99.0,32.886249589388996,0.2933866924174871,32.90036033518576,30.258042998811614,33.186613338460816,-2.417298757595095,0.0018219955637605,99.0,37.62435433742629,0.4697185442108817,37.61445451194722,36.715382,38.63601253667498,1.2072640205643452,0.0136689999814387,99.0,30.17626444766422,0.2639350483943998,30.214956,29.431343,30.824785,-0.7832510000000035,-6.936850655919226e-05,98.0,10.173386530612175,0.0149285666939895,10.175470833333506,10.090068333333086,10.187816666666183,0.0055750000001957,1.9095797018031176e-05,7.448089889762068,1.0022715203781398,1000.0,-0.0609517978351833,-0.0001908517693426,-0.0345530196501599,0.0208413337918326,0.0004343611942225,-3.3621489805036244,-0.060273495117035,-0.0547969044999101,-0.0387082519989613,-0.0249345354222017,-0.0002603076922699,0.0298623690777083,2.90990990990991,3.4954954954954953,-0.0518627688833121,0.0518627688833121,0.0345530196501599,0.0403464744429138,0.4850189554710639,-1.06956669893821,True,계산 완료,1.072063,,0.0021538000000000945,18.0,-7.018608151789533e-05,1.0748125899737966,-2.577000000001934e-05,10.175516333333363,0.016586451,0.008042265,32.886249589388996,37.62435433742629,-5.219277387191748,0.003931986605083496,-0.0077021309339665445,0.0049192478078828655,0.004094690694331137,-4.557402070313364,0.008767342284680513,-0.016052775651304363,0.010993110379292043,0.009016921768704535,-4.272503458918514,0.012222782484151762,-0.02229347932872483,0.015305647953209297,0.01253988111694593,-3.972379582604857,0.017672354172155513,-0.030877815973903378,0.022215122182327053,0.01804032667910149,-3.9295872442022945,0.014705546925359803,-0.03422459957872015,0.025672418801163922,0.02024829252607119,-3.7779805879504123,0.018078606869683655,-0.039645201370007044,0.030050497277237395,0.02381888499243117,-3.6176975824215587,0.02166061627515317,-0.047152150078430544,0.03597361864457353,0.028552987550139467,-3.4458592685932237,0.0272685888299051,-0.0562504011824243,0.04445357295989949,0.035141515255093556,-3.3621489805036244,0.029862369077708353,-0.06095179783518334,0.051862768883312184,0.04034647444291387,excluded_target_missing
Batch 2,40,Batch2_040,,False,Target 결측,5.2C(58%)-4C(SLOWCYCLE,True,2단계 정전류,5.2,58.0,4.0,False,True,98.0,1.0855828591836734,0.001461731374114,1.08538355,1.0790228,1.0875179,0.0014153000000001,-1.5967939865736655e-05,98.0,1.0820900265306124,0.0108704014038268,1.0828632,0.9765361,1.085065,0.0014768,-1.678475858948223e-05,0.0,,,,,,,,99.0,32.46931392128253,0.2270526537785619,32.498051870993656,30.341598272417755,32.605121067074286,-2.011709252695759,0.0001829284368325,99.0,36.705870270590154,0.4500138280387498,36.739704,35.73872677313257,37.46236706873202,1.5709542268674284,0.012026306943038,99.0,30.062486544911895,0.2542509946815891,30.109245,29.28211959977842,30.659330176424984,-0.6426130000000008,0.0025388417728016,97.0,10.173126718213087,0.0007407249192281,10.17314666666595,10.170991666666426,10.175078333334143,-0.0009483333344793,3.7147728124169287e-06,6.643383725678253,1.0033302596084377,1000.0,-0.0481632102205803,-3.467626324198292e-05,-0.0254758308282517,0.0158647640623452,0.0002516907387538,-3.5991327627900263,-0.047519092446004,-0.0387081275757583,-0.0281245026026354,-0.016364460525011,-6.919620194227098e-05,0.0223436670507473,2.8963963963963963,3.481981981981982,-0.0382400187496271,0.0382400187496271,0.0254758308282517,0.0300076157734137,0.3603088593021749,-1.0950510183408946,True,계산 완료,1.0839667,,0.0035511999999999766,40.0,-1.5967939865736655e-05,1.0863892401468935,2.1899999999989758e-05,10.173128333333395,,,32.46931392128253,36.705870270590154,-5.430285364336002,0.002904194793450665,-0.0061145800238394665,0.003440228387583937,0.0029656259039028327,-4.807320064056052,0.00645872613458498,-0.012370528251403279,0.0072092621027385045,0.006213444000385594,-4.416319011125057,0.010790629049484357,-0.018997680805191597,0.011891876256037666,0.010039456358362396,-4.324302820427586,0.006929012508906346,-0.021994256233405007,0.01761638135245576,0.013593423887621,-4.175306654684298,0.011569190012986341,-0.02595003688095976,0.018449578627591584,0.014756309636073772,-3.9581669290313837,0.016391545089967513,-0.032460287616071226,0.023115677549797833,0.01862452856484802,-3.7682620269934004,0.021193997520915525,-0.039576426980297286,0.02844782700335638,0.023008514811065764,-3.62079171499709,0.0248549328813637,-0.04652413052648263,0.033924627747219264,0.027384931267304253,-3.5991327627900263,0.022343667050747335,-0.048163210220580344,0.03824001874962719,0.030007615773413758,excluded_target_missing
Batch 2,41,Batch2_041,442.0,True,단수명(<500),5.6C(26%)-4.5C,True,2단계 정전류,5.6,26.0,4.5,False,False,99.0,1.1059561515151517,0.001773037623849,1.1059666,1.100491,1.1100254,0.0038331999999998,2.3998204081643843e-05,99.0,1.162239904242424,0.0193846462745086,1.1638564,0.97348362,1.1698282,-0.0077391999999998,-9.027641063696912e-05,0.0,,,,,,,,99.0,30.193787010451164,0.4817260891493039,30.21190845333967,29.233401142433017,31.340328774425895,-0.8319543876078335,-0.0037674534375227,99.0,32.72284623520075,1.327028526340149,32.64987436888579,30.02894882195531,34.98487001858617,-1.9468000000000032,-0.0071892222514803,98.0,29.216579697143363,0.3245124871117503,29.26422355929079,28.373512342449366,29.756599845401094,-1.115457790700006,-0.0034210788300345,98.0,10.189121445578202,0.0284235346696923,10.17710083333368,10.172566666666537,10.256876666666358,0.0001449999991258,2.189931972649652e-05,3.80138350469519,0.9518760928541792,1000.0,-0.0809310492448376,-4.634485615290677e-05,-0.0377682914957012,0.0259438455850183,0.0006730831237392,-3.1719312977577485,-0.0791023160744669,-0.0595575434783842,-0.0375726282617164,-0.0220025128208959,-0.0001043978184012,0.0375550306574882,3.129129129129129,3.484984984984985,-0.0566929418226577,0.0566929418226577,0.0377682914957012,0.0458132500824793,-0.0440532239725759,-1.147794609736286,True,계산 완료,1.1049188,1.108752,0.005106599999999961,90.0,2.3998204081643843e-05,1.1047322431069881,6.312571428569063e-05,10.177705666666686,,,30.193787010451164,32.72284623520075,-5.071336185562546,0.004414389312537542,-0.008893313041680395,0.005726985082419636,0.004788285114280588,-4.423824118419098,0.009361424547714436,-0.019273042624142644,0.012163508557542668,0.010159071892343687,-4.365170482162194,0.009014099116454732,-0.02018993016871906,0.014050640659405114,0.011386954389859642,-4.040385833040697,0.014952479493671733,-0.028856855029816164,0.021197421083846084,0.017020844905784326,-4.257812435561585,0.01130309235854593,-0.021616712052049403,0.015974479605492156,0.012685241983845515,-4.155738340547401,0.010002567896087444,-0.024175678214415797,0.019108337363881574,0.014907550794695218,-4.0145340587876905,0.015919669337104536,-0.029181361021727303,0.021637115432786777,0.01734104512008126,-3.4471746032876838,0.028975409215837883,-0.05772443157304885,0.04141896512608697,0.03342249968528279,-3.1719312977577485,0.03755503065748825,-0.08093104924483757,0.0566929418226577,0.04581325008247936,external_test
Batch 2,42,Batch2_042,474.0,True,단수명(<500),5.2C(50%)-4.25C,True,2단계 정전류,5.2,50.0,4.25,False,False,99.0,1.107131119191919,0.0034315464163681,1.1068239,1.0965439,1.1138375,0.0109155,8.583347433519664e-05,99.0,1.0934261797979798,0.0030253768066203,1.0934455,1.0728074,1.0965075,0.0004006999999999,-2.9166319109449377e-05,0.0,,,,,,,,99.0,31.709620029469267,0.2387806366782298,31.73106848578076,31.226172748017316,32.25449822547921,-0.0809992040290659,-0.0015151127280631,99.0,35.574378964676875,0.4245826094980449,35.60678045656034,34.734642,36.76044310987061,0.9089855583692524,0.009010149803799,99.0,29.68498985507317,0.2595733168009985,29.708812175607903,29.125111,30.179163,-0.5499510000000001,-0.0029265820503029,99.0,10.175111565656564,0.0009416921861807,10.175185000000056,10.172896666666686,10.17743166666672,0.0005350000001875,-5.38662131643638e-06,5.889389109603707,1.0125383992240102,1000.0,-0.0541676249706457,-3.450833605905964e-05,-0.0293407149263684,0.0181519560721716,0.000329493509246,-3.4821531349154515,-0.0534394885658769,-0.0461640195414604,-0.0321771902827734,-0.0186088999132312,-0.0001401248637763,0.0275551196282291,2.90990990990991,3.5,-0.0440414740361019,0.0440414740361019,0.0293407149263684,0.0344969791159635,0.3522600701222339,-1.1696552749695304,True,계산 완료,1.1024443,1.1133598,0.011393200000000103,98.0,8.583347433519664e-05,1.1027536120008243,-9.868571428518357e-06,10.174918666666732,,,31.709620029469267,35.574378964676875,-5.234336893274359,0.0035456610315321435,-0.009434046206368563,0.004304637580165868,0.003742400408454503,-4.351055508251089,0.010297083039632254,-0.02262709254082995,0.012487312579532884,0.010663250887367975,-4.350555821685942,0.011647298725261171,-0.015799647090986135,0.01124534004086896,0.009088452946275794,-3.9396063371501415,0.013971891898685973,-0.035072310747589985,0.025670634724209197,0.020181544903385393,-4.120492649945498,0.010553547919554318,-0.028083085797731444,0.02102292270250716,0.01648821758096125,-3.9005072573467388,0.01770894354633562,-0.034512564511478105,0.026831915212045126,0.02109843662059474,-3.6911328358504094,0.022696915378230154,-0.04296284228916425,0.03355697168803415,0.02651772647143343,-3.564031871923826,0.026205488098678842,-0.052095671456495046,0.038977198984463876,0.030770862666191775,-3.4821531349154515,0.02755511962822918,-0.054167624970645756,0.04404147403610194,0.034496979115963555,external_test
Batch 2,43,Batch2_043,1029.0,True,"장수명(>1,000)",4.8C(80%)-4.8C-newstructure,True,2단계 정전류,4.8,80.0,4.8,True,False,99.0,1.0986638707070708,0.0032284877935201,1.1002626,1.0864434,1.1020488,-0.0008110999999999,-7.295969944339816e-05,99.0,1.0896782777777778,0.0044814026053156,1.0917935,1.0613841,1.0928063,-0.0038418,-8.939536054420596e-05,0.0,,,,,,,,99.0,33.92914533704784,0.4749041661638935,33.919838924819175,32.97215059357895,34.79963596705934,0.7310966062649058,0.0087475069298289,99.0,36.97438163334141,0.7878849805176248,37.09064266312057,35.35804680436083,38.4212899272313,1.1681477825618458,0.0167281164604389,99.0,30.85978941507649,0.191230476667898,30.853706060963223,30.231243,31.46545,0.0741329390367724,0.000247229519513,99.0,10.036751245791278,0.0010507399493892,10.03683833333295,10.034655000000203,10.039461666666709,-0.0015966666670763,6.180272109265321e-06,6.114592218264918,1.0082518008027552,1000.0,-0.0191648421122405,0.0101305068381667,-0.0077783483513934,0.0073168860500417,5.353682146929603e-05,-4.27134740873748,-0.0186436237693091,-0.01308471006857,-0.0092613001443858,9.747730503162724e-05,0.0047752642056382,0.0131821873736017,2.861861861861862,3.15015015015015,-0.0116739313758243,0.0131984408893814,0.0087937144658571,0.0106764220468962,0.3742023497627308,-0.7817920466084418,True,계산 완료,1.0974334,1.0966223,0.004615400000000047,47.0,-7.295969944339816e-05,1.1023848153786842,0.00026642571428571796,10.0362016666667,,,33.92914533704784,36.97438163334141,-4.372627398181881,0.0031858449691270496,-0.00015580326045188877,0.00637100540081614,0.007758062358789213,-4.009881253270446,0.003653581300066988,-2.461681927726125e-05,0.009092656637409326,0.011589798311778107,-3.870217390337697,0.004312662622943565,-6.360680684227757e-05,0.010386451742813265,0.013509148431761755,-4.749514727142364,0.003226934199690788,-0.006051170015380247,0.004732700082277856,0.00429196094464818,-3.8070652834684178,0.0015534365399598737,-0.0003089388626649203,0.008727037105071915,0.01371894695298336,-3.9672245264185864,0.0181861891039442,-0.03815957100656389,0.02041151687597074,0.015739347347691886,-4.25529049418368,0.009248121731926085,-0.011503475002127339,0.01096394377678762,0.00852856739712864,-4.364884901185455,0.010249175803895932,-0.014426309890797295,0.011132160972112164,0.008716867837292419,-4.27134740873748,0.01318218737360172,-0.019164842112240565,0.013198440889381413,0.01067642204689624,external_test
Batch 2,44,Batch2_044,841.0,True,"중간수명(500~1,000)",5.2C(58%)-4C-newstructure,True,2단계 정전류,5.2,58.0,4.0,True,False,99.0,1.0976287414141412,0.0012906300199396,1.0979879,1.0919206,1.0993183,0.0009050999999999,-2.4462076685204973e-05,99.0,1.0886524676767677,0.0114371449804325,1.0903454,0.9765746,1.0910618,-0.0011346999999999,-5.8821062461331305e-05,0.0,,,,,,,,99.0,33.95995836968299,0.1940037206383824,33.96915338566803,33.57534535028545,34.293947030774035,0.3091088008962401,0.0026037817856124,99.0,36.8790253111546,0.3343676092350169,36.971889,36.153274358201514,37.579971,0.7704119999999932,0.0060360639189683,99.0,30.99677660050288,0.1718460220587626,30.989841,30.372488119722743,31.56644186702681,0.2280837063827796,-0.0001237047491521,98.0,10.040506156462564,0.0016746951545686,10.040326666667047,10.039010000000417,10.05137333333308,-0.000213333333523,1.111034618356161e-06,5.8822487106517345,1.008360800724012,1000.0,-0.0203022776205166,0.0001067002640069,-0.0087505726171709,0.0065759047768243,4.324252363386176e-05,-4.364088958508095,-0.019938721916265,-0.0143137585672531,-0.0078137185089288,-0.0041963404726146,4.9149606096797086e-05,0.0101174180946384,2.9084084084084085,3.2177177177177176,-0.0131359526688546,0.0131514522264428,0.0087608953225246,0.0109440304384906,-0.2319479973782673,-1.106403239142095,True,계산 완료,1.09659,1.0974951,0.002728300000000017,49.0,-2.4462076685204973e-05,1.0988763073250871,9.216857142862038e-05,10.040366333333369,,,33.95995836968299,36.8790253111546,-5.5803843430941775,0.0017477305559731038,-0.005760698639068473,0.0023135485851852526,0.0022102030299029334,-5.072798288009998,0.0003533121050292246,-0.0008448419597406609,0.0021080903092109337,0.003082962901301164,-5.280748573957903,0.001516818535671852,-0.003656031277982752,0.002611845183661164,0.0023420168931136878,-5.187860462320054,0.00358050969679103,-0.008596494711887614,0.004424510293044411,0.00389456537061833,-4.911879593720951,0.004532743767891312,-0.011791318585995247,0.006450770582888169,0.005541017568205999,-4.804228184351303,0.008342553336168936,-0.011085039174232425,0.008598236497451206,0.006845404713840139,-4.89312790135825,0.005982883344829118,-0.011624018504873046,0.007141955712359118,0.00595060462057708,-4.598090364039624,0.006628528541020778,-0.016333975442038406,0.010296705830689368,0.00849672156250399,-4.364088958508095,0.01011741809463848,-0.020302277620516618,0.013151452226442865,0.010944030438490623,external_test
Batch 2,45,Batch2_045,997.0,True,"중간수명(500~1,000)",5.6C(26%)-4.5C-newstructure,True,2단계 정전류,5.6,26.0,4.5,True,False,99.0,1.1012188434343433,0.0083555804815894,1.1029439,1.0218376,1.1051185,-0.0034894,-7.610656895484532e-05,99.0,1.0939472282828284,0.0020705291234437,1.0950106,1.087052,1.0961035,-0.0027478999999999,-5.725715151513862e-05,0.0,,,,,,,,99.0,35.271412144027664,0.1227982870567712,35.27689483051215,34.85984591803312,35.54391880499814,-0.4208538133009014,-0.0021461829690374,99.0,37.86687606904902,0.1701089350633024,37.897650154460536,37.449184,38.42024558425599,-0.677349999999997,-0.0029952389903601,99.0,32.537959132830416,0.1735878721528312,32.55783888168579,31.85302379634628,33.022869,-0.1882899999999949,2.8110939299713225e-05,99.0,10.04019055555552,0.0025685133939184,10.040363333333516,10.023244999999102,10.043775000000217,-0.0010466666656903,-1.0259204288266533e-05,5.328916936218611,1.0066474895530029,1000.0,-0.0266704187870865,4.7618008762400016e-05,-0.0111576662855855,0.0081772971818296,6.686818919995865e-05,-4.174780430902203,-0.0257812723760146,-0.0171872802685354,-0.0095658113978164,-0.0060718756987233,2.91518397981683e-05,0.011115404569812,2.9864864864864864,3.4864864864864864,-0.0167490733175148,0.0167571724866765,0.0111630662928567,0.0138309377104826,-0.3306120082060121,-0.9291173231805274,True,계산 완료,1.1030351,1.0995457,0.0020833999999998465,12.0,-7.610656895484532e-05,1.105100278451041,-0.0002151285714284928,10.040267666666622,,,35.271412144027664,37.86687606904902,-6.328680846493957,0.0004720954069788196,-0.0013222972479129957,0.0007788760865379029,0.0007045504888793046,-5.506439242312353,0.002373172949874422,-0.005333497587822644,0.002527961144146354,0.0022834304006375985,-5.1529615510869204,0.0034478644656838475,-0.008480413551131827,0.004255701528200583,0.0038218953013861145,-4.790711874782454,0.005516931279877291,-0.012848731880784614,0.007063531963568916,0.00618987431275337,-4.488323892609792,0.008220469762429822,-0.01805599623112164,0.010257971341199566,0.008889560808526644,-4.541192753913168,0.004323607477333236,-0.017524895766225956,0.01369530903776596,0.010583198458464537,-4.5186736667881,0.00645428120594943,-0.01806191172337368,0.011511788931851476,0.009436444694021145,-4.37045881073131,0.00840445302610382,-0.02141826147528081,0.01371853661164309,0.011215774288007217,-4.174780430902203,0.011115404569812068,-0.026670418787086536,0.016757172486676578,0.01383093771048264,external_test
Batch 2,46,Batch2_046,503.0,True,"중간수명(500~1,000)",4.8C(80%)-4.8C,True,2단계 정전류,4.8,80.0,4.8,False,False,99.0,1.102562018181818,0.002316781567631,1.1025497,1.0956482,1.1070809,-0.0010977,1.9638269635137816e-05,99.0,1.0928871761616163,0.0149981866715148,1.094893,0.94582784,1.0969466,-0.0022928999999998,-1.5745129499064266e-05,0.0,,,,,,,,99.0,29.88150861827619,0.3239655549825673,29.84981627296423,29.35655559630028,30.615660685382913,0.4463918335112069,0.0005269223783026,99.0,31.01220065415558,0.4115536353568362,30.950703,30.32559591994819,31.867259462197975,0.7850989999999989,0.0024553765984786,98.0,28.93602908617419,0.4487334618467923,28.926315918594177,27.912966565573445,29.839709840952832,0.723871979823457,0.0004708025552966,98.0,10.169808435374172,0.0010267786740188,10.169789166667034,10.167883333332917,10.17221333333485,-0.0026483333334912,-9.905776554923065e-06,2.368454690063961,1.0090577787728026,1000.0,-0.0528624050082824,0.0021619334239458,-0.0228342986319132,0.0176108245131248,0.000310141140032,-3.50844061964437,-0.0515220805716148,-0.0374091590168196,-0.0225728410179631,-0.0113093428107611,0.0005756620829485,0.0260998162060585,2.9594594594594597,3.1636636636636637,-0.0342764681745739,0.0345996184265362,0.0230495166997201,0.0288311670402611,-0.1341244112520178,-1.2034508123030656,True,계산 완료,1.100943,1.0998453,0.006137899999999918,81.0,1.9638269635137816e-05,1.1015604664304264,-0.00016797142857142937,10.169781000000075,,,29.88150861827619,31.01220065415558,-5.405527729876546,0.002610183878565905,-0.004793998764736074,0.0025826288485923756,0.00232496614329535,-4.846780471454779,0.004172026311314906,-0.0067500482281677154,0.004537436963335313,0.004155254244776824,-4.376744554988068,0.009525044055018389,-0.019860917335998596,0.011176484936292983,0.009814625885440314,-4.714924403572624,0.008442484956506733,-0.010720319205771212,0.008122014237733965,0.006400102843479627,-4.424794423485072,0.010035416473887764,-0.014507991421758737,0.010102004246908255,0.008199959241592525,-3.892610345517015,0.017836066758019173,-0.034692553526110115,0.021749266967027333,0.01837297016125401,-3.786901098886123,0.020889607882348088,-0.03855653286281058,0.02550319368427343,0.021208404890686924,-3.8219387128721474,0.019443081408434815,-0.03644498452014855,0.02495057253681306,0.020573425361488228,-3.50844061964437,0.0260998162060585,-0.05286240500828243,0.034599618426536236,0.028831167040261164,external_test
Batch 3,0,Batch3_000,1009.0,True,"장수명(>1,000)",5C(67%)-4C-newstructure,True,2단계 정전류,5.0,67.0,4.0,True,False,99.0,1.0703864353535353,0.0006524584907139,1.0705535,1.0674551,1.0713712,0.0019992999999998,-5.3461954236085565e-06,99.0,1.0700443383838385,0.000676776777884,1.0701956,1.0669638,1.0709863,0.0021378,-4.488176870741918e-06,99.0,0.0152358522828282,3.5433281630739045e-05,0.015232213,0.015180224,0.015398955,-0.000128412,-1.5616889301163938e-07,99.0,32.194853230782606,0.1204110915281078,32.17311748654524,31.998853529279575,32.5298567788915,0.0712512406343393,0.0025353106184136,99.0,33.560153344027476,0.1642435517091148,33.540382,33.257191,33.974361,0.2809755578297555,0.0044144632705241,99.0,30.855734541604228,0.1226436019842802,30.829109,30.64265223387281,31.20658935752329,-0.0581569999999977,0.0016685529676045,99.0,10.042610084175084,0.0015598126118365,10.042381666666673,10.04055333333381,10.052676666666471,-0.0009866666662379,-1.1066378066198143e-05,2.704418802423245,1.0003197203867855,1000.0,-0.0233116574274743,4.195191073483144e-05,-0.0101021773936911,0.007545010017569,5.6927176165217626e-05,-4.244680350914678,-0.022689806741428,-0.0164766068734774,-0.0093294256103952,-0.0041768503972522,3.3313810039257206e-05,0.0122997564762251,2.873873873873874,3.387387387387387,-0.0151656085519976,0.0151784545659221,0.0101107364520587,0.0126065156598743,-0.195414865711608,-1.1717402871368614,True,계산 완료,1.0674551,1.0694544,0.003916099999999867,29.0,-5.3461954236085565e-06,1.07065909132014,-1.0408571428597902e-05,10.044530999999989,0.015180224,-0.00012841200000000136,32.194853230782606,33.560153344027476,-5.777826180909116,0.00047651237003343283,-0.0011092580337460634,0.000990809980816265,0.0013070947793827102,-5.570364614423291,0.0013606524661235826,-0.0033545004032521364,0.001725189627931302,0.0017349596823625628,-5.2742893375744675,0.003652015620120916,-0.006491425991556499,0.0033699340017455904,0.002989407504648441,-5.004255412056558,0.004297797298445836,-0.00816592643753844,0.004595887047041794,0.003950378638161381,-4.82487006020648,0.006040376546735119,-0.010765215447049559,0.006165324582045255,0.005240243043313184,-4.588536594494299,0.008245932627386487,-0.015631459294977557,0.009365725926143667,0.008020128711846831,-4.468918419445943,0.009501384606387248,-0.018073438355543536,0.011048062300504301,0.009373382979966758,-4.452222912298316,0.010851524423879967,-0.017300288030181132,0.010310939226587395,0.008691962301397434,-4.244680350914678,0.012299756476225165,-0.02331165742747432,0.015178454565922109,0.012606515659874369,additional_test
Batch 3,1,Batch3_001,1063.0,True,"장수명(>1,000)",5.3C(54%)-4C-newstructure,True,2단계 정전류,5.3,54.0,4.0,True,False,99.0,1.0677216717171716,0.0007058329505554,1.0678484,1.0650603,1.0687399,0.0014174,-1.4719340754471104e-05,99.0,1.0673237272727272,0.0007384970926694,1.0674317,1.064267,1.0683081,0.0017540999999998,-1.4178430426700532e-05,99.0,0.014984559090909,4.1031418581347806e-05,0.01497373,0.014931546,0.015162034,-0.000102823,2.7511594310466097e-07,99.0,34.83231929224147,0.1536439283503411,34.825948205381735,34.591181827223586,35.19805729886823,0.2718717211651196,0.0043115371726276,99.0,37.98835277556221,0.260396156132674,37.999934361617576,37.43391293151932,38.707848,0.560181,0.0084759560272813,99.0,31.57773904653022,0.1383540849664408,31.567654,31.221146,31.908182,0.1374150000000007,0.0024385839831729,99.0,10.041381363636305,0.0007647989807925,10.041276666666574,10.04006333333285,10.043931666666564,0.0021266666672694,1.6888682750166684e-06,6.410613729032,1.0003728671422552,1000.0,-0.0223241775540682,-0.0001521155402265,-0.0096210189293608,0.0072018803307263,5.186708029810318e-05,-4.285108190251883,-0.021868104544524,-0.0156531850050686,-0.0084224911627942,-0.0041208122793011,-0.0001696503745382,0.0115323727257674,2.903903903903904,3.3213213213213213,-0.0144430127320724,0.0144430127320724,0.0096210189293608,0.0120157903800342,-0.2867999228649912,-1.1236104130337805,True,계산 완료,1.0650603,1.0664777,0.003679599999999894,31.0,-1.4719340754471105e-05,1.0684723580956503,-3.514285714281373e-05,10.041138666666567,0.014931546,-0.00010282300000000015,34.83231929224147,37.98835277556221,-5.642306297711121,0.00047973775891263504,-0.0012018334751396909,0.001070567271973424,0.001521752357311533,-5.541774303246133,0.0011239203733823143,-0.0028685944434212463,0.0016386249883063554,0.0017346655108002123,-5.320981736220826,0.0028513141482155837,-0.005664621719739249,0.00294020078526234,0.002657566434894667,-5.046827906910549,0.004089819901455207,-0.007571709327566567,0.0041743465159037665,0.003666853352812294,-4.8635677344028165,0.005582310924622945,-0.009798593873395434,0.0056038963574237865,0.00478122077869982,-4.6515596707587035,0.007303944582829458,-0.0143301219934997,0.008389132534027118,0.007268968346473408,-4.476226149388298,0.00915265830738235,-0.01769838503812815,0.010888268414196227,0.009272269766329843,-4.495679115234031,0.009004939669551293,-0.016999215378713406,0.01020134686635829,0.008616267781020252,-4.285108190251883,0.011532372725767459,-0.022324177554068236,0.0144430127320724,0.01201579038003429,additional_test
Batch 3,2,Batch3_002,1267.0,True,"장수명(>1,000)",5.6C(19%)-4.6C-newstructure,True,2단계 정전류,5.6,19.0,4.6,True,False,99.0,1.0620735151515153,0.0007432407954856,1.0622195,1.0606135,1.0632137,-0.0002044999999999,-2.0391179962882983e-05,99.0,1.061423983838384,0.000740058381137,1.0615766,1.0599174,1.0625472,0.0001915999999999,-1.9499960420521128e-05,99.0,0.0146185666161616,8.237328281183231e-05,0.014615634,0.014437579,0.01489381,-0.00041669,-1.444220964749326e-06,99.0,36.79033178065713,0.3823488843634725,36.78288218385256,35.95211235130107,37.602798797536,1.2723568360295303,0.0092054583105617,99.0,40.5242590441136,0.5051644049000631,40.479649,39.49761471615167,41.645876083931206,2.148261367779533,0.011700505084135,99.0,32.361787809528934,0.1896949881877905,32.349602,31.90753,32.771271,0.4662761748197113,0.0045455133058446,99.0,10.043663265993228,0.0010015276290857,10.043701666666312,10.040879999999984,10.050170000000314,0.0002083333335285,2.628241599219693e-06,8.162471234584665,1.0006119450431803,1000.0,-0.0086480383416137,0.010524237005879,-0.0026131423354832,0.0040787488178763,1.6636191919327444e-05,-4.778946052041562,-0.0082241341705593,-0.0049762159848292,-0.003327763395361,-4.4718533201443584e-05,0.0071116550629275,0.0049314974516277,3.159159159159159,3.063063063063063,-0.0039217182540802,0.0059455058328239,0.0039609848629265,0.0048423205793196,1.256428729691488,1.9868579988438675,True,계산 완료,1.060818,1.0606135,0.0023956999999998896,17.0,-2.0391179962882983e-05,1.0631134653296224,-6.168857142857546e-05,10.044049666666687,0.014437579,-0.0004166900000000008,36.79033178065713,40.5242590441136,-4.690467327679449,0.0025512006762613004,-0.0002393881793097026,0.004351903114243057,0.005318619002342288,-5.064464234502403,0.0007567973213487035,-0.012709443998821068,0.002628467781359004,0.002940289901392637,-4.288137549727816,0.002742188349556196,-2.6432312661799724e-05,0.006436788471980275,0.008356051451519254,-5.102919396201958,0.0004814257158054021,-0.005283776720500122,0.002103232682167537,0.002861259728607306,-5.054008874974066,0.0013083037801199452,-0.0049977597772292714,0.0028504057171601714,0.0029724502299215767,-4.897642800022222,0.0020031815418235493,-0.007958880560584691,0.003622772996331397,0.0035895716391324724,-4.689042507266264,0.0022815587045917933,-0.005919940492157688,0.004563807440986807,0.00453766207948843,-4.94580430363529,0.004360155581186986,-0.009584617769831605,0.005331012266996697,0.004299984891900406,-4.778946052041562,0.00493149745162778,-0.008648038341613706,0.005945505832823994,0.00484232057931969,additional_test
Batch 3,3,Batch3_003,1115.0,True,"장수명(>1,000)",5.6C(36%)-4.3C-newstructure,True,2단계 정전류,5.6,36.0,4.3,True,False,99.0,1.0646530202020204,0.0006100444145723,1.0647986,1.0628892,1.0655342,0.0007053999999999,-1.2654854669133096e-05,99.0,1.0640129565656564,0.0006219652359472,1.0641527,1.0622263,1.0649304,0.0006720999999998,-1.2276405689535048e-05,99.0,0.0149999637676767,3.023814259656783e-05,0.014999975,0.014885032,0.01506798,5.60549999999993e-05,6.697871243045151e-07,99.0,36.08374244976545,0.1438549943743707,36.06830316612221,35.767692022743546,36.4142385887206,0.013729197589825,0.0025604558138296,99.0,39.4408972847914,0.2499716035877792,39.449645663816135,38.92644024403764,40.076626,-0.020382000000005,0.0047241027808925,99.0,32.17067620845048,0.1420287286515297,32.159988,31.780437,32.492836143602545,0.1098355392973147,0.0028050558516458,99.0,10.041502946127975,0.0010274324555585,10.04134666666602,10.040026666666382,10.048833333334189,-0.001556666666632,-7.175716347640011e-06,7.270221076340922,1.000601565171875,1000.0,-0.0268366147351127,7.254636391688842e-05,-0.0107054143527131,0.0087480925844476,7.652912386606728e-05,-4.116173252932287,-0.0264533158053753,-0.0175792324304507,-0.0084562395565054,-0.0041585922708686,6.106816527726048e-05,0.0134206401595821,2.93993993993994,3.478978978978979,-0.0160714072317855,0.0160945579589623,0.0107208378973826,0.0138223909366461,-0.480270298045744,-1.0194973062739443,True,계산 완료,1.0628892,1.0635946,0.0026450000000000085,31.0,-1.2654854669133096e-05,1.0652984177901461,-5.401714285709272e-05,10.042065333333351,0.014885032,5.60549999999993e-05,36.08374244976545,39.4408972847914,-5.504801196283478,0.0009395964439898874,-0.002545848004703255,0.0014741028766081092,0.0017910840418073157,-5.28227236436714,0.0027438308317290494,-0.007228869492186929,0.0028198214431084828,0.0029175562663935387,-5.015630568570755,0.0039000682535206277,-0.009366004779670978,0.0044392389584463,0.004232905575179737,-4.852857490703067,0.004893008817137334,-0.011210595116539546,0.005604779006316797,0.005159354535247895,-4.742473264214495,0.005613795000660449,-0.012945202198557215,0.006757575095130301,0.00600356672216094,-4.458825261015014,0.008275533971090265,-0.01793507270313277,0.009813984549856599,0.008781096557991763,-4.29697111911749,0.01038759614003193,-0.021529828124597805,0.012359127707254551,0.010855705034080504,-4.3075976836841035,0.010444076891005849,-0.02173780966892258,0.012398844957134931,0.010779377879555603,-4.116173252932288,0.013420640159582109,-0.026836614735112785,0.01609455795896238,0.013822390936646178,additional_test
Batch 3,4,Batch3_004,1048.0,True,"장수명(>1,000)",5.6C(19%)-4.6C-newstructure,True,2단계 정전류,5.6,19.0,4.6,True,False,99.0,1.0745377696969698,0.0004883712387389,1.0746464,1.0724765,1.075265,0.0013821,-5.233104514519339e-06,99.0,1.0741515727272728,0.0004934506233839,1.0742841,1.0718852,1.0749348,0.0015988999999998,-4.891442176861538e-06,99.0,0.0151291039090909,3.1230259826953034e-05,0.015128483,0.015085269,0.015246842,-6.733400000000049e-05,4.5765046382289555e-08,99.0,32.11715379681872,0.1187140086428161,32.10085793038442,31.86178263702605,32.45180501433001,0.0945741235319701,0.0023786821949321,99.0,32.98110366119803,0.13157105834698,32.96263391373208,32.60164967465904,33.39357830787951,0.0051006988159514,0.0023596163441576,99.0,31.173947334843884,0.1307611737293963,31.160994,30.86325642415428,31.485430784467283,0.0386481417923505,0.0022085885338302,99.0,10.045573973063998,0.0010550067356471,10.04579500000012,10.041718333333847,10.046983333333628,0.0022083333334492,-4.828220983344075e-06,1.8071563263541333,1.0003595404871368,1000.0,-0.024810275761238,-4.890704243583474e-05,-0.0101064388689067,0.0081467505632853,6.636954474039026e-05,-4.178031154832222,-0.0241937038723088,-0.0168351122013415,-0.0080632844424827,-0.0037157820891782,-5.760323405052072e-05,0.0131193301121633,2.9834834834834836,3.406906906906907,-0.0151724863208352,0.0151724863208352,0.0101064388689067,0.0129785700986895,-0.4365144978334361,-1.1076539445166191,True,계산 완료,1.0724765,1.0738586,0.0027884999999998605,32.0,-5.233104514519339e-06,1.0748046580272108,-2.2117142857112206e-05,10.045031333333366,0.015085269,-6.733400000000049e-05,32.11715379681872,32.98110366119803,-5.899021668814503,0.0006331177297291268,-0.0018057384540295374,0.0008302185250244223,0.001123183252955253,-5.788131473102862,0.0014901561585107803,-0.003018060982605153,0.001360268092967891,0.0013325374732291258,-5.1456196953663,0.003918115244623835,-0.007809298909232654,0.003385064132098308,0.003432847241227485,-5.1245669708891075,0.003934458228500803,-0.0074520147620080746,0.0035927505494685076,0.0033929637813714846,-4.808763403300598,0.0057191326890421446,-0.011278739558417072,0.0059209690034629624,0.005381672691024557,-4.514842559440664,0.00859929039670427,-0.016702431581347765,0.009399464945682038,0.008350369831813063,-4.427174037044643,0.009569625745050214,-0.01842586758916165,0.010575049173742967,0.00932591623090309,-4.36898312187428,0.010427178668705905,-0.01946295714447077,0.011494683645124688,0.010016719653832048,-4.178031154832222,0.013119330112163374,-0.024810275761238065,0.015172486320835205,0.012978570098689555,additional_test
Batch 3,5,Batch3_005,828.0,True,"중간수명(500~1,000)",5.6C(36%)-4.3C-newstructure,True,2단계 정전류,5.6,36.0,4.3,True,False,99.0,1.0531571414141414,0.000647374925121,1.0533998,1.0514506,1.0540558,0.0004009,-1.602090043288399e-05,99.0,1.052654377777778,0.0006798202144618,1.0529329,1.0502399,1.0535078,0.0010989999999999,-1.532084848483424e-05,99.0,0.015182618050505,4.585984275504911e-05,0.015176915,0.015130546,0.015374157,-0.0001672339999999,-2.4550564007403305e-07,99.0,35.56013985266867,0.390751291150708,35.45367843309752,35.01898500010497,36.48104245332522,0.9239847359480748,0.0068203991837604,99.0,39.69079276471186,0.2803682423603375,39.71212,39.128651,40.19554382518285,0.6066019999999952,0.0080301866576486,99.0,32.25708891393413,0.2638388013635576,32.268848,31.605618939619383,32.812687,0.4108774250529308,0.0078671692375959,99.0,10.042010656565727,0.0006947048598589,10.042009999999816,10.039908333333248,10.043693333333552,0.0016933333329998,-4.160379292295397e-07,7.433703850777719,1.000477640219104,1000.0,-0.0254450982463654,0.0002130787292885,-0.0114457654376924,0.0087701146030172,7.691491015005661e-05,-4.113989457306141,-0.0251504637526387,-0.0193160291068407,-0.0107839168262687,-0.0040032172431171,0.0002006636507309,0.0153128118637235,2.8843843843843846,3.34984984984985,-0.0171833080114562,0.0172810514284589,0.0115110146761396,0.0144167798656489,-0.1632270429028078,-1.2851521427273795,True,계산 완료,1.0514506,1.0518515,0.0026052000000000852,33.0,-1.602090043288399e-05,1.0539742073362188,-3.086285714283096e-05,10.041910000000012,0.015130546,-0.00016723399999999874,35.56013985266867,39.69079276471186,-5.447983335022846,0.0004517860523218231,-0.0007343645933192144,0.0013741661491069386,0.002011845689551253,-5.428520576137317,0.0015943771304723778,-0.0031320684604164706,0.0018981749737096891,0.0019545254714007235,-5.138160591822163,0.0045114450675967826,-0.006862792209895607,0.003962348546053521,0.0034800063210530035,-4.933936976363713,0.005647535049662474,-0.008758361452927299,0.0052002415985735965,0.00442418034032362,-4.729578387133749,0.0070510298149546605,-0.010975915663681945,0.006733336517917246,0.005672830246636288,-4.537879950390736,0.009258395436217703,-0.015328144492370077,0.009595055230764458,0.008171865254784473,-4.349219906820483,0.011568146483347308,-0.01931499570834927,0.012502611337988398,0.010610195372855005,-4.322708861109099,0.011921965466523576,-0.019565603463948755,0.012464248292156236,0.010485151947419781,-4.113989457306141,0.015312811863723574,-0.025445098246365427,0.017281051428458958,0.014416779865648998,additional_test
Batch 3,6,Batch3_006,667.0,True,"중간수명(500~1,000)",3.7C(31%)-5.9C-newstructure,True,2단계 정전류,3.7,31.0,5.9,True,False,99.0,1.053759712121212,0.0058169262296928,1.0537841,1.04378,1.0630716,-0.0188323999999999,-0.0002023977884972,99.0,1.0534578171717173,0.0058410630057159,1.0533875,1.0434068,1.0627916,-0.0188159999999999,-0.0002032054112554,99.0,0.0137306609393939,8.242027386966992e-05,0.013750632,0.013527169,0.013858472,0.0003201479999999,2.6704043661101586e-06,99.0,34.1072055276095,0.2054342920682765,34.10632121690864,33.63793138090202,34.692612457270776,0.0544259664580337,0.0018376703831058,99.0,36.98765147763979,0.2592318110704458,37.03875,36.33948354054216,37.461433,0.6202077636077448,0.00831207127023,99.0,31.41879966190876,0.1552985081129068,31.400715,30.943061172088377,31.777714,0.0794055597084977,0.0035353118191007,99.0,10.080923367003404,0.0172243691849959,10.077968333333168,10.058943333333202,10.119386666666832,0.0544933333333261,0.000566477901465,5.568851815731026,1.0002867115756875,1000.0,-0.0532016465912453,0.0002572058476403,-0.0285175611004537,0.017272816506029,0.0002983501900509,-3.525273679715821,-0.0526117535714378,-0.0420384166849904,-0.0309291392401992,-0.0225306693848645,0.0002339477555337,0.0195077473001259,2.9294294294294296,3.3543543543543546,-0.0428026573558726,0.0429012114441658,0.0285833754302791,0.0333362135069208,0.483884760625972,-0.8654053648248254,True,계산 완료,1.0626124,1.04378,0.00045920000000010397,5.0,-0.00020239778849721237,1.0640819993345703,-0.0002232285714285563,10.06247166666663,0.013527169,0.00032014799999999927,34.1072055276095,36.98765147763979,-5.330176209179793,0.0041425188984700895,-0.005680925463348974,0.004550168710135707,0.0034756169285454904,-4.851832791132911,0.00695118974438734,-0.010565789902656442,0.008183016057423557,0.006332200662563343,-4.455445051440616,0.005931435679836394,-0.01808405088924503,0.013647067611679775,0.010667263305655813,-4.244675844760359,0.007458838931255957,-0.023111983877736053,0.01780224653602981,0.013881168477808056,-4.127713696013616,0.01194850003164849,-0.025762429197892067,0.019990659477451628,0.015574270289211333,-3.925297675533746,0.010556843558399448,-0.033658574696628474,0.026461875165911405,0.020596982555842396,-3.739893630481453,0.014742358254066057,-0.041732880342650325,0.033035334448527465,0.025728521202302096,-3.6759440287342495,0.014931587908372596,-0.04466623617143173,0.03565946291574662,0.027725534794109472,-3.525273679715821,0.019507747300125916,-0.05320164659124538,0.04290121144416589,0.03333621350692088,additional_test
Batch 3,7,Batch3_007,1836.0,True,"장수명(>1,000)",4.8C(80%)-4.8C-newstructure,True,2단계 정전류,4.8,80.0,4.8,True,False,99.0,1.0701774252525251,0.0006324969512459,1.0703373,1.0675218,1.070919,0.0009525000000001,-2.3574483611497995e-06,99.0,1.0700308262626264,0.0007653811190945,1.0702132,1.066785,1.0708741,0.0028540999999999,-2.8666295609049983e-06,99.0,0.0154282655151515,3.3108294788516936e-05,0.015425878,0.015372629,0.015535541,-3.5402999999999823e-05,2.541466048238507e-07,99.0,32.79694473003086,0.1188253414904065,32.77304781483688,32.62100410108906,33.15155088982042,-0.0006730263025218,0.0017516854935782,99.0,34.27477909930834,0.1339747105975379,34.252528221181315,33.90802559849696,34.60008198094648,-0.0445412206243176,0.0024054101753195,99.0,31.247996106583223,0.1281001082743101,31.21727,31.00022334239158,31.624374800630196,0.181909000000001,0.0010797135391958,99.0,11.040740218855252,0.005985310597648,11.038663333333291,11.035356666666242,11.056544999999945,0.0011983333327716,-6.724036280458868e-06,3.026782992725108,1.0001372628264218,1000.0,-0.0170590218350703,0.0001661247197757,-0.0070377790148798,0.0056996234143197,3.248570706506192e-05,-4.488307662825104,-0.016574193340835,-0.0121565894166195,-0.0057563811837973,-0.0024939803379401,0.0001520945910498,0.0096626090786794,2.8933933933933935,3.4744744744744747,-0.0105657303084874,0.010637990959671,0.0070860304726872,0.0090544770594595,-0.3412950887984842,-1.2007655064954617,True,계산 완료,1.0675218,1.0684743,0.003397199999999989,18.0,-2.3574483611497995e-06,1.0702976551189443,-0.0001631999999999295,11.041577333333311,0.015372629,-3.5402999999999823e-05,32.79694473003086,34.27477909930834,-5.769910019016376,0.0004030230851841954,0.00014990616467353582,0.0016984237084235884,0.0017255435393887172,-5.5735352223595465,0.0006564082465260745,-0.0013867533561942036,0.0013633506931277801,0.0017162770411350988,-5.525066655905791,0.0024912649506705587,-0.004423400364326757,0.0020936497000934658,0.0020178646539273197,-5.119436233235881,0.00209653569703079,-0.004673189130589672,0.002661640677013498,0.00279009036475006,-5.094360758937112,0.003778204147152853,-0.007349033347218703,0.003767152310368368,0.003409501680555736,-4.833627336430853,0.006536109524915762,-0.011359050082402344,0.00654612990546774,0.005793457762382183,-4.7620517577503785,0.006810452788902188,-0.012658152729315697,0.007216144352455494,0.006298066820688534,-4.634930175057454,0.008013994147825804,-0.014566131446326569,0.00858028394358655,0.007424355098680427,-4.488307662825104,0.00966260907867944,-0.017059021835070354,0.010637990959671002,0.009054477059459588,additional_test
Batch 3,8,Batch3_008,828.0,True,"중간수명(500~1,000)",5C(67%)-4C-newstructure,True,2단계 정전류,5.0,67.0,4.0,True,False,99.0,1.068006090909091,0.0006720693559464,1.0682427,1.0647362,1.0687144,0.0022898,-3.3089511440868757e-06,99.0,1.0680348515151514,0.000716770546407,1.0682882,1.0644197,1.0687246,0.0026988999999999,-2.655476808891244e-06,99.0,0.0152533193535353,3.807876829900947e-05,0.01524828,0.01520093,0.015438134,-0.0001726809999999,-5.310785157698171e-07,99.0,33.05552416009523,0.1274647332285884,33.04390415335477,32.839802816488366,33.40101791366311,0.1750914048224388,0.0029075295990884,99.0,35.07929651965403,0.1993418374637332,35.07421004789892,34.676776096410094,35.5458971642776,0.5460073144959949,0.0058870620361654,99.0,31.260917689703437,0.1346967388884798,31.243293281331503,30.969942,31.881806545605173,0.194784000000002,0.0018615102578466,99.0,10.043270673400722,0.0010315580514673,10.043123333332671,10.041443333333396,10.049093333333197,-0.0008500000001117,-4.73252937492612e-06,3.8183788299505887,0.999973100484903,1000.0,-0.0268489706128323,3.896464001430355e-06,-0.011806368426415,0.009001510183956,8.102718559186449e-05,-4.091369240308494,-0.0264758347755549,-0.0201220918873427,-0.010666217454271,-0.0039551953063781,-2.217214465813292e-05,0.0161668965809645,2.9129129129129128,3.5,-0.0177247225343375,0.0177247525313984,0.0118063923009216,0.0148437358446761,-0.2153952162873653,-1.2795482925833033,True,계산 완료,1.0647362,1.067026,0.003978199999999932,34.0,-3.3089511440868757e-06,1.0681748474174397,-4.8791428571413636e-05,10.044950000000002,0.01520093,-0.00017268099999999918,33.05552416009523,35.07929651965403,-6.115049740399098,0.0010782414108964295,-0.001784110893583768,0.000927267939341026,0.000937367150696202,-5.603529370392245,0.002470276634964773,-0.004077727271202147,0.0019689970680704773,0.0018687169237498959,-5.15809535873367,0.004106172920960438,-0.007203220297071544,0.00368389424600987,0.0033730481835351337,-5.014610760439852,0.004959702760038487,-0.008984161235592869,0.004663889106487714,0.004153142524870087,-4.773253455862124,0.006716993312193581,-0.012524141488837515,0.00687569430520928,0.006061351545399588,-4.451814763185709,0.010403651472355058,-0.017881435467476114,0.011032144823236582,0.009449669241224243,-4.383789034358249,0.011229193625295647,-0.01964255631369083,0.01210547460746296,0.010310230637091015,-4.240842461436257,0.013418883769194919,-0.022777427803497563,0.014347964077037052,0.012158767684282333,-4.091369240308494,0.016166896580964568,-0.026848970612832312,0.017724752531398498,0.014843735844676121,additional_test
Batch 3,9,Batch3_009,1039.0,True,"장수명(>1,000)",5.3C(54%)-4C-newstructure,True,2단계 정전류,5.3,54.0,4.0,True,False,99.0,1.0728593262626265,0.0005937099552272,1.0729898,1.0694826,1.0733707,0.002963,6.68053184918111e-07,99.0,1.0726067080808084,0.0006506437717285,1.0727581,1.0688168,1.0731655,0.0033661,1.643434755729697e-06,99.0,0.0157985837979798,3.756646334463858e-05,0.015791984,0.015742281,0.015903223,-2.9396000000000977e-05,4.882702906619216e-07,99.0,33.08832983925303,0.1185046955272991,33.07601025115482,32.87884640065013,33.518088130947284,0.141938632172625,0.0022612551246152,99.0,35.09617884754773,0.1944193240485211,35.090446,34.60389607627136,35.6854391223452,0.7390439999999998,0.0056613045793953,99.0,31.30390667786535,0.1346600669253956,31.288576675352843,31.020124803456543,31.89802381238892,-0.023025758850661,0.0014638393587448,99.0,10.04115065656567,0.0028892780506399,10.041699999999643,10.024794999999964,10.043338333333184,-0.0010399999999197,-2.2548958971222413e-06,3.792272169682375,1.0002355517335513,1000.0,-0.0295752747869662,-0.0001719822125222,-0.014478011810756,0.0102110118308749,0.0001042647626102,-3.9818624370687656,-0.0293708731624344,-0.0242818188279658,-0.0135434786885227,-0.0058580841497572,-0.0002375905984196,0.0184237346782085,2.96996996996997,3.4984984984984986,-0.0217348976188978,0.0217348976188978,0.014478011810756,0.0177136479540508,-0.0559325417930757,-1.34795260757913,True,계산 완료,1.0694826,1.0724456,0.00388809999999995,16.0,6.68053184918111e-07,1.0728252555501958,3.542857142915579e-06,10.041749333333332,0.015742281,-2.9396000000000977e-05,33.08832983925303,35.09617884754773,-6.104440622451445,0.0015043359119721366,-0.002848930670163896,0.0012057470910863779,0.001172624475359495,-5.530379839735769,0.0033029422180759216,-0.004908346315726231,0.0027606788157865953,0.002515187820804947,-4.94563739523276,0.006360339840910223,-0.010155428626926977,0.005957652390231753,0.005202768686753728,-4.905246207372378,0.006145455329775923,-0.010747870081668331,0.006589327719861617,0.0056268323146695855,-4.619350125714292,0.008539814582659344,-0.014691061628191893,0.009774016289822631,0.008147886243618124,-4.310449711044712,0.012998924417835955,-0.020196147002013,0.014174515597334264,0.011748395334528794,-4.245273877221999,0.013293883426837128,-0.021985768025515218,0.01563063428850061,0.01285286274695012,-4.115908757602171,0.015469799355813302,-0.025328529365222896,0.01832569880926533,0.01501695391375325,-3.9818624370687656,0.01842373467820857,-0.0295752747869662,0.021734897618897873,0.017713647954050834,additional_test
Batch 3,10,Batch3_010,1078.0,True,"장수명(>1,000)",4.8C(80%)-4.8C-newstructure,True,2단계 정전류,4.8,80.0,4.8,True,False,99.0,1.06437858989899,0.0006076820119536,1.0644875,1.0617746,1.0650008,0.0006163000000001,-2.8759653679527743e-06,99.0,1.064068297979798,0.0008000200489808,1.064301,1.0593048,1.0647596,0.0023577999999999,9.761001855422885e-07,99.0,0.0153730747171717,3.740292950685419e-05,0.015364289,0.015318613,0.015551002,-0.0001438639999999,-9.643763760036797e-08,99.0,32.5348014795901,0.1140450882000788,32.50303224685033,32.33873469239691,32.84450815447289,0.0595692469954869,0.0021514000487868,99.0,34.79216549532189,0.1514918498595333,34.77507297212849,34.48403893556191,35.20887742320281,0.3362156752037748,0.0040513494180139,99.0,30.68763079160192,0.1367135244637969,30.655577,30.42616190989248,31.09201004712511,-0.1688980901075218,0.0020998153077454,99.0,11.039443922558933,0.0055607639042877,11.038110000000112,11.03672000000006,11.070910000000003,0.0004433333334112,-4.2556524427018925e-05,4.1045347037199615,1.0002918564436247,1000.0,-0.0190930258852295,-6.962870536587714e-05,-0.0083351835824898,0.006230735190056,3.8822061008603085e-05,-4.410921401065763,-0.0185999293650773,-0.0139328503280328,-0.007350157259642,-0.0035834791624154,-0.0001328165621664,0.0103493711656173,2.8828828828828827,3.5,-0.0125128649343253,0.0125128649343253,0.0083351835824898,0.0104047356670606,-0.2453246270429603,-1.1918321246496777,True,계산 완료,1.0617746,1.0623909,0.003226200000000068,45.0,-2.8759653679527743e-06,1.0645252641327558,-0.00020266285714281673,11.045003333333321,0.015318613,-0.00014386399999999876,32.5348014795901,34.79216549532189,-6.402065813715588,0.00031165716616213084,-0.0007670981557796885,0.0005035131056165975,0.0006292354637637592,-5.8471900458165385,0.0011671053934357593,-0.0024982462036576836,0.0014864397538947752,0.0013365356767072747,-5.43855901129583,0.003060053889720893,-0.0049704917048500885,0.002775691602792882,0.0024404051078216697,-5.185280046356694,0.0027382769175668072,-0.005400254163528073,0.00319620510048846,0.002846543271770122,-5.027205293181245,0.004863354049370129,-0.008418628849501064,0.00490985473992606,0.004137844625168382,-4.758756615046851,0.0066487291876848875,-0.01261483664948504,0.007638295472254396,0.006542707347621308,-4.699478038233332,0.006833756117847423,-0.013466755108104245,0.008128030315669069,0.0068887072117962125,-4.561917056570056,0.008366037562520634,-0.015906510293664744,0.009864577469741053,0.008357820676660126,-4.410921401065763,0.01034937116561735,-0.019093025885229542,0.0125128649343253,0.010404735667060627,additional_test
Batch 3,11,Batch3_011,817.0,True,"중간수명(500~1,000)",5.6C(19%)-4.6C-newstructure,True,2단계 정전류,5.6,19.0,4.6,True,False,99.0,1.0698276717171715,0.0007357374345928,1.0700663,1.0680679,1.0707607,0.0002318999999999,-1.7682165739013836e-05,99.0,1.0696771989898992,0.000743829560587,1.0699179,1.0675462,1.0705811,0.0006281999999999,-1.789079406307632e-05,99.0,0.0155247142727272,2.3762938924359073e-05,0.015525201,0.015485173,0.015608084,-4.955999999999884e-05,4.6531787260506026e-08,99.0,34.20373702283128,0.1410052014933143,34.19225857907117,33.95410396945013,34.68794069183384,0.2665002419204043,0.0034921414339029,99.0,37.60932852326845,0.3068391222269642,37.655368824098645,36.911451941649055,38.22832463770115,1.064548000000002,0.0100296720359074,99.0,31.369808007256257,0.1387144462401,31.347477,31.117903,32.059606046171425,0.1702975678456617,0.0018369921892131,99.0,10.042466936026983,0.0011323210442407,10.04273000000006,10.04006666666634,10.048581666667207,0.0023416666665667,1.1526757371311546e-05,6.239520516012194,1.0001406843814546,1000.0,-0.034087374997818,0.0001621390525086,-0.0156206911756534,0.0114223818270014,0.0001304708066018,-3.884486649365402,-0.0333184962036054,-0.0264308736626171,-0.0141679548161208,-0.0065420075968343,0.0001333826625931,0.0198888660657827,2.9864864864864864,3.5,-0.0234502054416406,0.0234894320001412,0.0156469782026673,0.0193480316466649,-0.1404032756117641,-1.2659331408130916,True,계산 완료,1.0680679,1.0682998,0.0026927999999999397,18.0,-1.7682165739013836e-05,1.070729462169862,-3.5788571428567947e-05,10.042218333333295,0.015485173,-4.955999999999884e-05,34.20373702283128,37.60932852326845,-6.062358870432624,0.0014747897524056974,-0.0032080518445679607,0.0016503932264981223,0.0014401143354718753,-5.413424507851408,0.0029110292842559893,-0.005859638920941657,0.003408005144893221,0.002972565763464144,-4.8513546040357225,0.005899308105716358,-0.011406086431288598,0.006549048962784031,0.005718799115201965,-4.828510745328017,0.005876391682731824,-0.011772824059256726,0.007297181396068462,0.006188599734305678,-4.537480852533606,0.00844214122987752,-0.01626522535822672,0.010625991999661653,0.008892780212220626,-4.215647351148528,0.013118335365157718,-0.02346320768189214,0.015066752837346736,0.01268301550668194,-4.155779169242501,0.013682131891111615,-0.025107556420275623,0.016753464465692383,0.013911355230441074,-4.022948160800252,0.016239900366029947,-0.029231494578708883,0.020100674924355376,0.01655413421648056,-3.884486649365402,0.019888866065782773,-0.034087374997818,0.023489432000141273,0.01934803164666496,additional_test
Batch 3,12,Batch3_012,932.0,True,"중간수명(500~1,000)",5.6C(36%)-4.3C-newstructure,True,2단계 정전류,5.6,36.0,4.3,True,False,99.0,1.0763353797979798,0.0005043662948528,1.0765018,1.0741653,1.076943,0.0013689999999999,-6.679463203455612e-06,99.0,1.0761313929292928,0.000512107429588,1.0762404,1.0736545,1.0767494,0.0016477000000001,-7.036951144077656e-06,99.0,0.0160478353636363,3.333850984833067e-05,0.016046006,0.01599754,0.016139418,-4.0385999999999894e-05,3.854761657392228e-07,99.0,33.2205731520236,0.1308115993274954,33.212990713439474,32.99061165504812,33.5821573886437,0.2067593958043403,0.0028234975267919,99.0,35.542101100869175,0.2403737277379405,35.568484208664884,34.852203,36.11585579982815,0.6472768204616699,0.0071266700681023,99.0,31.22756097269707,0.1371977313008745,31.201876,30.951786787726437,31.674147,0.2717729161704056,0.0018383860442898,99.0,10.042442037037002,0.0007142955378714,10.042369999999938,10.040389999999997,10.04386999999988,-0.0016683333339937,-4.031210061103065e-06,4.314540128172108,1.000189567198228,1000.0,-0.0317349217881972,-0.0001009432193422,-0.0153148930636195,0.0106370761291609,0.0001131473885775,-3.946355461197863,-0.0313527119069055,-0.0249367944041543,-0.0152877945913381,-0.0066647098244,-0.0001507468050558,0.0182720845797543,2.903903903903904,3.5,-0.0229907002737398,0.0229907002737398,0.0153148930636195,0.0186435026413785,0.0090214453896137,-1.283786871273126,True,계산 완료,1.0741653,1.0755343,0.002777699999999994,29.0,-6.679463203455612e-06,1.0766760324213562,-2.9554285714224647e-05,10.04249166666661,0.01599754,-4.0385999999999894e-05,33.2205731520236,35.542101100869175,-6.245736977871372,0.000706111293766552,-0.0017932477601003693,0.0008125830320105775,0.0008063823786092935,-5.532029254450866,0.0029034300865286022,-0.005360741383774514,0.0029017715771448888,0.002503095825019541,-4.945332543158387,0.005640436242686342,-0.010209366075308313,0.006306588601992876,0.0053830386821412815,-4.835793940430079,0.006187313800163935,-0.011703867888365749,0.006976958822804594,0.005909550418937741,-4.572883632557815,0.008234224462614625,-0.016101242825893758,0.010340731724203732,0.008606215000558966,-4.267694952448387,0.012723290131144094,-0.02194351434840891,0.015231652500456763,0.012525099422887685,-4.205276507051263,0.013434762100400899,-0.02383772419041319,0.016351419956786684,0.013448471579958456,-4.074109483933258,0.0156459408572851,-0.027540942065274243,0.019443821724961986,0.015873996843162524,-3.946355461197863,0.018272084579754322,-0.03173492178819726,0.022990700273739888,0.01864350264137855,additional_test
Batch 3,13,Batch3_013,816.0,True,"중간수명(500~1,000)",5.6C(19%)-4.6C-newstructure,True,2단계 정전류,5.6,19.0,4.6,True,False,99.0,1.0687136323232325,0.0008052083454341,1.0689275,1.065558,1.0696447,0.001748,-1.2185193568325955e-05,99.0,1.068625397979798,0.000860261105116,1.0688709,1.0649482,1.0706925,0.0022805000000001,-1.1188958565237386e-05,99.0,0.0151285627171717,3.926822837505042e-05,0.015115934,0.01506449,0.015250437,-0.0001451409999999,-9.002399257883764e-07,99.0,34.11768528185422,0.1558544536623694,34.15014439944665,33.74517892312127,34.49678394824356,0.3943990862692104,0.0034957775010222,99.0,37.233278981795394,0.2662758926575915,37.2482678242083,36.526283,37.80334001741199,0.9557220266441108,0.0078102285004646,99.0,31.323500893525303,0.1379655105452154,31.305563,31.008408624872537,31.64259420392393,0.2705433278816471,0.0028447735067184,99.0,10.042358249158228,0.0009755092098027,10.04230333333253,10.039300000000123,10.044450000000264,0.0014516666664956,1.1980560708559888e-05,5.909778088270107,1.0000826245105543,1000.0,-0.0276460839609007,-0.000139770918514,-0.0117654801974339,0.0089739575995122,8.053191499784299e-05,-4.094031968144729,-0.0269937327946519,-0.0193639020301894,-0.010785077357057,-0.0039249734412455,-0.000164297460565,0.0154389285889439,2.891891891891892,3.4984984984984986,-0.0176632132365016,0.0176632132365016,0.0117654801974339,0.0147945228837923,-0.2586568826446907,-1.197926125427378,True,계산 완료,1.065558,1.067306,0.004086699999999999,32.0,-1.2185193568325955e-05,1.0693350771952175,-3.5874285714274785e-05,10.042319666666685,0.01506449,-0.00014514099999999967,34.11768528185422,37.233278981795394,-6.126852716498354,0.0005925869158734094,-0.0011228615569077727,0.0008085177379945075,0.0008863624887418606,-5.570635806261147,0.0009215179934243811,-0.0021861264338449704,0.0015129535761644036,0.0016637956221423598,-5.225751463079275,0.003995317015052384,-0.0075820307618583715,0.0034672832866677224,0.003309234323150526,-4.994013325072566,0.00402881152404859,-0.008797378592756977,0.0041680691077091905,0.003871828261293669,-4.747697404298439,0.0065503206663598545,-0.012897136833886047,0.006516215898813297,0.005892419685928695,-4.448023352648516,0.010286991381270871,-0.018562668114916137,0.010801765060518245,0.00934733813165608,-4.387193330253131,0.010574449646874845,-0.020096571629069193,0.011606728146267202,0.010032905196803136,-4.249335712682551,0.012527019586001803,-0.02340180447593021,0.0140928860331323,0.012015932388880771,-4.094031968144729,0.01543892858894394,-0.027646083960900736,0.017663213236501656,0.014794522883792327,additional_test
Batch 3,14,Batch3_014,858.0,True,"중간수명(500~1,000)",5.6C(36%)-4.3C-newstructure,True,2단계 정전류,5.6,36.0,4.3,True,False,99.0,1.077015806060606,0.0007718267956037,1.0772191,1.0727056,1.0777442,0.0036863,4.6361076066830866e-06,99.0,1.0765029424242425,0.0008185145204714,1.0767019,1.0720137,1.0772499,0.0038745999999998,5.014112554123492e-06,99.0,0.0155519219898989,3.286357151255956e-05,0.015552465,0.015496999,0.015668793,-7.740999999999998e-05,7.03414966005964e-09,99.0,33.11953606667905,0.1233995565138083,33.117643042164225,32.880465299003,33.463742583404866,0.0348571587232413,0.0024253202603874,99.0,35.48777029470216,0.2301264737720828,35.47502345780511,34.827866,36.101499457512425,0.3156621052264938,0.0066259760311121,99.0,31.071885501118356,0.1296280472174219,31.067097,30.790092,31.409456,0.1590750000000014,0.0009652804126466,99.0,10.041858265993287,0.0008144259457962,10.04188833333319,10.040386666666988,10.043568333333436,-0.0005883333336278,-7.67060399792405e-06,4.415884793583803,1.0004764613644452,1000.0,-0.0292823603627372,8.776909781326705e-05,-0.0132035573326509,0.0100088322031309,0.0001001767220704,-3.99923317883243,-0.0290096377258736,-0.0224286514191906,-0.0117866270653729,-0.0045799622185897,5.711390373701126e-05,0.0178486892006008,2.933933933933934,3.4714714714714714,-0.0198222977511803,0.019838315736103,0.0132142476910731,0.0165653394648272,-0.1923314803412421,-1.320435758817018,True,계산 완료,1.0727056,1.0763919,0.005038600000000004,49.0,4.6361076066830866e-06,1.0767793645726655,-2.9491428571423537e-05,10.041712000000018,0.015496999,-7.740999999999998e-05,33.11953606667905,35.48777029470216,-5.966086738226522,0.000499542676833173,-0.0002870840808958386,0.001083245975473604,0.0012451027445617197,-5.651581970072565,0.0010448051376616418,-0.002830278266367947,0.0014024377495836468,0.0015190315467518605,-5.198745012392554,0.004206377064408184,-0.007561183960532403,0.0039127326546360384,0.0036077546551948002,-5.021449577848646,0.004520366518505931,-0.008676784915883085,0.004468799291815058,0.003983105743144944,-4.743428713862196,0.007054801408032274,-0.013022724772581817,0.007287926237943289,0.006417448420328721,-4.3910309782802734,0.011017025746876963,-0.018745499562413337,0.011772557958397382,0.010095202998053875,-4.295847443028463,0.012418971546089813,-0.02142061154188979,0.01372972610872231,0.011583875112162124,-4.147664543971995,0.01481201840637153,-0.025057461273798043,0.0165030548721808,0.013840902553857611,-3.99923317883243,0.017848689200600898,-0.029282360362737236,0.019838315736103007,0.016565339464827203,additional_test
Batch 3,15,Batch3_015,876.0,True,"중간수명(500~1,000)",5.9C(15%)-4.6C-newstructure,True,2단계 정전류,5.9,15.0,4.6,True,False,99.0,1.070546722222222,0.0006441993769449,1.0708133,1.0682734,1.0712774,0.0009406999999999,-1.1564622139746904e-05,99.0,1.070577596969697,0.0006251731416428,1.0708232,1.0681897,1.0712733,0.0012155,-1.1341179962885037e-05,99.0,0.0153060112222222,2.9111596538694713e-05,0.01530268,0.01525728,0.015417448,-9.027200000000062e-05,-2.386809523808757e-07,99.0,33.51055049283859,0.1491484746176326,33.519794073997424,33.14640581987665,33.88537955970563,0.2157589937941892,0.0037009227487278,99.0,36.80771071001127,0.2963862604842396,36.870831,36.092068,37.344582,0.7633452923582738,0.0095733789200913,99.0,30.87654298210456,0.1466931048797057,30.869744046847263,30.48859917220236,31.269295,-0.2447549999999978,0.0021062404462373,99.0,10.04163658249164,0.0008521962547085,10.041688333333392,10.039749999999913,10.04381999999993,0.0001383333328703,-4.3480725597078485e-06,5.9311677279067165,0.9999711655876256,1000.0,-0.0294843450023362,9.829510697057864e-05,-0.01334033083158,0.0099971232168807,9.9942472613497e-05,-4.000249905810006,-0.0290836473886244,-0.0225212705756155,-0.0123576229965272,-0.0049390455648117,9.068789246604908e-05,0.0175822250108038,2.8993993993993996,3.385885885885886,-0.0200273487192033,0.020062733544952,0.0133639385628543,0.0166675420154529,-0.1540549664510755,-1.284685919739136,True,계산 완료,1.0684187,1.0693594,0.002858699999999992,30.0,-1.1564622139746904e-05,1.0711365179513497,-8.740285714281685e-05,10.041533666666655,0.01525728,-9.027200000000062e-05,33.51055049283859,36.80771071001127,-5.820549239092885,0.00041553653344227623,-0.0009376956754781895,0.0008943598635393697,0.0012511460410182067,-5.532181960612326,0.0019215591346648272,-0.0037018261231047678,0.00207469903947057,0.0019068839668560803,-5.03518353954178,0.004862228539497582,-0.008993869267716503,0.0052111128632301666,0.004594113924345412,-4.94030791811342,0.0054081233247400586,-0.009193603696903252,0.0051519112552495736,0.0044113529071529815,-4.68112305371473,0.007255341371864191,-0.0136941054654669,0.008005354049352008,0.0068786514819578004,-4.35371848711847,0.011330906644544114,-0.019883116868041784,0.012816175863876301,0.010822310054236109,-4.2813379440705,0.012298310383632466,-0.021768169625104306,0.013829772493671974,0.01170291019133507,-4.135656641170825,0.014696352142641478,-0.025676828918237526,0.01688283038581758,0.0141263183315923,-4.000249905810006,0.017582225010803865,-0.02948434500233621,0.020062733544952086,0.01666754201545295,additional_test
Batch 3,16,Batch3_016,1638.0,True,"장수명(>1,000)",4.8C(80%)-4.8C-newstructure,True,2단계 정전류,4.8,80.0,4.8,True,False,99.0,1.0635088555555554,0.0007077409654153,1.0636877,1.061009,1.0643399,0.0015488999999999,-9.691301175004963e-06,99.0,1.0634576202020205,0.000785270135891,1.0637228,1.0593414,1.0643042,0.0031420999999998,-7.838174397019123e-06,99.0,0.0153110507171717,3.3268704545925636e-05,0.015309919,0.015253145,0.015453937,-0.0001209359999999,-4.4548703772403635e-07,99.0,34.94134876933804,0.1401285493138278,34.92888018020305,34.69647601781169,35.2875777718451,0.1678159611016596,0.00360490418177,99.0,37.83242540611344,0.179968407089288,37.83217519071075,37.44658685738523,38.21816186151848,0.2710428201342125,0.0052442304183713,99.0,31.981891168783747,0.1335823451018177,31.959229,31.641069440702125,32.29623135431891,0.0020261259519074,0.0026986268753064,99.0,11.040587407407404,0.0038089157566741,11.040201666666931,11.024205000000077,11.058390000000024,-0.0150166666671189,-1.4378128221376754e-05,5.850534237329697,1.0000482789146643,1000.0,-0.0134519956396188,0.004570254303445,-0.0053233023549801,0.0044973895469545,2.0226512737056195e-05,-4.694078966227433,-0.0129205151673047,-0.0087310983189703,-0.0050342571368315,-0.0010886668833405,0.0005196319586463,0.0076424314356298,2.87987987987988,3.1636636636636637,-0.0079907545264854,0.0084853394946367,0.0056527599490907,0.0069673405390332,-0.0533520396124709,-0.8870677650406327,True,계산 완료,1.061009,1.0625579,0.0033308999999999145,29.0,-9.691301175004965e-06,1.0640031119154811,2.4800000000088553e-06,11.04336633333335,0.015253145,-0.00012093599999999857,34.94134876933804,37.832425406113444,-5.7668427539619325,0.0002345667220430913,-0.00013000474853797073,0.0010842264537630677,0.0014884807725376976,-5.626287657946504,0.0005303729405108535,-0.0012422084717398363,0.0011909254538231453,0.0015728814921024052,-5.516895225849629,0.0015524386535756755,-0.003359855881700957,0.0020434032697027775,0.001885242737868499,-5.172022500324405,0.001973279562635771,-0.00387481102724474,0.002711183262095039,0.0026427656486137895,-4.956524430549504,0.002590300954053926,-0.0050539014968982165,0.003644202351221766,0.003425429090927365,-5.015755087337102,0.0047728841910516795,-0.007983766315649232,0.004808612839901898,0.0039842646585445665,-4.898481344560804,0.006630330602758227,-0.01060765782467843,0.006503429266912284,0.005393594343222389,-4.699193495050146,0.005461057039354806,-0.009304032084039848,0.006263918282141022,0.005216237623755591,-4.694078966227433,0.007642431435629871,-0.013451995639618852,0.008485339494636753,0.006967340539033228,additional_test
Batch 3,17,Batch3_017,1315.0,True,"장수명(>1,000)",5.3C(54%)-4C-newstructure,True,2단계 정전류,5.3,54.0,4.0,True,False,99.0,1.067047807070707,0.0013914454244544,1.0672884,1.0580338,1.069051,7.0999999999266095e-06,-5.833125541112191e-06,99.0,1.06625417979798,0.0013875601777705,1.0664502,1.0575746,1.0684006,0.0006712999999998,-5.9554706245999265e-06,99.0,0.0154435866464646,0.0003270377539604,0.015411194,0.01535425,0.018645791,-0.0001622749999999,-1.6918838342607632e-06,99.0,35.07228784758459,0.2483150451712884,35.06723082368072,33.94106596021177,35.68559637339159,0.7891557632592878,0.006467943204971,99.0,37.40160198756502,0.2689051803878321,37.376862,36.96913756563764,38.138309,0.8952943954618249,0.0081541922603443,99.0,32.455675181202416,0.2564722228525909,32.456776,31.041136885840285,33.058457419082785,0.6862300000000019,0.0052996097004908,99.0,10.0421028114478,0.0023262301825503,10.042456666666356,10.026789999999648,10.044129999999615,-0.0011483333333064,3.784786639453414e-06,4.945926806362601,1.0007449468585223,1000.0,-0.0178823915504138,0.0067179386590724,-0.0072362168298251,0.0060306026748961,3.636816862246513e-05,-4.43927855604913,-0.0173410004514444,-0.0116451399298342,-0.0070742692321409,-0.0023885328093728,0.0009596836969661,0.0092566071204613,2.9114114114114114,3.174174174174174,-0.010862001424031,0.0116013904178681,0.0077288199909553,0.009417782884633,0.0167231004247338,-0.8133079308654185,True,계산 완료,1.0664514,1.0664585,0.002599599999999924,14.0,-5.833125541112191e-06,1.0673452964733041,-4.891714285707448e-05,10.041974333333346,0.01535425,-0.00016227499999999992,35.07228784758459,37.40160198756502,-5.375336691266277,0.004391248461818556,-0.005454450821857693,0.004799583891622904,0.0037233950164288613,-5.201496996116744,0.0019843402814374266,-0.0026338777083890763,0.002824395543789193,0.0025424222818488077,-5.3931951607111905,0.003470580792515805,-0.005405574760348086,0.003475610410750116,0.002756375379299555,-5.1571686455871015,0.003301871960575506,-0.008056205863369414,0.004954075642669765,0.0040589598838694655,-4.928341092627428,0.004365518520617118,-0.010731680395057897,0.0067063034472230314,0.005557680232098513,-4.676046340445723,0.006119221142423359,-0.0143389707313486,0.009143204497867378,0.007621099410752203,-4.485267260762096,0.007882177663723455,-0.017888631748953387,0.011673734194460331,0.009643111709992219,-4.512607783509148,0.007206458986035336,-0.017164358154427295,0.01107742178167917,0.009084476723402237,-4.43927855604913,0.009256607120461391,-0.017882391550413823,0.011601390417868191,0.009417782884633064,additional_test
Batch 3,18,Batch3_018,1146.0,True,"장수명(>1,000)",5.6C(19%)-4.6C-newstructure,True,2단계 정전류,5.6,19.0,4.6,True,False,99.0,1.0688689090909091,0.0009466437939751,1.0691222,1.0665783,1.0701538,-0.0010221999999999,-2.9274941249211295e-05,99.0,1.0687508737373737,0.0009368927615528,1.0689859,1.0669243,1.0700667,-0.0009703,-2.8872029684591337e-05,99.0,0.0150155265353535,2.46530346612013e-05,0.015010243,0.014978203,0.015098186,-3.7439999999999696e-05,1.9280044526923546e-07,99.0,35.2914180269327,0.1698258675374551,35.280443423631,34.99382175855546,35.697249257813795,0.3194604246993791,0.0049502338111478,99.0,37.97024186611959,0.2492643503718359,37.975203924830794,37.582333,38.518787,0.537350658403092,0.0076644631139141,99.0,32.39435838372084,0.1584974709409668,32.389339,32.020798,32.787655,0.1116850600678134,0.0037693071205243,99.0,10.04310829966328,0.0006994351049162,10.043134999999891,10.041461666666631,10.044616666667086,-0.0018650000000572,8.624963924829584e-06,5.575883482398758,1.0001104493179995,1000.0,-0.0234557699816599,-9.146801283102696e-05,-0.0103422572436678,0.0074677755309306,5.576767138036663e-05,-4.253617481623881,-0.0229646179898539,-0.016403931451759,-0.0092308713308966,-0.005378685009555,-0.0001050458286164,0.0110252464422039,2.9129129129129128,3.340840840840841,-0.0155250162675658,0.0155250162675658,0.0103422572436678,0.0127543791931707,-0.2293058022969826,-1.056404025068999,True,계산 완료,1.0680237,1.0670015,0.0021301000000000236,16.0,-2.9274941249211295e-05,1.0703619310946193,-6.230571428571477e-05,10.043129666666696,0.014978203,-3.7439999999999696e-05,35.2914180269327,37.97024186611959,-6.0201159124553305,0.00039013137210839525,-0.0011547163513154768,0.0008191968333652782,0.0009794831323179445,-5.661236260019427,0.0018975700108604101,-0.0037352648393029764,0.002079487217836981,0.0017921562049809743,-5.274313583741044,0.0032800168171156913,-0.00686540178173245,0.0037965470919472154,0.0032967723839331907,-5.0824390031983935,0.004558330529601517,-0.008204336168526338,0.004667830675738255,0.003911263864153439,-4.879128512695869,0.005740392243993264,-0.01015506466006555,0.00594569723344021,0.004952565713025969,-4.667546008353896,0.006478878845932345,-0.014632812774914572,0.00880116705853905,0.007429148684916338,-4.474808623217133,0.0083815033857646,-0.018248141065076218,0.011610379721325956,0.009659136021694393,-4.49123281177228,0.008061765452715239,-0.017719646068401596,0.01086994294077516,0.009026776717979856,-4.253617481623881,0.011025246442203929,-0.02345576998165999,0.015525016267565885,0.012754379193170722,additional_test
Batch 3,19,Batch3_019,1155.0,True,"장수명(>1,000)",5.6C(36%)-4.3C-newstructure,True,2단계 정전류,5.6,36.0,4.3,True,False,99.0,1.0727208262626262,0.0009325075486465,1.072965,1.0708553,1.0738997,-0.0010694999999998,-2.9691358070484624e-05,99.0,1.0724153505050509,0.0009585468140733,1.0726446,1.0705425,1.0737392,-0.0006715999999999,-2.9662023500296268e-05,99.0,0.0154634931818181,4.0745993600313703e-05,0.015459507,0.015178323,0.015555796,-4.249000000000093e-05,2.1412432900439946e-07,99.0,35.09835953689969,0.1588197745092998,35.08984138211982,34.803046859558,35.48162735438807,0.2473286946047963,0.0044701652191717,99.0,37.876070766588285,0.2413873780820379,37.91301,37.320927,38.401493,0.5326839662088787,0.0076980139928614,99.0,32.12087731134603,0.1503024725230198,32.107502,31.769892,32.47387884602809,0.0817346166408086,0.0034123877716792,99.0,10.043189629629584,0.0008586159482978,10.043324999999944,10.04121499999989,10.046208333333682,0.0002983333336796,5.192104719133463e-06,5.755193455242254,1.0002848802023665,1000.0,-0.0252936577042025,5.381143367196202e-06,-0.01154547966315,0.0082081695461599,6.737404729850698e-05,-4.171507356449005,-0.0249076523601093,-0.0183749684680179,-0.0107669468804065,-0.0059818340290245,-3.0995750527477654e-06,0.0123931344389933,2.906906906906907,3.346846846846847,-0.0173313937983361,0.017331621030456,0.0115456309997419,0.0141635014704493,-0.1210597940023472,-1.1114371280512236,True,계산 완료,1.0719248,1.0708553,0.0019749000000000017,12.0,-2.9691358070484624e-05,1.0742350855242215,-6.106000000000062e-05,10.043436999999928,0.015178323,-4.249000000000093e-05,35.09835953689969,37.876070766588285,-5.9014968400796,0.0005121765989367405,-0.0009856289281564568,0.0009162970821247711,0.0011226370928846703,-5.532610791992303,0.002158036675693058,-0.003749859685130197,0.0023363549224318203,0.002011860554647141,-5.191911069721169,0.0034791901772625033,-0.00758256186296824,0.004603639329851578,0.003918475412180382,-5.014782067201885,0.005413531814558443,-0.009099859036889701,0.0056340393657573744,0.004629314314126074,-4.782067812530129,0.007402458108609543,-0.011726450698317792,0.007336931719329814,0.006043543185918955,-4.551414427660406,0.007626027901977639,-0.01643320580558938,0.010598041211734324,0.008822128792886698,-4.387347400964057,0.00934244429635181,-0.019831510959556153,0.013134605105962751,0.010838424308036842,-4.3823651426873615,0.009886929372688133,-0.01958977176858323,0.012769179760720454,0.01047936984582887,-4.171507356449005,0.01239313443899337,-0.025293657704202555,0.017331621030456046,0.01416350147044935,additional_test
Batch 3,20,Batch3_020,813.0,True,"중간수명(500~1,000)",5C(67%)-4C-newstructure,True,2단계 정전류,5.0,67.0,4.0,True,False,99.0,1.067449897979798,0.0005548609507703,1.0676023,1.0650502,1.0681109,0.0013898999999999,-7.154074211498553e-06,99.0,1.0669259595959597,0.000593950293378,1.0670872,1.0641267,1.0676279,0.0018441,-7.092065553481377e-06,99.0,0.0152633222323232,3.8677094806486774e-05,0.015252846,0.015206913,0.015409848,-7.635700000000085e-05,4.538381818182954e-07,99.0,33.10212248197412,0.1292090890771398,33.08547252807539,32.879139986385674,33.509004120340535,0.1404224833678,0.0029214131100047,99.0,35.739254750947524,0.2225915541619441,35.79166,35.311409,36.232254,0.6041780538883899,0.0068801915935483,99.0,30.852143628467964,0.1397592195427751,30.839525667430177,30.598567437403773,31.413151,0.0297759999999982,0.0023265129316698,99.0,10.043380471380493,0.0014573953648008,10.043170000000584,10.042081666666975,10.0532249999999,0.0009550000000064,4.983755928636245e-06,4.887111122479565,1.0004910949451744,1000.0,-0.0280719935724769,-2.8411211548175675e-05,-0.0119193833873199,0.009269256693737,8.591911965438846e-05,-4.065910176440854,-0.0275277418754539,-0.0198541201202726,-0.0100317817730436,-0.0042360277372419,-0.0001114160795469,0.0156180923830306,2.975975975975976,3.5,-0.0178943348344183,0.0178943348344183,0.0119193833873199,0.01509651949519,-0.3400403206159267,-1.1827117470496011,True,계산 완료,1.0650502,1.0664401,0.0030607000000000273,33.0,-7.154074211498553e-06,1.0678147557645845,-3.9119999999976105e-05,10.04332966666664,0.015206913,-7.635700000000085e-05,33.10212248197412,35.739254750947524,-6.0355344066664065,0.0011307975792886147,-0.0031673722765752643,0.0011734673334194993,0.0011814618892489908,-5.514541510464854,0.0025084365131681774,-0.0051433481884827215,0.002529061372173491,0.002369160673283298,-5.149388640079401,0.0038088364643266703,-0.007753442192835025,0.0039865612812842715,0.0036464474487153528,-4.989811088659026,0.0048221357753218674,-0.009453873228356446,0.005015308389276229,0.004505031783954159,-4.717972626715967,0.006805366901137755,-0.01297944060367151,0.007228272140122248,0.006462356544078699,-4.407708200705094,0.010274946010305541,-0.01894894478071385,0.011113561912139027,0.009688585177070492,-4.3448674837884855,0.010921001560918797,-0.020324020320056313,0.012206832818404872,0.010547585965218202,-4.228540233535751,0.012689758026339398,-0.02330048335062751,0.014372314796300186,0.012274874099622218,-4.065910176440854,0.015618092383030677,-0.028071993572476917,0.01789433483441831,0.01509651949519004,additional_test
Batch 3,21,Batch3_021,772.0,True,"중간수명(500~1,000)",3.7C(31%)-5.9C-newstructure,True,2단계 정전류,3.7,31.0,5.9,True,False,99.0,1.0619781898989895,0.0045979565025215,1.0622308,1.0538316,1.0686967,-0.0140247,-0.0001594917019171,99.0,1.0617610636363637,0.0046279452429039,1.0619987,1.0536977,1.0684478,-0.0140341999999999,-0.0001605697179962,99.0,0.0140930141313131,6.381754362700453e-05,0.01410858,0.01394002,0.014178332,0.000233937,2.031001199752806e-06,99.0,34.900399416468076,0.2210355699942744,34.91758897324508,34.48911505519451,35.39033568219107,0.5192784054578183,0.0070203065146879,99.0,37.9177756860133,0.1575759984033008,37.90755540884585,37.52780819751312,38.317612,0.2417642481674917,0.0041507948560313,99.0,32.05768382629157,0.1777894888216555,32.055440745958926,31.554761921167493,32.496986,0.2472084933547194,0.004421980891586,99.0,10.079161515151515,0.0132966166482862,10.075993333333464,10.061818333333456,10.11326500000044,0.0333999999995278,0.00044021962482,5.8600918597217335,1.0002046298500418,1000.0,-0.0432761485780055,5.415349908882445e-05,-0.0235387042230519,0.0140622208075025,0.0001977460540389,-3.7038921717589903,-0.0428454127478997,-0.0345906934892676,-0.0251749364420263,-0.0186451018939634,3.462991311949338e-05,0.0159455915953042,2.968468468468469,3.3483483483483485,-0.0353296029942955,0.0353385702875113,0.0235446764403337,0.0274156689592875,0.5069004120345085,-0.8443092008291799,True,계산 완료,1.0678563,1.0538316,0.0008403999999999634,7.0,-0.0001594917019171253,1.0701122666967635,-0.00019761999999994448,10.067868000000017,0.01394002,0.00023393700000000003,34.900399416468076,37.9177756860133,-5.585533006431049,0.0021227071711420417,-0.002948479583049224,0.0024863304488094325,0.0019273514777508626,-5.121667891831356,0.0032997910155680293,-0.008261174019977613,0.006248932706984806,0.004854016053879069,-4.739801158000243,0.004774784942659982,-0.013112996381072217,0.009893788392996677,0.007733977300672335,-4.490290886820767,0.005802451265572592,-0.01742370845902319,0.013383802468902587,0.010458510766634259,-4.298793986942375,0.007564854111043157,-0.021459853027370523,0.016710987764283498,0.013021905220870381,-4.0774504294583025,0.009405948761308236,-0.02822592611705188,0.02231396160540329,0.017398137392513457,-3.958515696154267,0.011012977727733853,-0.03229790315161163,0.025876194561256977,0.02011561106293265,-3.827282595327207,0.01318499017204211,-0.037527717978731334,0.030490105115022606,0.023672378366155263,-3.7038921717589903,0.01594559159530423,-0.04327614857800555,0.03533857028751136,0.027415668959287574,additional_test
Batch 3,22,Batch3_022,1002.0,True,"장수명(>1,000)",5.9C(60%)-3.1C-newstructure,True,2단계 정전류,5.9,60.0,3.1,True,False,99.0,1.0581549232323233,0.0006720843655782,1.0583824,1.0562643,1.0591089,0.0006402999999999,-1.5988764378464394e-05,99.0,1.057997839393939,0.0007447470175616,1.0582645,1.0554129,1.0590837,0.0009722,-1.657195299937028e-05,99.0,0.0156856873535353,4.324229921139736e-05,0.015678201,0.015614755,0.015852775,-0.000122983,-2.793561657388793e-07,99.0,34.61069656408486,0.181233996355001,34.597043747589076,34.26839457193657,35.049037047032144,0.3507046764961998,0.0053359994457882,99.0,37.5322343873043,0.1914645832210585,37.517666,37.092411,37.97354076473168,0.419750163167123,0.0055285914750327,99.0,31.640105505547105,0.1261480836739945,31.616829087878916,31.405123,31.963675,0.1471999646222777,0.0023413351935576,99.0,10.04255023569017,0.0025204028784047,10.042931666666602,10.02550999999997,10.044803333333888,-0.0010666666671266,-6.86242012293754e-06,5.892128881757195,1.000148534911292,1000.0,-0.02840932971863,-5.900042832567676e-05,-0.0137225505163629,0.0094799502311727,8.986945638551169e-05,-4.046387880487945,-0.0278671070541246,-0.0222035854259455,-0.0140788600138486,-0.0062830043379697,-0.0001118517751213,0.0159205810879758,2.8753753753753752,3.5,-0.0205999188278263,0.0205999188278263,0.0137225505163629,0.0166759701248011,0.0530016471789025,-1.2693173273755014,True,계산 완료,1.0562643,1.0569046,0.002844599999999975,17.0,-1.5988764378464394e-05,1.0589703502156251,-5.688857142858524e-05,10.043384333333282,0.015614755,-0.00012298300000000012,34.61069656408486,37.5322343873043,-5.501608248749644,0.0005244437713899461,-0.0011875933088232316,0.0013786305788442681,0.0018125419357181195,-5.458956866354862,0.0024360161640248567,-0.004677427897919029,0.002691385125078911,0.0022923026918260578,-5.111859700840639,0.004949987369599314,-0.007945501132360921,0.004777891665756827,0.003978343379156057,-4.835711389966197,0.0072192055064912225,-0.011099949956565824,0.006929237191586455,0.005728940976195283,-4.636486195420909,0.00895739080484908,-0.013508573126776335,0.008579026941897883,0.007058634939875001,-4.421321619638313,0.010083490669437839,-0.018701057833683143,0.012630902909167706,0.010394998423856548,-4.273380419983362,0.012250728893157675,-0.02200853926815649,0.015280202559923498,0.012523578038002713,-4.2049439595687605,0.013000227824521461,-0.023854180108398904,0.016475840939078917,0.013508351047641134,-4.046387880487945,0.015920581087975838,-0.028409329718630083,0.020599918827826306,0.016675970124801102,additional_test
Batch 3,23,Batch3_023,,False,Target 결측,4.8C(80%)-4.8C-newstructure,True,2단계 정전류,4.8,80.0,4.8,True,False,99.0,1.0681112222222222,0.0005980094640496,1.0682908,1.0659287,1.0690683,0.0007672999999999,-5.3318787878686915e-06,99.0,1.0683314595959597,0.0006109577661543,1.0685257,1.066106,1.0695003,0.0010463999999998,-4.408077922064761e-06,99.0,0.0152614808787878,2.988744328762284e-05,0.015266636,0.015194215,0.015350789,-7.400299999999957e-05,-1.486416079157965e-07,99.0,34.929390162261846,0.1321602001874386,34.92553122413779,34.661729457036444,35.21610991806165,0.2086757537279027,0.0023852526538123,99.0,38.202055623468546,0.154786795416923,38.197899,37.869362,38.5191,0.2304150000000007,0.0042370841295789,99.0,31.788498415999587,0.150470838530046,31.766119,31.40458622747475,32.29364594992562,0.1130199999999987,0.0025883170684722,99.0,11.038375218855206,0.0037287947057339,11.03776666666672,11.034686666666431,11.05499833333403,0.0038200000002674,8.987652031320775e-06,6.413557207468956,0.9997939297526738,1000.0,-0.0156083197208289,0.0052907844392452,-0.0068086586843723,0.0053496119316275,2.86183478190118e-05,-4.543355427161794,-0.015245655227916,-0.0113020320189173,-0.006970221391871,-0.0029036633542827,0.0005044445189811,0.0083983686646346,2.84984984984985,3.168168168168168,-0.010220764362267,0.0106596022543678,0.0071009247205114,0.0086572260309796,0.1015136426614528,-1.037064779154986,True,계산 완료,1.0661554,1.0669227,0.002912900000000107,40.0,-5.3318787878686915e-06,1.0683831480404038,2.8857142857161984e-05,11.037604666666738,0.015194215,-7.400299999999957e-05,34.929390162261846,38.202055623468546,-5.649323127465952,0.0003491072679598639,-0.0003085898262804587,0.0012626416291237612,0.0016921261134800049,-5.403318350003432,0.001048745669523923,-0.0018562321309550933,0.00167747513892976,0.0019963331064728274,-5.460547950748739,0.0022441883873553932,-0.004107033437447005,0.002516493974427423,0.0021713204709839827,-4.994315575507674,0.002662556811108419,-0.004432327787228907,0.0033148640348941946,0.0032240281760971133,-4.903727884905062,0.0038865042658267103,-0.006402967623502009,0.004435664862264366,0.0038444573732648985,-4.90620526978485,0.006815486408101861,-0.00983217831567429,0.006355191352085886,0.0051438990543930686,-4.829108886033981,0.0072022258320230724,-0.010862677401205945,0.006975604759291575,0.005691714561531276,-4.662605386779844,0.008133963760431734,-0.012353189629221828,0.007975830849576747,0.006476903695743421,-4.543355427161794,0.008398368664634628,-0.01560831972082899,0.010659602254367873,0.008657226030979643,excluded_target_missing
Batch 3,24,Batch3_024,825.0,True,"중간수명(500~1,000)",5C(67%)-4C-newstructure,True,2단계 정전류,5.0,67.0,4.0,True,False,99.0,1.050441208080808,0.0007341883081136,1.050573,1.0462732,1.0511289,0.0038108000000001,9.650588744599694e-06,99.0,1.050458807070707,0.0007865724219355,1.0506011,1.0460804,1.0511409,0.0040447000000001,1.1193802102661964e-05,99.0,0.0155540378585858,4.519303103807459e-05,0.015544878,0.01550305,0.015751192,-0.000150559,-6.55122448978517e-08,99.0,34.68760501613314,0.1365476093437865,34.66968715351998,34.46042874080388,35.03293434728408,0.1263621741178227,0.0033415646223987,99.0,37.23633184265304,0.2363976595469202,37.26010052311683,36.798317,37.871063,0.5048490000000001,0.0074139867120956,99.0,32.089467104218414,0.1332486411421844,32.069786,31.712324162858778,32.388145,-0.0276554350844762,0.0022324985439003,99.0,10.041832441077416,0.0007887637904255,10.04188833333319,10.040130000000255,10.045090000000105,-0.0007983333334173,-4.828571429754789e-06,5.1468647384346315,0.9999833005096924,1000.0,-0.0247723986145858,-8.601278481263643e-05,-0.010345482795288,0.00836738512045,7.001313375392851e-05,-4.154820476899473,-0.024305964578265,-0.0179864484188719,-0.0088804656212207,-0.0025939958413129,-0.0001053278878557,0.015392452577559,2.8828828828828827,3.496996996996997,-0.0155321803800458,0.0155321803800458,0.010345482795288,0.013303087419384,-0.3362533968010519,-1.2621601760714558,True,계산 완료,1.0462732,1.050084,0.004855700000000018,42.0,9.650588744599694e-06,1.0499490280548338,-3.0871428571443657e-05,10.042240333333272,0.01550305,-0.0001505590000000015,34.68760501613314,37.236331842653044,-5.910897486509008,0.0004715169570844724,-0.0011926918832605438,0.0009207950535167699,0.0011166202092411132,-5.582697464667618,0.0017945283134070808,-0.003688914907509999,0.0017622715615618152,0.0017454411019597975,-5.278500902544574,0.00357379710564737,-0.006368192364911707,0.0029166965581981993,0.0028191625601250037,-5.036052199180937,0.00467566027450992,-0.008532910214191891,0.004088423042130201,0.003837484928537925,-4.8403933346267936,0.005903928030629923,-0.01070992473275989,0.005420990329670268,0.004947565755529889,-4.583858769595211,0.00907679554988279,-0.01514924343328894,0.008210388487457273,0.007464499231105353,-4.3820510297655275,0.011679520977752655,-0.018972220344435575,0.011146704545027395,0.009819229815798206,-4.409805140701251,0.010594093854955244,-0.018673718929455463,0.010460886011690656,0.009247921260349061,-4.154820476899473,0.015392452577559057,-0.0247723986145858,0.015532180380045816,0.013303087419384092,additional_test
Batch 3,25,Batch3_025,989.0,True,"중간수명(500~1,000)",5.3C(54%)-4C-newstructure,True,2단계 정전류,5.3,54.0,4.0,True,False,99.0,1.0648225050505051,0.0007014587880273,1.0650194,1.0611302,1.0654705,0.0032361,6.950843537426073e-06,99.0,1.064671226262626,0.0007506933226087,1.064876,1.0606843,1.0653877,0.0034799,9.1434508348891e-06,99.0,0.0156418515151515,3.41669469365732e-05,0.01563515,0.015591009,0.015752004,-4.924599999999932e-05,4.92289894867215e-07,99.0,35.58186389191699,0.1347833986229703,35.56070366976667,35.35936612064928,35.920397850007554,0.1942931986275624,0.003421167969357,99.0,38.88624032121534,0.2970038825316085,38.929489,38.329975,39.59511080453456,0.6201819999999998,0.0096360670160331,99.0,32.23615396340196,0.1215556796855485,32.213909,31.926973,32.55385898165315,0.1038059999999987,0.0020669749576622,99.0,10.042413013468028,0.0019338435825987,10.04240666666689,10.025970000000475,10.046241666666658,0.001065000000139,6.361616161767211e-06,6.650086357813377,1.0001421492289233,1000.0,-0.0265762492097603,-9.83920753643615e-05,-0.0109258216461676,0.0084515600881159,7.142886792303388e-05,-4.146126226879157,-0.0259201219962509,-0.0177884569752869,-0.0094418830222893,-0.0040035235523944,-0.0001292493543605,0.0137849334228924,2.9054054054054053,3.4774774774774775,-0.0164024183819178,0.0164024183819178,0.0109258216461676,0.013810540094398,-0.3669015617423362,-1.0726964855606762,True,계산 완료,1.0611302,1.0643663,0.004340299999999964,37.0,6.950843537426073e-06,1.0644680120300964,-5.152285714282692e-05,10.041598333333386,0.015591009,-4.924599999999932e-05,35.58186389191699,38.88624032121534,-5.831447579331901,0.00037237143927895265,-0.0006863594407275908,0.0010983772682566057,0.001351229190783329,-5.589576199507021,0.001540045672372425,-0.004064800997792495,0.0017020185805310594,0.0017308211006750716,-5.203704159654648,0.0035474388063689716,-0.00812226623997725,0.0038168317944194154,0.0035311049785284225,-5.0103578457897795,0.004526744417260719,-0.009314863663110406,0.0043847313997159125,0.004016293567347937,-4.797092859830921,0.006359526543425784,-0.012312718119986021,0.006142130815603388,0.005508920133712299,-4.496488412889852,0.008875897300573699,-0.01775967367316722,0.009856107772593055,0.008643209526878075,-4.387553606403078,0.010138878130460077,-0.020224564896605846,0.011668015240926114,0.010052033824281638,-4.350785206701903,0.010074802011676265,-0.021004619457079432,0.011762109097709899,0.010228996899188372,-4.146126226879157,0.013784933422892547,-0.026576249209760316,0.01640241838191782,0.013810540094398034,additional_test
Batch 3,26,Batch3_026,1028.0,True,"장수명(>1,000)",5.6C(19%)-4.6C-newstructure,True,2단계 정전류,5.6,19.0,4.6,True,False,99.0,1.075112296969697,0.0006104648834866,1.0752844,1.0720186,1.0758095,0.0024163999999999,-4.2884230054447913e-07,99.0,1.0749619606060603,0.0006496160471681,1.0751452,1.0715084,1.0756066,0.002769,8.478132343960145e-07,99.0,0.0155935727272727,3.126976934279167e-05,0.015588301,0.015538619,0.015693368,-4.2369000000000434e-05,3.1560672850969577e-07,99.0,35.745916536891265,0.1445326903666657,35.727245788497406,35.47844957267843,36.078890558275106,0.2721351706703814,0.0038869247615956,99.0,39.14135891629517,0.2655793918726752,39.15223596818562,38.74163302662544,39.786995,0.6558879999999974,0.0083764673682289,99.0,32.32542000468721,0.1561817615483158,32.322991672959446,31.812666,32.67315383349513,-0.0168576456429647,0.0026902222860081,99.0,10.042290858585826,0.0008334635056422,10.042310000000482,10.040856666667,10.044626666666591,0.002345000000302,4.582972582465596e-06,6.815938911607954,1.0001398922325258,1000.0,-0.0241791392678879,5.3156508515146174e-05,-0.0101395927834648,0.0077707609475793,6.038472570442448e-05,-4.219072894934902,-0.0236612223639053,-0.0164258138724165,-0.0086288366264578,-0.004468322643152,3.957450931115742e-05,0.0119574912292645,2.9834834834834836,3.340840840840841,-0.0152215127705425,0.0152351998029543,0.0101487083470511,0.012772457977743,-0.3426696976352,-1.059780489595083,True,계산 완료,1.0720186,1.074435,0.0037909000000000415,37.0,-4.2884230054447913e-07,1.075134167927025,-3.7788571428563957e-05,10.041816666666708,0.015538619,-4.2369000000000434e-05,35.745916536891265,39.14135891629517,-5.64105498505251,0.0005230103718594698,-5.0887875024496765e-05,0.0013119695274957648,0.0017449972277429038,-5.5533654178569725,0.0010380223519367736,-0.002284920910601951,0.0014146135748623247,0.0016720059675640214,-5.369430989043814,0.0029142734026736303,-0.005737032428911548,0.002768438569174164,0.0026395093747665216,-5.104415894642114,0.0036314171192066832,-0.007097270564744851,0.003779741325577359,0.003401844695284122,-4.922431537419778,0.005242567915213395,-0.010157069086119241,0.00552880554371735,0.004838337854331624,-4.602261662443376,0.007591567762100307,-0.01566692756803889,0.008932522439003127,0.007769700961622782,-4.542275322389244,0.008072084780800792,-0.016714219936043717,0.009906872823467677,0.008497833350805905,-4.4030904667659,0.009474238108890892,-0.01935421814088434,0.011572632650431304,0.00991316952491115,-4.219072894934902,0.011957491229264594,-0.02417913926788795,0.015235199802954328,0.012772457977743082,additional_test
Batch 3,27,Batch3_027,850.0,True,"중간수명(500~1,000)",5.6C(36%)-4.3C-newstructure,True,2단계 정전류,5.6,36.0,4.3,True,False,99.0,1.0637090626262626,0.0006461001112776,1.0639206,1.0604171,1.0644526,0.0023402999999999,-4.03537043907588e-06,99.0,1.0635588383838384,0.0007193489144751,1.0638065,1.059994,1.0643082,0.002637,-3.351386518229643e-06,99.0,0.0149194405151515,3.674441705208027e-05,0.014912465,0.014868693,0.015073455,-9.954799999999964e-05,2.901566357453809e-07,99.0,35.30844806776433,0.1370275649475232,35.295789900273746,35.04402991082508,35.65408523837473,0.1760166685513837,0.0034526816835247,99.0,38.44588898200405,0.2621374259619211,38.491252741515034,37.853088,38.98098,0.4574748138764732,0.0084554856876682,99.0,32.16991985770075,0.1406697136926123,32.151758112461906,31.88298,32.520495190003395,0.2926169999999999,0.0026793827092758,99.0,10.045002356902378,0.0006580042667287,10.044954999999996,10.043146666667116,10.046764999999626,-0.0017999999996387,-2.186064727767835e-06,6.275969124303304,1.0001413208447771,1000.0,-0.0266002908070785,0.0001625305771797,-0.0107099108732285,0.0086129336260363,7.41826256465084e-05,-4.129697793306024,-0.02580914406493,-0.0178123788360628,-0.0093058237387357,-0.0034019712916534,0.0001539233421129,0.0144104075444094,2.8993993993993996,3.3753753753753752,-0.0160788491689554,0.0161451048096159,0.0107541384013529,0.0137408381816161,-0.3616973137809283,-1.1137153682223848,True,계산 완료,1.0604171,1.0627574,0.004035500000000081,33.0,-4.03537043907588e-06,1.0639148665186557,-4.549428571432992e-05,10.045022333333327,0.014868693,-9.954799999999965e-05,35.30844806776433,38.44588898200405,-5.583906751214196,0.0003224652537496264,-0.0007165074517935244,0.0011809098664061642,0.0017131559622109466,-5.473268051856213,0.0013402642259732571,-0.0033209476909180635,0.0017346505672958359,0.0018480207954400928,-5.2260042680280385,0.003721224806943515,-0.007362215087649893,0.0033364746715779125,0.003146443867710024,-4.991180860139461,0.004199861961783649,-0.008831658467490566,0.004308409282285348,0.0039028684756431515,-4.779251844447954,0.00601596895956253,-0.011774297133206102,0.005921324681214039,0.005293929852399226,-4.511883640775793,0.008966945903835954,-0.017335437642759577,0.009537407219173497,0.008431639162646035,-4.3856323336180365,0.010496454028023405,-0.020111725290657856,0.011467858766542067,0.009970831916471076,-4.342240204939744,0.010437616579749731,-0.02084066639628135,0.01167273777773601,0.010154283671527271,-4.129697793306024,0.014410407544409448,-0.026600290807078597,0.016145104809615948,0.013740838181616163,additional_test
Batch 3,28,Batch3_028,541.0,True,"중간수명(500~1,000)",3.7C(31%)-5.9C-newstructure,True,2단계 정전류,3.7,31.0,5.9,True,False,99.0,1.0445220202020202,0.0057074893432097,1.0448675,1.0340093,1.0526985,-0.0178575,-0.0001980220853432,99.0,1.0445340656565656,0.005703013935419,1.0449495,1.0340019,1.0527159,-0.0177906999999999,-0.000197754505875,99.0,0.0134208849696969,0.0001207207287216,0.013436742,0.013169404,0.013605327,0.000435923,4.107525417439801e-06,99.0,35.69688828820833,0.2135201697875363,35.70887859265695,35.30096986246136,36.18769104859217,0.4201241195946252,0.0066625888992809,99.0,39.55791836716047,0.1252498579871303,39.54772083267917,39.233108764548945,39.85648636436463,0.0067216641649352,0.0024129271146312,99.0,32.29372696775114,0.1687046154235829,32.285625,31.972694,32.742519,0.2623099999999994,0.0039765935948451,99.0,10.088611986532047,0.0259665484502518,10.083603333333546,10.041436666666655,10.14409666666664,0.083721666666678,0.0008848403215847,7.264191399409321,0.9999884599341604,1000.0,-0.0578311205506406,3.0258096297149095e-05,-0.0302561192147094,0.0188099789431177,0.0003538153078405,-3.4512233800155228,-0.0571372495760298,-0.046317115707536,-0.0312159392535913,-0.0220190964555198,1.7137953492362623e-05,0.0242980192520162,2.9804804804804803,3.3783783783783785,-0.0454133331149851,0.0454185241324436,0.0302595764323368,0.0356215418316979,0.3000927142438649,-0.9791964721764304,True,계산 완료,1.0518668,1.0340093,0.0008316999999999908,5.0,-0.0001980220853432199,1.0546211465545243,-0.00024827428571425113,10.05914166666674,0.013169404,0.00043592300000000125,35.69688828820833,39.55791836716047,-5.53802211824051,0.0027312276304323965,-0.003983361374024774,0.003109791016666463,0.0023770680942565097,-4.921820632316108,0.003532324537921433,-0.010525838932557097,0.0076071289879454254,0.005945074361664247,-4.505168143324147,0.005488282738441971,-0.017761261168406706,0.012955195608778978,0.010261737067915343,-4.286299411577887,0.007067915880309611,-0.02285947574893521,0.01704703437440167,0.013417483047390277,-4.096513261012805,0.009257903593877292,-0.028362462122321963,0.021478675502411747,0.016858799071080014,-3.839029433137666,0.014376046920372615,-0.03748909861769578,0.028664440591521602,0.02256536732491123,-3.681340271722501,0.01829920852787001,-0.044584268226443236,0.03440488981090126,0.02705632735294983,-3.648814701564769,0.017291908346619117,-0.0464809564289842,0.036398867068962705,0.028443017352122606,-3.4512233800155228,0.02429801925201623,-0.05783112055064066,0.0454185241324436,0.035621541831697905,additional_test
Batch 3,29,Batch3_029,858.0,True,"중간수명(500~1,000)",5.9C(15%)-4.6C-newstructure,True,2단계 정전류,5.9,15.0,4.6,True,False,99.0,1.07050026969697,0.0008073721228693,1.0707309,1.0663688,1.0712008,0.0032661,4.077620284497126e-06,99.0,1.0703968484848485,0.0008619829195196,1.0706502,1.0659409,1.0711167,0.003584,5.453217068655103e-06,99.0,0.0148241267474747,4.245813442466994e-05,0.014814113,0.014745088,0.014962286,-0.000165511,-1.132276190476093e-06,99.0,31.262889334066085,0.117219645784853,31.245662330516843,31.002613538642414,31.561119005290006,0.0212793653583815,0.0013341576251575,99.0,31.680285422399457,0.1266281747241119,31.67163095783756,31.461443,31.999889,0.0454994779998116,0.0011027293586205,99.0,30.83403920515218,0.1473676545514387,30.829386,30.393116,31.231075,-0.1117311218836896,0.0021775318992639,99.0,10.04197961279458,0.0017783824695267,10.041565000000022,10.039976666666917,10.056044999999964,-2.8333333467855937e-05,6.66872799592438e-08,0.8462462172472786,1.0000966622348293,1000.0,-0.0289214751611649,0.0002434664412601,-0.0113005751485532,0.0092988492213573,8.646859684153877e-05,-4.063141583404622,-0.0273766665100085,-0.019416449787249,-0.0097297456382801,-0.0031630172715106,0.0002318320438239,0.0162534325157383,2.8978978978978978,3.313813813813814,-0.0169659621423107,0.0170808959895059,0.0113773183952448,0.0146316481276989,-0.3489725395465391,-1.179653847359018,True,계산 완료,1.0663688,1.0696349,0.0048319999999999474,40.0,4.077620284497126e-06,1.0702923110624611,-5.787714285710765e-05,10.041687666666647,0.014745088,-0.00016551100000000013,31.262889334066085,31.680285422399457,-5.567810991704372,0.0006692529976278228,-0.0005704435248575779,0.001719763271123621,0.002000360947376362,-5.442183715771785,0.001063399262567849,-0.003226557955092968,0.0017137265285632084,0.0019302244136673236,-5.221731954761454,0.003574211250332902,-0.007620800133606664,0.0029734804953257896,0.0028778438908053914,-4.955702927420641,0.0035471017602429038,-0.008576447000971377,0.0038130920675487267,0.003657707564280857,-4.770684395605036,0.0060258940888244855,-0.012303511667274836,0.005623875810006072,0.005123523117902164,-4.475956203866129,0.00963691887315915,-0.018508726662896047,0.009548229950642032,0.008553597938219979,-4.377537786928622,0.010863412480777684,-0.0205719412335168,0.010782353849426732,0.009547247703205159,-4.233077770993618,0.013001352800215665,-0.024312370628887803,0.013506562955080584,0.011763326116322874,-4.063141583404622,0.01625343251573838,-0.028921475161164945,0.017080895989505945,0.014631648127698928,additional_test
Batch 3,30,Batch3_030,935.0,True,"중간수명(500~1,000)",5.3C(54%)-4C-newstructure,True,2단계 정전류,5.3,54.0,4.0,True,False,99.0,1.0717059313131312,0.0005663031609764,1.0719142,1.0687393,1.0723398,0.0022714999999999,-3.4165367965277937e-06,99.0,1.071375528282828,0.0006172689368633,1.0715793,1.0680537,1.0720278,0.0026631999999999,-2.610619666036507e-06,99.0,0.0155726789292929,3.864527273655465e-05,0.015566248,0.015509814,0.015732529,-0.0001141259999999,1.090679901053836e-07,99.0,32.24311941023021,0.1145964166302293,32.21872935332666,32.042556612181926,32.569275339554544,0.0711917555947678,0.0022207800150031,99.0,33.95640656351435,0.1788083771209312,33.933659,33.63328143973401,34.756857996430846,0.3226411944837792,0.003956416396494,99.0,30.734525348486088,0.1205479581177173,30.7198951618384,30.474829,31.02437389354293,-0.0395299999999991,0.0019471046038376,99.0,10.04344259259257,0.0017079819818232,10.043569999999212,10.027135000000028,10.044550000000164,0.000338333334124,1.1389198103993812e-06,3.2218812150282696,1.0003084200554235,1000.0,-0.0267371697557434,6.694454111319092e-05,-0.0111375708993828,0.0089146538093552,7.947105254065199e-05,-4.099791029541823,-0.0264472836648393,-0.0186647041389176,-0.0090746620533697,-0.0042029950605435,6.048030910107567e-05,0.0144617090783741,2.936936936936937,3.3483483483483485,-0.0167204943860709,0.0167440829412778,0.0111532808771506,0.0142631366475572,-0.3878939895668601,-1.136590292736975,True,계산 완료,1.0687393,1.0710108,0.0036004999999998955,33.0,-3.4165367965277937e-06,1.0718801746897544,-1.1848571428550783e-05,10.043678666666674,0.015509814,-0.00011412599999999912,32.24311941023021,33.95640656351435,-5.815165550872195,0.0011455962908162587,-0.002960192968189612,0.0011791292348362272,0.0012710140209913298,-5.4734207096448175,0.0022230607341814502,-0.004652492619701798,0.002086808318963156,0.002087790950003384,-5.328161407951684,0.0034266074381304468,-0.006320902202388234,0.0029630457439469523,0.0028401996010253318,-4.9677682143810316,0.004936379237313215,-0.00929448571889735,0.004780348155374227,0.004354001317751793,-4.737154449019668,0.006446322148410344,-0.012602665361728715,0.006634912186006746,0.006003922971875516,-4.444688708330101,0.009336335465127563,-0.017942606200739064,0.010212347745212891,0.009063897339187775,-4.3938516816062325,0.01015651652227699,-0.019339781031978087,0.011257087781651904,0.009821982204380129,-4.297502108707138,0.011458082431583472,-0.021781263210167934,0.012979978837541857,0.011185323633440781,-4.099791029541823,0.014461709078374185,-0.026737169755743473,0.016744082941277858,0.014263136647557252,additional_test
Batch 3,31,Batch3_031,731.0,True,"중간수명(500~1,000)",5.9C(60%)-3.1C-newstructure,True,2단계 정전류,5.9,60.0,3.1,True,False,99.0,1.0707996878787878,0.0006479798904464,1.0709858,1.0681812,1.0716417,0.0016336999999999,-8.999562152120187e-06,99.0,1.0707608828282826,0.0006951679832286,1.0709852,1.0676646,1.071691,0.0020763999999999,-7.617333333323877e-06,99.0,0.015875272090909,4.547280390678258e-05,0.015866611,0.015812302,0.015983483,-2.983200000000047e-05,9.1429390228827e-07,99.0,34.00003070157337,0.130386531439219,33.99144536550202,33.716604467019614,34.3547561918923,0.1373363372206952,0.0028224067012984,99.0,36.77304266866142,0.1748529011490672,36.738033,36.32536182537691,37.242977,0.1725500000000011,0.0046231983274502,99.0,31.313092535645406,0.1456778688117048,31.308150558241977,30.816336554657795,31.701565315845485,-0.0802598976030566,0.0018597824322656,99.0,10.045700723905671,0.0022459595638876,10.045905000000491,10.029231666666844,10.048216666666365,0.0009516666672428,4.191754276572813e-06,5.459950133016016,1.0000362912270282,1000.0,-0.0356194097392656,8.180347755336339e-05,-0.0163505485614894,0.0120341589420205,0.0001448209814418,-3.839168510662861,-0.0353596547659446,-0.0270787984073016,-0.0155845542056478,-0.0062024855681392,3.718656993617591e-05,0.0208763128391624,2.906906906906907,3.5,-0.024546071220685,0.0245574359075411,0.0163581992464132,0.0202981920062353,-0.1210344435886632,-1.2920937389916802,True,계산 완료,1.0681812,1.0698149,0.0034605000000000885,33.0,-8.999562152120187e-06,1.0712586655485465,-3.1925714285679876e-05,10.046477666666663,0.015812302,-2.983200000000047e-05,34.00003070157337,36.77304266866142,-5.704873548855048,0.0006473342024294181,-0.001661884353861831,0.0011309576301910128,0.0014049868505130753,-5.321857617577512,0.0029072657283377807,-0.005481882832433671,0.0029492604835251388,0.0026029039387812183,-4.870968325390209,0.0056718031519156775,-0.01122015477010574,0.006392518010049629,0.00561939132572745,-4.741064994454681,0.0068749389253284915,-0.01291207412083517,0.007299952483725931,0.006282136572636269,-4.496903680263512,0.008996565572356952,-0.017481167581445023,0.010324541221984004,0.00888240814557204,-4.180267182215657,0.013677321319864058,-0.024269169060241236,0.015738629308678496,0.013239768392708308,-4.11713567236458,0.014839613909922195,-0.026627996206804116,0.01735987202810081,0.014491393246592066,-3.9848488222434266,0.017502919418959928,-0.030520630076063315,0.020367280133976238,0.016927908026112104,-3.8391685106628604,0.020876312839162414,-0.035619409739265695,0.024557435907541197,0.02029819200623534,additional_test
Batch 3,32,Batch3_032,,False,Target 결측,4.8C(80%)-4.8C-newstructure,True,2단계 정전류,4.8,80.0,4.8,True,False,99.0,1.074329306060606,0.0005744737055168,1.0745502,1.0725862,1.0750592,0.0008046000000001,-1.0736820037099118e-05,99.0,1.0746017202020204,0.0006388224187119,1.0748407,1.0724629,1.0753641,0.0012626999999998,-1.0822682745814792e-05,99.0,0.0153720729494949,5.169517940328901e-05,0.015362737,0.015263474,0.015545605,-0.0001714469999999,-1.4005707359305369e-06,99.0,35.436174962805026,0.2115410729215504,35.4421503912907,35.05435710351588,35.89903071725052,0.4871778490575025,0.0065492224269357,99.0,38.1223484949636,0.2349569457842091,38.11301195399593,37.65030605260015,38.663817380662245,0.5441880022694647,0.0074264338754402,99.0,32.229792601449525,0.1792737539201225,32.227169,31.879961732473685,32.70293,0.2320060000000054,0.0048114512869866,99.0,11.039484747474772,0.0046606163728623,11.038458333333256,11.021603333334012,11.055375000000156,0.0011466666672887,-3.735724582598594e-07,5.892555893514077,0.9997466254728626,1000.0,-0.0101214004162617,0.013679013186735,-0.0032569008987653,0.0046083013364574,2.123644120759552e-05,-4.672918239899017,-0.0097108962120472,-0.0062859376580836,-0.0039831640857699,6.266511745581986e-05,0.005260529049117,0.0063486027755395,2.8453453453453452,3.1621621621621623,-0.0048881390333836,0.0069630232325217,0.0046387790730098,0.0056411530940727,1.090811088023523,1.80793704362274,True,계산 완료,1.0725862,1.0733908,0.0024730000000001695,23.0,-1.0736820037099118e-05,1.0748768838824987,-4.55342857142642e-05,11.037869333333315,0.015263474,-0.00017144699999999992,35.436174962805026,38.1223484949636,-5.475056071371098,0.0002850391634389325,-0.00014260364171359008,0.0013960309475888593,0.0020456089292226693,-5.244181943187568,0.0005318124075006851,-0.0011522704735302813,0.001737690091274019,0.002487474749380459,-5.213768066190937,0.0011779175503566198,-0.002504192445132003,0.0020530334769179185,0.0024834124659286845,-4.875639158168282,0.0016430242012836793,-0.003165715009733061,0.0031308459458309,0.003664310600972107,-4.728671845631278,0.0022665817733533234,-0.003815350774790005,0.0038590273245071626,0.004336224915866352,-4.895585682856163,0.0038168172074315816,-0.006820699383888518,0.004546020884874199,0.0039345831725198024,-4.889866785167174,0.004705744609323936,-0.007939865881240848,0.005224901418779735,0.004302354209126204,-4.4534500382170945,0.004213628728881088,-0.0067197805560677,0.006283085946015975,0.0059703799159352205,-4.672918239899017,0.00634860277553951,-0.01012140041626175,0.006963023232521773,0.005641153094072756,excluded_target_missing
Batch 3,33,Batch3_033,1284.0,True,"장수명(>1,000)",5C(67%)-4C-newstructure,True,2단계 정전류,5.0,67.0,4.0,True,False,99.0,1.062159194949495,0.0006018904487705,1.0624362,1.060272,1.0629164,0.0006477999999998,-1.2591045145325148e-05,99.0,1.062158602020202,0.0006165880831491,1.0623978,1.0601134,1.0628856,0.0007971999999998,-1.2969280148415471e-05,99.0,0.0153407971717171,3.744112198847582e-05,0.015335715,0.015279103,0.015512635,-0.0001539929999999,-2.963244526899751e-07,99.0,33.10710984192206,0.1313805414733602,33.07998489148884,32.86878091519006,33.432665965833635,0.1541846703620706,0.0032102352684933,99.0,34.284327507895505,0.135607273315479,34.25626779633584,34.03369277678369,34.695709,0.0410836375092245,0.0029764292665075,99.0,31.679991708191025,0.1360293549775831,31.658596,31.415869,32.01797948147333,0.1945259999999997,0.0030148524348089,99.0,10.043259696969717,0.0005797344455966,10.043294999999732,10.04203833333304,10.045731666666688,-0.000381666666362,-1.8525664806583784e-06,2.6043357997044776,1.000000567015111,1000.0,-0.0198859256479102,0.000110279790711,-0.0078486783617875,0.006342611189003,4.022871669486616e-05,-4.3954638105040384,-0.019334037886002,-0.0128371238540715,-0.0065155547955548,-0.0032283271107415,8.1974900578408e-05,0.00960879674333,2.9024024024024024,3.2672672672672673,-0.0117824971374036,0.0118192838397146,0.0078731783055266,0.0100891149267397,-0.4206664319206151,-1.0079638350521714,True,계산 완료,1.060272,1.0609198,0.00264439999999988,31.0,-1.2591045145325148e-05,1.0628013382519066,-7.97228571428083e-05,10.043301333333366,0.015279103,-0.00015399299999999984,33.10710984192206,34.284327507895505,-6.057907796997378,0.0002462513990725834,-0.0007006826797327781,0.0007060711312628447,0.0009842327155279587,-5.7989374580408155,0.0014069085293142275,-0.0031714302499489255,0.0014203104298385325,0.001403375170977605,-5.449557525132794,0.0021401322385712824,-0.004877661367832964,0.0022958925310019728,0.002140020452656251,-5.21340105596704,0.0035331746813340916,-0.007337422243321345,0.0036955504101030844,0.0032528355903653303,-4.961875793594408,0.004058835106727377,-0.008531276629368145,0.004597624744291932,0.004013128553223121,-4.8025257858166865,0.005657424091130528,-0.012487611757151296,0.00675610883716833,0.005901780360129856,-4.695758673201563,0.006615436169639999,-0.014215543104795225,0.007928556615483582,0.006890251876380951,-4.539179677290448,0.007803041217208095,-0.01694694351116044,0.009746745717306538,0.008367189616670935,-4.3954638105040384,0.009608796743330095,-0.019885925647910252,0.01181928383971465,0.010089114926739785,additional_test
Batch 3,34,Batch3_034,1158.0,True,"장수명(>1,000)",5.3C(54%)-4C-newstructure,True,2단계 정전류,5.3,54.0,4.0,True,False,99.0,1.063246013131313,0.0007925772290505,1.0634384,1.061535,1.0642781,1.430000000013365e-05,-2.1157972789101247e-05,99.0,1.063221966666667,0.0008296124772741,1.0634083,1.0609888,1.0643144,0.0004625999999998,-2.1022834879395302e-05,99.0,0.015302312080808,3.6430062228508406e-05,0.015295491,0.015220164,0.015438841,-0.0001069079999999,2.1168791589379257e-07,99.0,35.77943527518051,0.161728515070216,35.77371585948215,35.479451378429054,36.130207661708205,0.3068554147985551,0.0047268840888978,99.0,38.98815031750086,0.2601372240892493,39.028423,38.486091801591414,39.49040963165045,0.4532089967232124,0.0084429937197292,99.0,32.239079738028686,0.1317730816084535,32.221397,31.956257,32.630889190178536,0.2235790000000008,0.0028132604680265,99.0,10.04353981481482,0.002387547353066,10.043899999999848,10.027009999999912,10.045091666666606,-0.0009283333340128,-9.72133580580914e-06,6.7490705794721775,1.0000226455764434,1000.0,-0.0215098927699143,3.2994643437143575e-05,-0.0095520055677729,0.0070369992313778,4.951935818241303e-05,-4.305224984047362,-0.0210301273383353,-0.0155539366392867,-0.0087065081980392,-0.0044091681677359,7.825089693739554e-06,0.0111447684715508,2.9054054054054053,3.3063063063063063,-0.0143394056099973,0.0143423995917326,0.0095539995596086,0.0118621519629027,-0.184356909725651,-1.155590981318808,True,계산 완료,1.061535,1.0615493,0.0027430999999999983,21.0,-2.1157972789101247e-05,1.0643250697435578,-8.554285714286518e-05,10.044184666666649,0.015220164,-0.00010690799999999931,35.77943527518051,38.98815031750086,-5.902308872717681,0.00030209480751713924,-0.0008335576790867716,0.0008235101796915749,0.0011393093050973086,-5.76570091057155,0.001910387170751027,-0.0032425930099508893,0.0018464745522955945,0.0016214318088377238,-5.377818066391,0.0030546113067133826,-0.005396628742006859,0.00313430939751748,0.0026623515399133305,-5.155435970183976,0.0044250179008885745,-0.00761640663541252,0.0044250237461551335,0.003736449548934662,-4.931014585856138,0.0052734249767804765,-0.009155317472407387,0.005455380056900921,0.004575949864533335,-4.721841722012682,0.006550923403575437,-0.01331203415279858,0.008204416370337187,0.006921742268311575,-4.6050987665416665,0.007565576208015054,-0.014833895937864772,0.009158762982813894,0.007678242972442587,-4.474442468395756,0.008839943118671034,-0.018066884551249496,0.011628963917201623,0.009665123391278532,-4.305224984047362,0.011144768471550826,-0.02150989276991433,0.014342399591732603,0.011862151962902717,additional_test
Batch 3,35,Batch3_035,1093.0,True,"장수명(>1,000)",5.6C(19%)-4.6C-newstructure,True,2단계 정전류,5.6,19.0,4.6,True,False,99.0,1.0644993393939397,0.0006889583869454,1.0647125,1.0632327,1.0654298,-0.0001473,-1.953093877550406e-05,99.0,1.0643435606060607,0.000716803441708,1.0645416,1.0630448,1.0653293,1.3900000000122148e-05,-2.0220006184284706e-05,99.0,0.015374372010101,3.200186358619911e-05,0.015367848,0.015308049,0.01549053,-7.601500000000046e-05,1.175658627105151e-08,99.0,35.532941501822236,0.1667328840221366,35.535286440181864,35.20802981303255,35.929607880527264,0.3272790524404456,0.0049062369909223,99.0,38.53730929443863,0.2353754641883827,38.54007,38.119133,39.086731,0.5124756068024254,0.0075774109672106,99.0,32.24024694280969,0.170553175138666,32.241825,31.761244,32.644882,0.156720375415162,0.0042656024745382,99.0,10.043588619528592,0.0004566939164943,10.043591666666424,10.042409999999895,10.044661666666313,-0.0009416666667672,2.2225932793890723e-06,6.297062351628934,1.0001463801067367,1000.0,-0.0230280751526336,9.043865599416e-05,-0.009826425701495,0.0076346320480378,5.828760650892634e-05,-4.2344237704996575,-0.0226871714636089,-0.016344689703039,-0.0085273495931053,-0.0039165352233294,5.65821800550024e-05,0.0124281544797096,2.90990990990991,3.2537537537537538,-0.0147518003283127,0.014768640827839,0.0098376414741795,0.0124413809912493,-0.2967815263446252,-1.1525795298029018,True,계산 완료,1.0633804,1.0632331,0.002049399999999979,27.0,-1.953093877550406e-05,1.0654954172714903,-6.167142857137647e-05,10.043148666666676,0.015308049,-7.601500000000046e-05,35.532941501822236,38.53730929443863,-5.790003815077674,0.0003122834831600363,-0.0005540482369559285,0.0010008472511193534,0.0013926512706710571,-5.742113003748912,0.0015496507503764585,-0.0032204195149205805,0.001534699220934261,0.0014949197992279227,-5.277788391332759,0.003053986513248539,-0.005816218337184931,0.0029509535497373052,0.002739742283606687,-5.048065871597847,0.0044379394514947905,-0.007795558422762694,0.0041353596505350415,0.003695417002538103,-4.840364635567144,0.005647267421385616,-0.009811170277605807,0.005516128411834107,0.004765199382612084,-4.630841988127573,0.007584963788896226,-0.014188374065302711,0.008237533634343736,0.007167604541262782,-4.447248016027108,0.009517877617250037,-0.01768852104454921,0.010688833220178894,0.009199958712517883,-4.4194674903523605,0.009269435790962288,-0.018238613896992772,0.011031738114335422,0.009335054892675877,-4.2344237704996575,0.01242815447970963,-0.02302807515263361,0.014768640827839097,0.01244138099124933,additional_test
Batch 3,36,Batch3_036,923.0,True,"중간수명(500~1,000)",5.6C(36%)-4.3C-newstructure,True,2단계 정전류,5.6,36.0,4.3,True,False,99.0,1.0593632474747476,0.0008542720214315,1.0595342,1.0575287,1.0606048,0.0002379999999999,-2.197191960419553e-05,99.0,1.0592286191919191,0.0008722885362919,1.0594124,1.0571625,1.0605196,0.0004599,-2.122242671613564e-05,99.0,0.0151344318989899,3.579709085674449e-05,0.015132029,0.015083324,0.015275053,-8.82880000000006e-05,-3.1053803325707573e-10,99.0,35.87907157748097,0.1506403638487159,35.86413922237587,35.593412343286666,36.24313701402739,0.2595872335043268,0.0042739070333223,99.0,39.38680749559564,0.2548587358278567,39.416981,38.930885,39.893036,0.4891588727639799,0.0082808396661361,99.0,32.17568860041181,0.1286224535623992,32.16691215376316,31.939495,32.526413,0.1557389999999969,0.0025496415663888,99.0,10.043494949494974,0.0005025444585363,10.04348499999954,10.04232333333348,10.044748333333215,0.0005866666671252,2.169387756758841e-06,7.211118895183827,1.000127116373479,1000.0,-0.0229818135179924,0.0001576289456491,-0.0099083574699246,0.0074728849412104,5.5844009344570225e-05,-4.253023401130269,-0.0225265768690813,-0.0161992441694292,-0.008831818840679,-0.0044596961769639,0.0001411032875835,0.0117395479924652,2.9114114114114114,3.2882882882882885,-0.0148746294046834,0.0149395890343844,0.0099516775845418,0.0124082115184677,-0.2514985348977507,-1.0963063130947044,True,계산 완료,1.0575287,1.0577667,0.003076099999999915,22.0,-2.197191960419553e-05,1.060483815374562,-2.3022857142821547e-05,10.043801000000046,0.015083324,-8.82880000000006e-05,35.87907157748097,39.38680749559564,-5.8630412168705135,0.00048723926459803835,2.0362018254838077e-05,0.0013261087253996651,0.0014663692874224536,-5.7759980174152075,0.0012354489921109775,-0.0028151375507551313,0.0013858704189496406,0.0013849162761213072,-5.429702873935765,0.0024729406518900167,-0.005006795952430809,0.0025871660669677483,0.0023205124414359996,-5.17055643985096,0.004286975085200915,-0.007599376763060328,0.004115803651627858,0.0035503054603806873,-4.926767203416118,0.005120911219673436,-0.00946303102806767,0.00527920185951112,0.004487755824284079,-4.691332382983722,0.006613212479768704,-0.013871354152994675,0.008128384936660384,0.006971476988197404,-4.560710462067798,0.007691505369483598,-0.01602729571365702,0.00950056515501306,0.008066701667039761,-4.434999941345665,0.009115419039128991,-0.018896975688302065,0.011733933289425576,0.009840804383820817,-4.253023401130269,0.011739547992465321,-0.022981813517992444,0.014939589034384481,0.01240821151846778,additional_test
Batch 3,37,Batch3_037,1390.0,True,"장수명(>1,000)",4.8C(80%)-4.8C-newstructure,True,2단계 정전류,4.8,80.0,4.8,True,False,99.0,1.049442304040404,0.0019058023829454,1.0494395,1.0410731,1.0586847,0.0018122,-2.0516487322038378e-06,99.0,1.0502066717171716,0.0067265435320966,1.0491339,1.0370865,1.1030053,0.0027258999999999,-9.52403586888579e-06,99.0,0.0147157734141414,0.0003012129572428,0.014754607,0.01243343,0.015105647,-0.0001329569999999,7.5484729746458e-07,99.0,35.01461049108638,0.4619391672983742,35.084601469110574,32.50627536307353,35.75186084255455,-0.2620020321171949,0.0044419168148395,99.0,37.82132622347397,0.1471362025472132,37.80948251653669,37.539604,38.20889912669421,0.1485249999999993,0.0039272164818421,99.0,31.973894538119445,0.245727192990468,31.984638,31.092140415529904,33.125771,0.132567902461588,0.0037473004958102,99.0,11.03842819865316,0.0004582929899689,11.038366666666844,11.037473333333036,11.03980833333335,-0.0003283333336483,-2.487466502983739e-06,5.847431685354521,0.9993029128166028,1000.0,-0.0084398229887185,0.0132404207049293,-0.0010767977663257,0.0028235100063438,7.972208755923954e-06,-5.098421283147427,-0.0050498164012987,-0.002620165342585,-0.0009924864950162,7.331331029959524e-05,0.0041496888283125,0.0026934786528846,2.8843843843843846,3.006006006006006,-0.0016177684896814,0.0032671143874126,0.0021765420090845,0.0030205512703366,1.1339730831189871,3.442159860673197,True,계산 완료,1.0465839,1.0483961,0.012100800000000023,54.0,-2.0516487322038378e-06,1.0495469381257467,-4.872571428569408e-05,11.038556666666702,0.01243343,-0.00013295699999999952,35.01461049108638,37.82132622347397,-5.023730499239782,0.002221035740515036,-0.00013235991113259792,0.0034963008069753988,0.003847896275459028,-5.091472686529845,0.0015406231034955087,-0.0001709355907147094,0.0034680652385833547,0.0036440905751936657,-5.102862713050945,0.0009901601543874372,-0.00029090007423937525,0.003229503563845739,0.0035157681434083315,-4.953609587281479,0.0009783238193678823,-0.00046894148784615286,0.0035896045466999827,0.004093266801128458,-4.768486572015704,0.0008204417771793815,-0.0007432224577086366,0.0041231812869571595,0.00494812473197205,-5.071839933023135,0.0008098682429486111,-0.003524010962414059,0.0022659155558431487,0.00311697582213768,-5.209966372244349,0.0012378108835902069,-0.0054881266756672265,0.0021229787359510026,0.0024869656841969984,-4.691097988931176,0.0010486705507454777,-0.0042933852332681655,0.003513169089013576,0.004713834242376378,-5.098421283147428,0.0026934786528846188,-0.008439822988718593,0.0032671143874126105,0.0030205512703366105,additional_test
Batch 3,38,Batch3_038,1935.0,True,"장수명(>1,000)",5C(67%)-4C-newstructure,True,2단계 정전류,5.0,67.0,4.0,True,False,99.0,1.0719827515151514,0.0004599846346953,1.0721067,1.0701473,1.0726566,0.0009221999999999,-8.787589363008528e-06,99.0,1.071834697979798,0.0004984281243047,1.0719382,1.0697832,1.072524,0.0010968999999998,-9.43691403832555e-06,99.0,0.0158358992424242,3.85952743144805e-05,0.015833518,0.015742945,0.015988033,-0.000115897,-2.3402310451437967e-07,99.0,34.745836319764145,0.1746918671289842,34.74602722470309,34.345505149638996,35.13555686929482,0.3281059082033977,0.0049157420149149,99.0,37.739090670595026,0.2546958884776806,37.770985,37.184914,38.268311,0.5462878093353751,0.0081851356000294,99.0,31.511033631406463,0.1532727320949622,31.50251633130119,30.966864,31.843166,0.1011249999999996,0.0032651168595783,99.0,10.043707962962928,0.001150892179695,10.043544999999964,10.042595000000436,10.05276833333337,-0.0052766666672461,-5.367841682862239e-06,6.22805703918856,1.000138148606839,1000.0,-0.0201470057216749,0.002919863667119,-0.0086930833729754,0.0067482433281736,4.553878801624049e-05,-4.341618522481463,-0.0196000906694633,-0.0143502933360844,-0.0085072678006897,-0.0038264164557656,0.0004425683460207,0.0105238768803188,2.8528528528528527,3.165165165165165,-0.0130499116641755,0.0133779906391024,0.008911695339998,0.0110028608896834,-0.0542461189456792,-1.1767683743249504,True,계산 완료,1.0701473,1.0710695,0.0025093000000000476,22.0,-8.787589363008528e-06,1.0724309185726653,-6.442571428563821e-05,10.044471,0.015742945,-0.00011589700000000022,34.745836319764145,37.739090670595026,-5.491420506627575,0.00037129325695933746,-0.0007101150776347431,0.0013312384597693899,0.0019159118448152518,-5.43197363687428,0.0012872896864930545,-0.002694704908791312,0.0017761075819663485,0.0019248401607289533,-5.232357449220898,0.0032104628979842905,-0.005710438464727408,0.0032923886384461235,0.0028548721644344136,-4.9522436698618195,0.004107531469656052,-0.007217077855540932,0.004448098910032512,0.0038165192880317616,-4.7553224041314754,0.005186994194374283,-0.009057552582706463,0.005784117245665963,0.004904778629009863,-4.692640362357707,0.008372436720101859,-0.012750244589945114,0.007941925164382227,0.00657821294998304,-4.537174116257799,0.008656472213285082,-0.016181743159277673,0.010377573923371393,0.008647376588740603,-4.472174178221804,0.010125911976462926,-0.015263946415464691,0.009804139759731854,0.008021383875284529,-4.341618522481463,0.010523876880318805,-0.020147005721674938,0.013377990639102423,0.011002860889683486,additional_test
Batch 3,39,Batch3_039,1156.0,True,"장수명(>1,000)",5.3C(54%)-4C-newstructure,True,2단계 정전류,5.3,54.0,4.0,True,False,99.0,1.0505830505050504,0.0007780722204785,1.0508008,1.0474036,1.0515106,0.0021002000000001,-6.583238095227178e-06,99.0,1.050388760606061,0.0008187876179011,1.0506778,1.0468264,1.0513157,0.0024990999999998,-5.7410327767421026e-06,99.0,0.015563160080808,4.4284890325209795e-05,0.015556182,0.015480768,0.015740704,-0.000155274,4.7391515151692576e-08,99.0,33.887021839840784,0.1368761174355878,33.86692809974586,33.569883888758476,34.23797454747976,0.1891652805666268,0.0031826789405737,99.0,36.074946023996944,0.1732749294624732,36.07218472411868,35.634205,36.491322,0.2483111735115173,0.004366654061007,99.0,31.395684343874585,0.153196038480486,31.385269,30.99731619825322,31.762675532694455,0.0244117006438067,0.0028144737989547,99.0,10.043092710437712,0.0028734466925507,10.043549999999716,10.026743333333677,10.044561666666414,-3.6666665740980875e-05,-1.1211111109957116e-05,4.679261680122357,1.0001850009945197,1000.0,-0.0174579176948327,0.0056977073419029,-0.0064284385895605,0.0059278842874001,3.513981212480534e-05,-4.4542005524332575,-0.0168160422932771,-0.0112077320024765,-0.0056509979806977,-0.0011684891851248,0.0005631665510185,0.0100392428173516,2.855855855855856,3.1666666666666665,-0.0096510231693837,0.0101632473068913,0.0067695798651406,0.0087423964113069,-0.2929782536006268,-1.002022565197081,True,계산 완료,1.0474036,1.0495038,0.004107000000000083,23.0,-6.583238095227178e-06,1.0509187956479074,-6.183142857132974e-05,10.043833000000012,0.015480768,-0.00015527400000000038,33.887021839840784,36.074946023996944,-5.395453218312813,0.00044842241954917705,7.130615230693799e-05,0.002335586174184536,0.0025377430389499672,-5.573770223774101,0.0008893224185483883,-0.001974608275740697,0.0014123316915427568,0.0016739695931583406,-5.24053626635489,0.0014613952689056797,-0.003488653609473147,0.0020765890852865137,0.0023967577641827754,-5.141288078748669,0.0026076045607566823,-0.0058015565011829695,0.0028663190107955858,0.002846762247329992,-4.841065539093734,0.002949264978937222,-0.00670771506577339,0.0038461582672059237,0.003878931542167504,-4.789761294525397,0.005189547065989396,-0.010108075513881154,0.005371133291597657,0.004811159350984172,-4.655168485653601,0.008016117928656155,-0.013920814901214107,0.007721317288156938,0.006813009234519832,-4.545922121597044,0.009389049663372284,-0.015389978182500097,0.008772929827697798,0.0076004111965297825,-4.4542005524332575,0.01003924281735169,-0.017457917694832736,0.010163247306891377,0.008742396411306926,additional_test
Batch 3,40,Batch3_040,796.0,True,"중간수명(500~1,000)",5.6C(19%)-4.6C-newstructure,True,2단계 정전류,5.6,19.0,4.6,True,False,99.0,1.062999387878788,0.0008155671570181,1.0632297,1.0593235,1.0638335,0.0024338999999999,-7.692147186138772e-06,99.0,1.0627042929292927,0.0008758777422901,1.0629675,1.0585489,1.0635898,0.0029683,-6.104556586263966e-06,99.0,0.0153907493838383,6.615784567071345e-05,0.015393349,0.015254971,0.015561919,-0.000234305,-2.119920581323297e-06,99.0,34.05341123035083,0.2530495415192674,34.03152142327656,33.662682568368645,34.63881062704304,0.5721850731935589,0.0080103071123377,99.0,37.527810173662246,0.3908424360322958,37.53833377387797,36.918242398420354,38.358112,1.1471057225072343,0.012909553059396,99.0,30.94064865564031,0.1531002426451915,30.908640866071824,30.658075,31.645513791081168,0.1243431744144309,0.0028483546316659,99.0,10.043764865319858,0.0014355178274664,10.043501666666511,10.041983333332851,10.05444666666687,-0.0005349999994592,-6.529004329508398e-06,6.587161518021938,1.0002777323871923,1000.0,-0.0220537944821722,7.870441953502887e-05,-0.0090788614789257,0.0071230028550392,5.073716967289697e-05,-4.294673754603611,-0.0214539560395145,-0.0149653604222064,-0.0079309709354737,-0.0031160808728433,7.008972800165394e-05,0.0118492795493631,2.8978978978978978,3.346846846846847,-0.0136300470018099,0.0136575510780308,0.0090971827351251,0.0115374242470642,-0.315904948455991,-1.1382019473309302,True,계산 완료,1.0593235,1.0617574,0.004510000000000014,32.0,-7.692147186138772e-06,1.0633916873852816,-5.9200000000004454e-05,10.043562999999995,0.015254971,-0.00023430500000000062,34.05341123035083,37.527810173662246,-6.5289243015954606,0.0007345215919348175,-0.0014331346109541787,0.0006735429448537491,0.0005623005852774928,-5.891158429403447,0.0017491960790784883,-0.002648869455427527,0.0013158800540685547,0.0011558713666907701,-5.257557144454678,0.003643952722482638,-0.00643485956062273,0.0029305177528780053,0.002967031053779628,-5.188731788679079,0.0036190844083216784,-0.007193980105986264,0.003115331766534008,0.003042412531508586,-4.878974334450573,0.0061758011083465625,-0.011047086010077423,0.005478961725499312,0.005125593851329335,-4.576226163911636,0.008922949511469866,-0.015327902062052479,0.008707390247453529,0.007745915683063536,-4.648024507261383,0.007442860763678651,-0.01512578242896645,0.00832396059883729,0.0072943399630082005,-4.482483155159852,0.009069749642510588,-0.018249314199436317,0.01065976022977274,0.009127289112479937,-4.294673754603611,0.011849279549363101,-0.022053794482172262,0.01365755107803082,0.011537424247064254,additional_test
Batch 3,41,Batch3_041,786.0,True,"중간수명(500~1,000)",5.6C(36%)-4.3C-newstructure,True,2단계 정전류,5.6,36.0,4.3,True,False,99.0,1.0543741434343434,0.0006872741398439,1.0545512,1.0505219,1.0548838,0.0036312,9.732244897973014e-06,99.0,1.054001121212121,0.0007591962882794,1.0541985,1.0497104,1.0545224,0.0040158999999999,1.1016523191106023e-05,99.0,0.0183069925353535,0.0001458186616609,0.018311786,0.017006677,0.01854171,-0.0001731319999999,-8.3118972170679e-07,99.0,33.640262798950594,0.1380016895533145,33.623107492407975,33.3944242723719,33.99743721880324,0.1639320860201181,0.0035844335737144,99.0,36.62919119540175,0.2506225306694305,36.653023,36.107761,37.245838,0.4976729999999989,0.007830152634629,99.0,30.825456412280783,0.1215041104985912,30.81106643331884,30.47063701600857,31.154322417193953,0.1544619999999987,0.0021965888955434,99.0,10.043162962962906,0.0007486585341303,10.043064999999965,10.041863333332971,10.047905000000416,0.0013016666668903,2.4637188201763077e-06,5.803734783120972,1.0003539606317446,1000.0,-0.0241929936990986,2.005198008902913e-05,-0.0097480505250246,0.0077707434407486,6.038445362193824e-05,-4.219074851790469,-0.0236354783553556,-0.0158865157369652,-0.0084503453214442,-0.0035509528326047,1.2254661790568392e-05,0.0123355629043604,2.888888888888889,3.3228228228228227,-0.0146342836702825,0.0146377804634061,0.0097503793892449,0.0124638901714813,-0.357670286125672,-1.0624409011807083,True,계산 완료,1.0505219,1.0541531,0.004361900000000141,58.0,9.732244897973014e-06,1.0538777989445471,-4.183428571421844e-05,10.042974333333357,0.017006677,-0.00017313199999999945,33.640262798950594,36.62919119540175,-5.698873590872257,0.0004506987282860105,-0.0010770359028788867,0.00103323764357347,0.0014611265911539087,-5.386068194782519,0.0014778085631126092,-0.003840305527246568,0.001904566014756874,0.00205429625250736,-5.165511068478318,0.003716131537833927,-0.007609533445552152,0.003475312403171846,0.0032985127724084492,-4.94347054844925,0.0044168215327961185,-0.009372913333324906,0.004604025843973839,0.004188085709894219,-4.751900707667393,0.005957276102948404,-0.011666614320775093,0.005942829469484703,0.005328506433526539,-4.576059146261333,0.007827328939747996,-0.01611457350847101,0.008607640803686386,0.0076731669258069774,-4.436708513340221,0.009254730677978856,-0.018925121904371567,0.010628142320358937,0.009293516249725797,-4.399973039839751,0.011242817632993209,-0.01902399938859245,0.010750307424210293,0.009309769037291476,-4.219074851790469,0.012335562904360442,-0.024192993699098664,0.014637780463406105,0.01246389017148138,additional_test
Batch 3,42,Batch3_042,1642.0,True,"장수명(>1,000)",4.8C(80%)-4.8C-newstructure,True,2단계 정전류,4.8,80.0,4.8,True,False,99.0,1.0695203565656566,0.0004726080002176,1.0696383,1.0669198,1.0699885,0.0020447999999999,1.8104885590771407e-06,99.0,1.0694715696969697,0.000504629294622,1.0695565,1.0664531,1.0699875,0.0025284,2.165186147196434e-06,99.0,0.0161318303232323,0.0001635020322857,0.016202541,0.015753616,0.016376682,-0.0005620929999999,-4.888674495980027e-06,99.0,33.03326599301577,0.3988056146922538,32.864131481685966,32.59817227792929,34.04851615450846,0.931014570567264,0.0116665318274193,99.0,35.57262282220451,0.5857992616860627,35.30603,34.933067,37.087307,1.228779000000003,0.0170627238842539,99.0,30.694617546719012,0.1475783459796026,30.67498,30.329844727413835,31.103407,0.3876240854150836,0.0027054071705085,99.0,11.03849814814812,0.0013742806382516,11.03834666666662,11.037019999999512,11.049676666666832,-0.000156666666589,6.9363017933703745e-06,4.878005275485504,1.0000456330669123,1000.0,-0.0056097890463586,0.0217020984664725,0.0007845194706261,0.0067161426721694,4.510657239293505e-05,-4.345760163659635,-0.0052989912229591,-0.0027148975925652,-0.0010749070242839,0.000201219552038,0.019239237814649,0.0029161171446032,2.8213213213213213,3.0870870870870872,0.0011782286674736,0.0060212681293422,0.0040104368754215,0.006758471470705,1.9895572581683252,2.940921517189741,True,계산 완료,1.0669198,1.0689646,0.0030687000000000353,32.0,1.8104885590771407e-06,1.0694280216491439,-3.579428571428168e-05,11.038937333333307,0.015753616,-0.0005620929999999996,33.03326599301577,35.57262282220451,-5.329460935970596,0.00020479945568013802,2.7571900057322005e-05,0.0021866634278136536,0.002607758262884041,-5.299829436289414,0.0006651660798709493,-0.00047940655147560296,0.0018986095450895012,0.0025350507071395904,-5.52916459333475,0.0023516432274886534,-0.004199893362722196,0.002011838856263053,0.0019378149059302173,-5.033435672210789,0.0015077680751183877,-0.003391253168954389,0.0025386439150629557,0.0030681346031206304,-5.022021597422559,0.002880278564560493,-0.006192714660495646,0.0033376498659849906,0.0032359247468678274,-4.9900159933866455,0.005402300382345238,-0.00969580813965254,0.005064442854013959,0.00454029767260687,-4.536260798715139,0.0016244773588576914,-0.0036884887638379826,0.004488485474278218,0.005550502076035003,-4.349773274873686,0.0017587275962225872,-0.0037536029452593933,0.005352226050089009,0.006916225312274206,-4.3457601636596355,0.0029161171446032974,-0.005609789046358671,0.006021268129342236,0.006758471470705015,additional_test
Batch 3,43,Batch3_043,1046.0,True,"장수명(>1,000)",5C(67%)-4C-newstructure,True,2단계 정전류,5.0,67.0,4.0,True,False,99.0,1.0728844272727274,0.000470746030323,1.0730258,1.0701852,1.073334,0.0022332999999998,3.0410142238829537e-06,99.0,1.0726782111111113,0.0005129071666588,1.0728214,1.0696611,1.0731519,0.0025938999999999,3.773844155857431e-06,99.0,0.0158285013737373,0.0001399680778631,0.01586833,0.015550403,0.016024416,-0.0001450279999999,-3.034018701298576e-06,99.0,33.89526904792961,0.4936224584714778,33.69879575084625,33.12399877078902,35.08478558900868,0.8575400019597836,0.0134939092986181,99.0,36.95614928561784,0.7645003647642167,36.686323184335926,35.89484320170466,38.634735,1.5367700000000042,0.0219915664578922,99.0,30.878729493006865,0.1928905426267352,30.869220071187193,30.366573,31.421835,-0.0656069999999999,0.0036565992215104,99.0,10.043652104377044,0.0005084535146142,10.043633333332645,10.04253833333302,10.044923333333282,-0.0007233333325231,3.275407132419791e-06,6.077419792610973,1.0001922637674856,1000.0,-0.0129763989917587,0.0163622910624229,-0.0032660569334268,0.0069477350097862,4.8271021766209893e-05,-4.316313499254323,-0.0126342501835065,-0.0083046606224816,-0.0037996215782284,0.0001400111851348,0.0132177477626637,0.0084446718076165,2.810810810810811,3.0735735735735736,-0.0049030339882224,0.0090484877784228,0.0060270343418984,0.0076739741097314,0.9707647813843868,0.8570863264868622,True,계산 완료,1.0701852,1.0724185,0.0031487999999999516,47.0,3.0410142238829537e-06,1.0727293355473093,-1.2637142857150549e-05,10.043887666666608,0.015550403,-0.00014502799999999844,33.89526904792961,36.95614928561784,-5.929261444346733,0.001862659378438991,-0.0037193827298657167,0.001650546613018115,0.0015141794870639868,-5.563900220307058,0.0027550430990079255,-0.005274958370574789,0.002910853382719059,0.0025387094357345406,-4.849991499219931,0.007630005788615571,-0.01053713055317862,0.006778625455924228,0.0058428687584341985,-4.861528435465708,0.005902784205660705,-0.011402007629146227,0.006806304540583308,0.005766946154678982,-4.669753439582353,0.007655929506820536,-0.014188664284646824,0.00887030665909627,0.007441798116591231,-4.565357831532271,0.008752466482319058,-0.013947900643501376,0.008227984205107109,0.0070385319069688245,-4.427772584673881,0.005300711269222416,-0.008988456184927163,0.006917286061505578,0.006252006427442016,-4.300219372726653,0.007174255000431197,-0.011402976836161538,0.008511648125531516,0.0074011487087771825,-4.316313499254323,0.008444671807616594,-0.01297639899175873,0.009048487778422867,0.007673974109731473,additional_test
Batch 3,44,Batch3_044,940.0,True,"중간수명(500~1,000)",5.3C(54%)-4C-newstructure,True,2단계 정전류,5.3,54.0,4.0,True,False,99.0,1.07331738989899,0.0006899914907039,1.0735258,1.06972,1.0739049,0.0032083999999998,4.689736549177065e-06,99.0,1.0730522959595958,0.0007371496812971,1.0732759,1.069182,1.0736365,0.0034878999999998,5.511572047010383e-06,99.0,0.0155725037777777,3.794241723001091e-05,0.01557065,0.01551657,0.015722955,-0.000105745,-3.460204081615033e-08,99.0,33.35164903826186,0.135382143313712,33.33060419549598,33.043061784916794,33.7350708671305,0.1221563976490074,0.0031283621403493,99.0,36.336163666791506,0.2435313629855299,36.371323,35.899349,36.881859,0.5814049999999966,0.0077179091471428,99.0,30.638344666380572,0.1439257730690715,30.643085463215993,30.183569,31.011507,-0.1808857147433258,0.0012762655157055,99.0,10.043212407407369,0.0017960066913183,10.043413333332865,10.02636666666658,10.04454333333318,-0.0163166666667784,-7.0657390235987445e-06,5.697819000410933,1.0002470773201089,1000.0,-0.0259851318875047,-5.684970389612063e-05,-0.0112310610964919,0.008599426614903,7.395013810510257e-05,-4.131061004729677,-0.0254822393024047,-0.0189977808849632,-0.0101224153319757,-0.0037386338773708,-6.435873402341271e-05,0.0152591470075924,2.894894894894895,3.46996996996997,-0.0168610266460905,0.0168610266460905,0.0112310610964919,0.0141425924540068,-0.2449839950997689,-1.238586153658911,True,계산 완료,1.06972,1.0729284,0.004184900000000047,36.0,4.689736549177065e-06,1.073078213334982,-1.4028571428746559e-06,10.043435666666628,0.01551657,-0.00010574500000000084,33.35164903826186,36.336163666791506,-5.476889688897142,0.0005427230648888254,-7.823534586140664e-05,0.0015784253774109355,0.002104159685044867,-5.526280353223839,0.0010798787218238293,-0.0024165368948984023,0.0014784279962074382,0.001724454081801343,-5.235705273597771,0.0038235221726808655,-0.0067493855483390375,0.0033225546580191658,0.0031564042189728787,-5.025154115504055,0.00404345342177683,-0.00783103607197888,0.004135547681367236,0.0037032661852761505,-4.802846285382955,0.006632226160009885,-0.011478340971091128,0.0062606341426324486,0.005505648569468047,-4.469310598800886,0.009902364511489958,-0.01736853599732957,0.010483980861886942,0.009092296639399415,-4.423645334522982,0.01041366334735011,-0.018472665162539648,0.011032960050093932,0.009536294886991334,-4.277790779686083,0.012411133223334064,-0.02201574112558813,0.01352847990087024,0.011567889947770351,-4.131061004729677,0.015259147007592441,-0.02598513188750473,0.016861026646090575,0.014142592454006857,additional_test
Batch 3,45,Batch3_045,1801.0,True,"장수명(>1,000)",4.8C(80%)-4.8C-newstructure,True,2단계 정전류,4.8,80.0,4.8,True,False,99.0,1.0714658575757574,0.0004595824842337,1.0714893,1.0695485,1.0721447,0.0015765999999999,-1.258453926921298e-07,99.0,1.0713107808080806,0.0005138032710703,1.0714282,1.0691922,1.0719951,0.0017381999999999,-6.776388373401716e-07,99.0,0.0156186924747474,3.5108293446729945e-05,0.015619206,0.015557319,0.015742011,-7.953999999999947e-05,-1.1651281385265913e-07,99.0,32.72596355233115,0.1254609439316227,32.71034965693371,32.522653078288265,33.0481678928074,0.1414015973721021,0.0027032666629774,99.0,34.6817726725469,0.1634987594089891,34.68392877340343,34.26325514018598,35.085537,0.371825276957928,0.0045111820231591,99.0,30.852621310491138,0.13182585618487,30.835682,30.620083,31.233777368442517,-0.1082558935851416,0.0018064553334348,99.0,11.038587558922575,0.0036074258439335,11.03800666666648,11.035215000000123,11.056529999999718,-0.00171166666696,1.0742259328114174e-05,3.829151362055768,1.000144843063734,1000.0,-0.0164779607403006,-5.285843256575478e-05,-0.0071317524619861,0.0054927755839439,3.017058361557091e-05,-4.520416274417103,-0.01626563423378,-0.0119934925346895,-0.0059178306010457,-0.0029618207038996,-0.0001120795152868,0.0090316718307899,2.978978978978979,3.5,-0.0107062871423722,0.0107062871423722,0.0071317524619861,0.0090001281219214,-0.3286362058286305,-1.177011420035427,True,계산 완료,1.0695485,1.0711251,0.0025961999999999374,50.0,-1.258453926921298e-07,1.071472275690785,5.491428571474775e-06,11.037649999999994,0.015557319,-7.953999999999947e-05,32.72596355233115,34.6817726725469,-5.951490929671073,0.00041652250935564523,-0.00019631944010551177,0.0008957990362405,0.0011800369671907422,-5.794299029978131,0.0005836360092096038,-0.0012569146012736399,0.0010240168658104485,0.0013018362546456073,-5.582925397556431,0.002110874394172311,-0.0037518418225587213,0.0019162148008053546,0.0018499954629457244,-5.227625284527765,0.0018123195340425551,-0.003964125692237475,0.002302878732590951,0.002473401959606954,-5.1239752313426425,0.0034320411926596645,-0.006415869543805908,0.003653086310848563,0.003251340193096463,-4.927991846924313,0.005732471875716683,-0.009945956323446303,0.005865644218802323,0.005189556820219957,-4.8325513173999255,0.005914907179860457,-0.010937519493795178,0.0064915901374421724,0.0056108731724000445,-4.697664832538699,0.007157324418469391,-0.013242380338379545,0.008227542484240881,0.007028921702064676,-4.520416274417103,0.009031671830789928,-0.016477960740300612,0.010706287142372203,0.009000128121921417,additional_test
